:020000040000fa
:10000000f8ff0320ed200400b901050071f304009e
:1000100085f3040099f30400adf304000000000030
:10002000000000000000000000000000b501050015
:10003000bd01050000000000b5010500b501050087
:10004000b5010500b5010500b5010500b5010500c4
:10005000b5010500b5010500b5010500b5010500b4
:10006000b5010500b5010500b5010500b5010500a4
:10007000b5010500b5010500b5010500b501050094
:10008000b5010500b5010500b5010500b501050084
:10009000b5010500b5010500b5010500b501050074
:1000a000b5010500b5010500b5010500b501050064
:1000b000b5010500b5010500b5010500ad07040057
:1000c00041080400b5010500b5010500b5010500b2
:1000d000b5010500b5010500b5010500b501050034
:1000e000b5010500b501050000000000000000009a
:1000f00000000000b5010500d1f80300d1f80300ad
:10010000d1f80300d1f80300dd010400dd01040093
:10011000dd010400dd010400b5010500b5010500a5
:10012000b5010500b5010500b5010500b5010500e3
:10013000b5010500b5010500b5010500b5010500d3
:10014000b5010500b5010500b5010500b5010500c3
:10015000b5010500b5010500b5010500b5010500b3
:10016000b5010500b5010500b5010500b5010500a3
:10017000b5010500b5010500b5010500b501050093
:10018000b5010500b5010500b5010500b501050083
:1001900071f90300b5010500b5010500b5010500c1
:1001a000b5010500b5010500b5010500b501050063
:1001b000b5010500b5010500b5010500b501050053
:1001c000b5010500b5010500b5010500b501050043
:1001d000b5010500b5010500b5010500b501050033
:1001e000b5010500b5010500b50105007502040063
:1001f000b5010500b5010500b5010500b501050013
:10020000b5010500b5010500b5010500b501050002
:10021000b5010500b5010500b5010500b5010500f2
:10022000b5010500b5010500b5010500b5010500e2
:10023000b5010500b5010500b5010500b5010500d2
:10024000b5010500b5010500b5010500b5010500c2
:10025000b5010500b5010500b5010500b5010500b2
:04026000b5010500df
:020000040000fa
:10026400f8b500bff8bc08bc9e46704795a50400cd
:10027400f8b500bff8bc08bc9e46704771a50400e1
:020000040000fa
:08028400a47302000100000058
:020000040000fa
:10028c00504859204173736572743a2025732c20a1
:10029c00696e206c696e653a2025642c200d0a006d
:1002ac0050485920436f6e643a2025732c20696e98
:1002bc00206c696e653a2025642c200d0a00000024
:1002cc004452565f504859206f7065726174696f63
:1002dc006e206572726f723a2025640d0a00000060
:1002ec004452562050485920696e697420666169e1
:1002fc006c65643a2025640d0a000000474d4143ab
:10030c0000000000436869702d5265766973696f4f
:10031c006e000000504c43412d456e61626c65646b
:10032c0000000000504c43412d53746174757300f0
:10033c00504c43412d4e6f6465496400504c434111
:10034c002d4e6f6465436f756e740000504c4341c5
:10035c002d4275727374436f756e7400504c43412b
:10036c002d427572737454696d6572005443362d49
:10037c004368756e6b53697a6500000054582d43c1
:10038c0075745468726f75676800000052582d437d
:10039c0075745468726f75676800000050726f6de9
:1003ac00697363756f75730053504920467265719c
:1003bc0075656e63790000005b736b6970706564c2
:1003cc0020256c755d0d0a00257300004c414e38dc
:1003dc003635785f25642000537461747573302e44
:1003ec005472616e736d69742050726f746f636fa9
:1003fc006c204572726f720d0a00000053746174a8
:10040c007573302e5472616e736d6974204275660b
:10041c00666572204f766572666c6f7720457272d6
:10042c006f720d0a00000000537461747573302ee6
:10043c005472616e736d69742042756666657220c4
:10044c00556e646572666c6f77204572726f720db3
:10045c000a000000537461747573302e5265636525
:10046c0069766520427566666572204f76657266a0
:10047c006c6f77204572726f720d0a005374617441
:10048c007573302e4c6f7373206f66204672616dde
:10049c00696e67204572726f720d0a005374617435
:1004ac007573302e486561646572204572726f7287
:1004bc000d0a0000537461747573302e52657365a8
:1004cc007420436f6d706c6574650d0a000000003c
:1004dc00537461747573302e50485920496e74658d
:1004ec0072727570740d0a00537461747573302eca
:1004fc005472616e736d69742054696d65737461a7
:10050c006d70204361707475726520417661696c01
:10051c0061626c6520410d0a000000005374617427
:10052c007573302e5472616e736d69742054696ddd
:10053c00657374616d7020436170747572652041d0
:10054c007661696c61626c6520420d0a00000000e6
:10055c00537461747573302e5472616e736d69745b
:10056c002054696d657374616d702043617074758e
:10057c00726520417661696c61626c6520430d0a7d
:10058c0000000000537461747573302e5472616ee8
:10059c00736d6974204672616d6520436865636b89
:1005ac002053657175656e6365204572726f720daf
:1005bc000a000000537461747573302e436f6e74af
:1005cc00726f6c20446174612050726f7465637437
:1005dc00696f6e204572726f720d0a0053746174ec
:1005ec007573302e556e6b6e6f776e204269743d4d
:1005fc002564207265672d76616c3d307825640d1d
:10060c000a000000436f6e66696730207265676987
:10061c00737465722072656164206661696c6564cf
:10062c000d0a0000537461747573312e52585f4e6d
:10063c006f6e5f5265636f76657261626c655f4564
:10064c0072726f720d0a0000537461747573312edf
:10065c0054585f4e6f6e5f5265636f766572616260
:10066c006c655f4572726f720d0a00005374617491
:10067c007573312e46534d5f53746174655f4572cb
:10068c00726f720d0a000000537461747573312e11
:10069c005352414d5f4543435f4572726f720d0a71
:1006ac0000000000537461747573312e556e6465cf
:1006bc0072766f6c746167650d0a00005374617417
:1006cc007573312e496e7465726e616c5f42757311
:1006dc005f4572726f720d0a0000000053746174f2
:1006ec007573312e54585f54696d657374616d70f8
:1006fc005f436170747572655f4f766572666c6f7f
:10070c00775f410d0a000000537461747573312ecc
:10071c0054585f54696d657374616d705f4361709b
:10072c00747572655f4f766572666c6f775f420d9c
:10073c000a000000537461747573312e54585f5461
:10074c00696d657374616d705f436170747572650a
:10075c005f4f766572666c6f775f430d0a00000021
:10076c00537461747573312e54585f54696d65738d
:10077c0074616d705f436170747572655f4d697300
:10078c007365645f410d0a00537461747573312e87
:10079c0054585f54696d657374616d705f4361701b
:1007ac00747572655f4d69737365645f420d0a0001
:1007bc00537461747573312e54585f54696d65733d
:1007cc0074616d705f436170747572655f4d6973b0
:1007dc007365645f430d0a00537461747573312e35
:1007ec004d434c4b5f47454e5f5374617475730dad
:1007fc000a000000537461747573312e67505450a5
:10080c005f50415f54535f45475f53746174757318
:10081c000d0a0000537461747573312e457874653c
:10082c006e6465645f426c6f636b5f537461747567
:10083c00730d0a00537461747573312e556e6b6ea3
:10084c006f776e4572726f720d0a00005365747487
:10085c00696e67206661696c65642c2061646472e2
:10086c003d307825580d0a00457874426c6f636be7
:10087c002e5350495f4572725f496e740d0a000029
:10088c00457874426c6f636b2e4d41435f424d470c
:10089c00525f496e740d0a00457874426c6f636b3d
:1008ac002e4d41435f496e740d0a00004578744229
:1008bc006c6f636b2e484d585f496e740d0a0000c7
:1008cc00457874426c6f636b2e47494e545f4d6193
:1008dc00736b0d0a00000000457874426c6f636bfb
:1008ec002e556e6b6e6f776e4572726f720d0a00bd
:1008fc0046696e616c2073657474696e67206661fd
:10090c00696c65640d0a0000496e76616c6964203f
:10091c004d41435048592c206f75693d307825580e
:10092c002c206d6f64656c3d307825580d0a0000e5
:10093c00496e76616c6964204368697020526576f3
:10094c006973696f6e0d0a00636869705f65727216
:10095c006f722120506c6561736520636f6e7461da
:10096c006374206d6963726f63686970207375704e
:10097c00706f727420666f72207265706c61636543
:10098c006d656e742e0d0a005443364572726f728b
:10099c005f5375636365656465640d0a0000000050
:1009ac005443364572726f725f4e6f486172647752
:1009bc006172650d0a0000005443364572726f7205
:1009cc005f556e657870656374656453760d0a00c7
:1009dc005443364572726f725f556e6578706563fd
:1009ec00746564447645760d0a0000005443364520
:1009fc0072726f725f426164436865636b73756d8d
:100a0c000d0a00005443364572726f725f556e6565
:100a1c00787065637465644374726c0d0a00000031
:100a2c005443364572726f725f426164547844610c
:100a3c0074610d0a000000005443364572726f72e7
:100a4c005f53796e634c6f73740d0a0054433645d3
:100a5c0072726f725f5370694572726f720d0a0019
:100a6c005443365f4572726f7220756e6b6e6f7782
:100a7c006e5f666c61673d25640d0a004c414e3813
:100a8c003635583000000000644d49494d20417303
:100a9c00736572743a2025732c20696e206c696e14
:100aac00653a2025642c200d0a000000496e766101
:100abc006c69642064726976657220696e73746106
:100acc006e636500496e7374616e636520616c7250
:100adc006561647920696e2075736500496e766175
:100aec006c69642044726976657220496e73746116
:100afc006e63650057617320746865206472697653
:100b0c00657220696e697469616c697a65643f000d
:100b1c00496e76616c69642044726976657220480e
:100b2c00616e646c650000004661696c65642074dc
:100b3c006f2067657420636c69656e74206d7574c5
:100b4c006578206c6f636b004661696c656420741a
:100b5c006f20676574207265736f75726365206ca6
:100b6c006f636b00496e73756666696369656e7455
:100b7c00205175657565204465707468000000002f
:100b8c00454d763100000000544350204e554c4cde
:100b9c002064796e616d696320616c6c6f63617444
:100bac00696f6e2068616e646c652f696e69742064
:100bbc006461746100000000205443502044796e3d
:100bcc00616d696320616c6c6f636174696f6e2019
:100bdc006661696c656400006664622066756c6ca5
:100bec000000000025732c20616464726573733af5
:100bfc002025730d0a0000006661696c20616c6c25
:100c0c006f63000025732c207061636b6574733afd
:100c1c0020256c750d0a000025732c206465736308
:100c2c00726970746f72733a20256c750d0a00002e
:100c3c006661696c204d54550000000025732c2012
:100c4c0073697a653a20256c750d0a006661696cca
:100c5c002053697a65000000706b7420706f6f6ca4
:100c6c0020656d70747900006463707420706f6f10
:100c7c006c20656d707479006661696c206c6f63b3
:100c8c006b000000656e74727920616464656400a9
:100c9c00656e747279206578706972656400000005
:100cac00756e6b6e6f776e210d0a0000427269646f
:100cbc006765206576656e743a2025732c20746ff9
:100ccc0074616c206576656e74733a2025640d0a28
:100cdc0000000000737461746963000064796e61d4
:100cec006d69630065787400696e76616c69640087
:100cfc0073746174757300007374617475733a2046
:100d0c0025640d0a00000000737461747300000008
:100d1c00636c72006661696c656420746f20676532
:100d2c0074207374617473210d0a00007374617400
:100d3c00732072657475726e65643a2025640d0ab1
:100d4c000000000009206661696c506b74416c6c8a
:100d5c006f633a2025642c206661696c446370745f
:100d6c00416c6c6f633a2025642c206661696c4c75
:100d7c006f636b733a2025642c2066646246756c35
:100d8c006c3a2025640d0a0009206661696c4d617e
:100d9c00633a2025642c206661696c4d74753a2089
:100dac0025642c206661696c53697a653a20256448
:100dbc000d0a00000920616c6c6f635061636b65f8
:100dcc0074733a2025642c206672656564506163e7
:100ddc006b6574733a2025642c2061636b506163de
:100dec006b6574733a2025642c2064656c617950b2
:100dfc0061636b6574733a2025640d0a0000000072
:100e0c000920706b74506f6f6c53697a653a2025aa
:100e1c00642c20706b74506f6f6c4c6f7753697ac5
:100e2c00653a2025642c20706b74506f6f6c456d87
:100e3c007074793a2025640d0a000000092064635f
:100e4c007074506f6f6c53697a653a2025642c204e
:100e5c0064637074506f6f6c4c6f7753697a653a3a
:100e6c002025642c2064637074506f6f6c456d701a
:100e7c0074793a2025640d0a000000000920706f77
:100e8c0072742025642073746174733a0d0a000027
:100e9c00090920706b7473207265636569766564eb
:100eac003a2025642c2064657374206d652d756360
:100ebc006173743a2025642c2064657374206e6f02
:100ecc00746d652d75636173743a2025642c2064f0
:100edc00657374206d636173743a2025640d0a0088
:100eec00090920706b747320726573657276656482
:100efc003a2025642c206677642075636173743afc
:100f0c002025642c20667764206d636173743a200d
:100f1c0025642c20667764206469726563743a20ba
:100f2c0025640d0a000000007265676973746572b0
:100f3c0000000000726567697374657220726573d6
:100f4c00756c743a203078253038780d0a00000022
:100f5c007265676973746572656420616c72656132
:100f6c0064793a203078253038780d0a000000007a
:100f7c0064657265676973746572000064652d72cf
:100f8c006567697374657220726573756c743a2049
:100f9c0025640d0a000000006e6f7420726567698d
:100fac00737465726564210d0a000000666462004a
:100fbc0073686f770000000046444220656e7472bf
:100fcc006965733a2025640d0a0000000d0a094575
:100fdc006e747279206e756d6265723a2025640d9f
:100fec000a00000009456e747279206465737441bf
:100ffc0064643a2025730d0a000000006e6f6e6564
:10100c00000000002c202573000000002c20706fc5
:10101c00727420257300000009456e747279206685
:10102c006c6167733a203078253032783a2025731a
:10103c000d0a000009456e747279206c6561726e40
:10104c0020706f72743a2025640d0a0009456e7485
:10105c007279206f7574506f72744d61705b25647a
:10106c005d3a20002573200009456e747279207456
:10107c004578706972653a203078253038780d0ad9
:10108c000000000009456e74727920667764506127
:10109c00636b6574733a20256c750d0a00000000b3
:1010ac0075736167653a2062726964676520737451
:1010bc00617475730d0a000075736167653a20627f
:1010cc007269646765207374617473203c636c721d
:1010dc003e0d0a0075736167653a20627269646738
:1010ec0065207265676973746572203c706172610a
:1010fc006d3e0d0a0000000075736167653a206251
:10110c007269646765206664622073686f770d0a84
:10111c000000000073756363657373007463702063
:10112c00747261636520257320666f7220736f6320
:10113c006b65743a2025642025730d0a00000000ad
:10114c0075736167653a20746370747261636520ae
:10115c006f6e2f6f6666206e0d0a00005443502090
:10116c00736f636b6574733a202564200d0a00005d
:10117c0009736b7449783a2025642c20616464549b
:10118c007970653a2025642c2072656d6f746550fa
:10119c006f72743a2025642c206c6f63616c506ff5
:1011ac0072743a2025642c20666c6167733a203087
:1011bc0078253032780d0a0009727853697a653acd
:1011cc002025642c20747853697a653a2025642c88
:1011dc002073746174653a2025642c2072785065f4
:1011ec006e643a2025642c20747850656e643a2025
:1011fc0025640d0a0000000075736167653a207460
:10120c00637020696e666f203c6e3e0d0a00000014
:10121c0055736167653a206d6163696e666f200d69
:10122c000a00000045783a206d6163696e666f2094
:10123c000d0a0000496e746572666163653a20257b
:10124c007320447269766572205374617469737487
:10125c006963730d0a0000000d0a2052656365690d
:10126c00766520537461746973746963730d0a0035
:10127c0009206e52784f6b5061636b6574733a2022
:10128c0025640d0a09206e527850656e64427566ad
:10129c00666572733a2025640d0a09206e527853e4
:1012ac0063686564427566666572733a2025640de1
:1012bc000a00000009206e52784572726f725061fc
:1012cc00636b6574733a2025640d0a09206e52789d
:1012dc00467261676d656e744572726f72733a20f7
:1012ec0025640d0a09206e5278427566664e6f743d
:1012fc00417661696c61626c653a2025640d0a0067
:10130c000d0a205472616e736d697420537461748c
:10131c006973746963730d0a0000000009206e5430
:10132c00784f6b5061636b6574733a2025640d0aba
:10133c0009206e547850656e6442756666657273ea
:10134c003a2025640d0a09206e54784572726f722a
:10135c005061636b6574733a2025640d0a09206e25
:10136c005478517565756546756c6c3a2025640d1d
:10137c000a0d0a00096e6f7420737570706f7274a9
:10138c0065640d0a00000000496e74657266616345
:10139c00653a20257320486172647761726520522a
:1013ac0065676973746572205374617475730d0a83
:1013bc0000000000092025733a20307825780d0aaa
:1013cc000000000050696e673a20646f6e652e2035
:1013dc0053656e7420256420726571756573747322
:1013ec002c207265636569766564202564207265be
:1013fc00706c6965732e0d0a0000000050696e67f1
:10140c002055736167653a2070696e67203c737470
:10141c006f703e2f3c6e616d652f616464726573f5
:10142c00733e203c6920696e746572666163653e2b
:10143c00203c6e206e50696e67733e203c74206dac
:10144c0073506572696f643e203c732073697a65d2
:10145c003e0d0a0073746f700000000050696e67d7
:10146c003a20636f6d6d616e6420696e2070726fcf
:10147c0067726573732e205265747279206c617477
:10148c0065722e0d0a00000050696e673a20486f95
:10149c007374206e616d6520746f6f206c6f6e6756
:1014ac002e2052657472792e0d0a000050696e67f9
:1014bc003a20446174612073697a6520746f6f20df
:1014cc006269672e204d61783a2025642e20526582
:1014dc007472790d0a00000050696e673a20556edf
:1014ec006b6e6f776e20706172616d657465720dd5
:1014fc000a00000050696e673a207265736f6c7653
:10150c00696e6720686f73743a2025730d0a0000aa
:10151c00556e6b6e6f776e20686561702074797094
:10152c00652e205573653a205b312c2025645d0daa
:10153c000a0000004e6f206865617020696e666f4e
:10154c002065786973747320666f72207479706586
:10155c003a202573210d0a0048656170207479705a
:10156c00653a2025732e20496e697469616c20637d
:10157c0072656174656420686561702073697a6551
:10158c003a2025642042797465730d0a000000002e
:10159c00416c6c6f6361626c6520626c6f636b2075
:1015ac00686561702073697a653a202564204279f8
:1015bc007465730d0a000000416c6c2061766169e2
:1015cc006c61626c6520686561702073697a653a3c
:1015dc002025642042797465732c20686967682023
:1015ec0077617465726d61726b3a2025640d0a0027
:1015fc004c6173742068656170206572726f723a09
:10160c0020307825780d0a004e6f20547261636586
:10161c0020696e666f206578697374732e0d0a00ed
:10162c00537461636b207570206661696c65640d21
:10163c000a000000537461636b207570207375632e
:10164c006365656465640d0a00000000557361678d
:10165c00653a20737461636b203c75702f646f77ef
:10166c006e3e203c70726573657276653e0d0a00a5
:10167c0045783a20737461636b20646f776e2070c9
:10168c00726573657276650d0a00000053746163b0
:10169c006b20616c7265616479207570210d0a0094
:1016ac005475726e20537461636b20646f776e2077
:1016bc00616e64207468656e207570210d0a0000df
:1016cc0052657374617274696e67207468652073f7
:1016dc007461636b207769746820256420696e746b
:1016ec006572666163652873290d0a005374616322
:1016fc006b20646f776e3a2063616e6e6f74206737
:10170c006574206120737461636b2068616e646c16
:10171c00650d0a00537461636b20646f776e2064ef
:10172c006f6e650d0a00000055736167653a20699c
:10173c0066203c696e746572666163653e203c642c
:10174c006f776e2f75703e200d0a000045783a2099
:10175c006966205049433332494e5420646f776e8a
:10176c00200d0a00556e6b6e6f776e20696e746576
:10177c007266616365207370656369666965642070
:10178c000d0a00005468697320696e746572666195
:10179c00636520616c72656164792075700d0a0057
:1017ac004f7065726174696f6e206661696c6564f7
:1017bc002e204e6f20636f6e666967757261746957
:1017cc006f6e0d0a000000005468697320696e7416
:1017dc0065726661636520616c7265616479206411
:1017ec006f776e0d0a00000057726f6e6720706184
:1017fc0072616d6574657220737065636966696585
:10180c0064200d0a000000004f7065726174696fee
:10181c006e207375636365737366756c210d0a00b6
:10182c004f7065726174696f6e206661696c656476
:10183c00210d0a0055736167653a207365746d61fb
:10184c0063203c696e746572666163653e203c780a
:10185c003a783a783a783a783a783e200d0a00008d
:10186c0045783a207365746d616320504943333277
:10187c00494e542061613a62623a63633a64643a55
:10188c0065653a6666200d0a000000006172677695
:10189c005b325d3a2025730d0a000000496e7661bb
:1018ac006c6964204d4143206164647265737320dc
:1018bc00737472696e67200d0a0000005365742002
:1018cc004d41432061646472657373206661696c79
:1018dc0065640d0a000000005365742042494f53a3
:1018ec00204e616d65204f4b0d0a0000536574202e
:1018fc0042494f53204e616d65206661696c656489
:10190c000d0a000055736167653a2073657462694e
:10191c006f73203c696e746572666163653e203c32
:10192c00782e782e782e783e200d0a0045783a20b5
:10193c0073657462696f73205049433332494e5456
:10194c00204d434850424f4152445f3239200d0ada
:10195c00000000005365742067617465776179201d
:10196c0061646472657373204f4b0d0a00000000b4
:10197c005365742067617465776179206164647262
:10198c00657373206661696c65640d0a0000000064
:10199c0055736167653a207365746777203c696e8f
:1019ac00746572666163653e203c697076342f36cf
:1019bc0020616464726573733e203c76616c69646b
:1019cc0054696d653e200d0a0000000045783a20f0
:1019dc007365746777205049433332494e54203134
:1019ec0039322e3136382e302e31200d0a000000bf
:1019fc00496e76616c69642049502061646472653b
:101a0c00737320737472696e67200d0a00000000f6
:101a1c005365742069702061646472657373204f20
:101a2c004b0d0a0053657420697020616464726503
:101a3c007373206661696c65640d0a005573616788
:101a4c00653a207365746970203c696e74657266c2
:101a5c006163653e203c697076342f362061646486
:101a6c00726573733e203c697076346d61736b2fb5
:101a7c006970763620707265666978206c656e3e8a
:101a8c000d0a000045783a2073657469702050493e
:101a9c00433332494e54203139322e3136382e30c0
:101aac002e38203235352e3235352e3235352e3016
:101abc00200d0a004e6f207375636820696e746583
:101acc0072666163652069732075700d0a000000f1
:101adc00416e2061646472657373207365727669fc
:101aec00636520697320616c72656164792072751d
:101afc006e6e696e672e2053746f7020444843508d
:101b0c002c205a434c4c2c206574632e2066697231
:101b1c0073740d0a00000000496e76616c696420d4
:101b2c004950206d61736b20737472696e67200d60
:101b3c000a00000055736167653a20736574646e22
:101b4c00733420696620616464203c312f323e0d71
:101b5c000a00000045783a20736574646e73342073
:101b6c0065746830203139322e3136382e312e31b1
:101b7c000d0a0000556e6b6e6f776e20696e746582
:101b8c007266616365207370656369666965640d6f
:101b9c000a000000496e76616c6964204950763405
:101bac00206164647265737320737472696e670d5f
:101bbc000a000000556e6b6e6f776e20444e5320fa
:101bcc00696e6465780d0a0053657420444e532089
:101bdc00256420616464726573732025730d0a009b
:101bec007375636365737366756c00006661696c0d
:101bfc00656421004e6f6e65000000007365740013
:101c0c006765740044656661756c7420696e7465f3
:101c1c007266616365207365742025730d0a00007c
:101c2c0044656661756c7420696e74657266616377
:101c3c00652069733a2025730d0a0000557361679e
:101c4c00653a206465666e6574207365742f6765ec
:101c5c0074203c696e746572666163653e0d0a00a2
:101c6c0045783a206465666e6574207365742065ea
:101c7c007468300d0a00000055500000444f574e58
:101c8c00000000004e6f7420526561647900000002
:101c9c00556e6b6e6f776e20696e746572666163dc
:101cac00650d0a002d2d2d2d2d2d2d2d2d2d204981
:101cbc006e74657266616365203c25732f25733ed7
:101ccc0028256429202d2d2d2d2d2d2d2d2d2d0d3f
:101cdc000a000000496e7465726661636520697361
:101cec0020646f776e0d0a00486f7374204e616d1f
:101cfc00653a202573202d204e424e532064697383
:101d0c0061626c6564200d0a000000004950763455
:101d1c0020416464726573733a2025730d0a0000c8
:101d2c004d61736b3a2025730d0a00004761746591
:101d3c007761793a2025730d0a000000444e533127
:101d4c003a2025730d0a0000444e53323a20257375
:101d5c000d0a00004d414320416464726573733a6f
:101d6c002025730d0a00000064656661756c742093
:101d7c004950206164647265737300002573206997
:101d8c0073204f4e0d0a00004c696e6b2069732056
:101d9c0025730d0a000000005374617475733a20aa
:101dac0025730d0a0000000050696e673a207772a7
:101dbc006f6e67207265706c7920726563656976e9
:101dcc0065642e204d61736b3a2030782532780d86
:101ddc000a00000050696e673a207265706c795b7e
:101dec0025645d2066726f6d2025733a2074696dd1
:101dfc0065203d2025646d730d0a000050696e67e7
:101e0c003a20444e53206661696c75726520666f8a
:101e1c00722025730d0a0000444e53204c6f6f6bdb
:101e2c0075703a20444e53206661696c757265205a
:101e3c00666f722025732c206572723a2025640d12
:101e4c000a000000444e53204c6f6f6b75703a20a3
:101e5c00726571756573742074696d656f75742e18
:101e6c000d0a00004c6f6f6b757020416e737765b7
:101e7c00723a0d0a2d2d2d2d2d2d2d2d2d2d2d2d77
:101e8c002d2d2d2d2d2d2d2d2d2d0d0a000000006d
:101e9c004e6f204c6f6f6b757020656e747279206d
:101eac00666f72205b25735d0d0a00005b25735d08
:101ebc002041204950763420416464726573733a32
:101ecc002025642e25642e25642e25640d0a000021
:101edc005b25735d204141414120495076362041bc
:101eec006464726573733a2025730d0a0000000058
:101efc00656e61626c650000656e61626c656400a4
:101f0c0064697361626c650064697361626c6564b9
:101f1c000000000055736167653a20646e7363209e
:101f2c003c64656c2f696e666f2f6f6e2f6f6666e3
:101f3c002f6c6f6f6b75703e200d0a0055736167c7
:101f4c00653a202573203c6f6e2f6f66663e203cf1
:101f5c00696e746572666163653e203c7374726968
:101f6c0063742f707265663e2f3c636c6561723ec4
:101f7c00200d0a0045783a202573206f6e20657479
:101f8c0068300d0a000000007374726963740000fd
:101f9c007072656600000000636c65617200000081
:101fac00556e6b6e6f776e206f7074696f6e0d0a65
:101fbc000000000025732025730d0a004661696c32
:101fcc00656420746f2025732025730d0a000000b2
:101fdc0055736167653a20646e7363206c6f6f6b29
:101fec007570203c747970653e203c686f73744e3c
:101ffc00616d653e200d0a0048656c703a203c68a6
:10200c006f73744e616d653e2855524c29202d20fe
:10201c006c6f6f6b20757020666f7220686f7374b5
:10202c006e616d650d0a000048656c703a203c7459
:10203c007970653e203a2061206f72204120666fd6
:10204c007220495076342061646472657373206c1d
:10205c006f6f6b75700d0a0048656c703a203c749c
:10206c007970653e203a2061616161206f72204178
:10207c0041414120666f722049507636206164647c
:10208c0072657373206c6f6f6b75700d0a000000b6
:10209c0048656c703a203c747970653e203a20613a
:1020ac006e7920666f7220626f74682049507634a6
:1020bc0020616e64204950763620616464726573c9
:1020cc0073206c6f6f6b75700d0a0000646e736318
:1020dc00206c6f6f6b75703a20636f6d6d616e6401
:1020ec0020696e2070726f67726573732e20526553
:1020fc00747279206c617465722e0d0a00000000f8
:10210c00414141410000000061616161000000003b
:10211c00414e5900616e7900646e7363206c6f6f71
:10212c006b75703a205b25735d204c6f6f6b75700f
:10213c002054797065206e6f7420737570706f7297
:10214c007465642e0d0a0000646e7363206c6f6fef
:10215c006b75703a20486f7374206e616d652074d6
:10216c006f6f206c6f6e672e2052657472792e0d16
:10217c000a000000646e7363206c6f6f6b75703aad
:10218c00207265736f6c76696e6720686f73743a32
:10219c0020257320666f7220747970653a20257340
:1021ac00200d0a0055736167653a20646e736320d5
:1021bc0064656c203c686f73744e616d653e7c6128
:1021cc006c6c200d0a00000048656c703a203c686d
:1021dc006f73744e616d653e2855524c29202d202d
:1021ec0052656d6f76652074686520656e747279c2
:1021fc0020696620657869737473200d0a000000ed
:10220c0048656c703a20616c6c202d2052656d6fa6
:10221c00766520616c6c20746865207265736f6cd8
:10222c0076656420656e747279200d0a00000000da
:10223c00616c6c005b25735d206e6f742070617235
:10224c0074206f662074686520444e53204361638c
:10225c00686520656e747279200d0a00496e636f93
:10226c006d706c65746520636f6d6d616e64200daf
:10227c000a00000055736167653a20646e73632031
:10228c00696e666f200d0a0048656c703a206469af
:10229c0073706c61792074686520444e53206361bf
:1022ac0063686520656e7472792064657461696c0d
:1022bc0073200d0a00000000444e5320436c6965e6
:1022cc006e7420697320646f776e210d0a00000014
:1022dc00444e5320436c69656e74204946202d2072
:1022ec005374726963743a2025732c20507265669e
:1022fc0065727265643a2025730d0a00444e5320b2
:10230c00436c69656e74202d2074696d653a2025c7
:10231c00642c2070656e64696e673a2025642c20ed
:10232c0063757272656e743a2025642c20746f7418
:10233c00616c3a2025640d0a00000000486f73742c
:10234c006e616d65203d202573200d0a54696d6505
:10235c006f7574203d202564200d0a004950763499
:10236c00203d25730d0a00002d2d2d2d2d2d2d2ded
:10237c002d2d2d2d2d2d2d2d2d2d2d2d2d2d2d2d81
:10238c002d2d2d2d2d2d2d2d2d2d2d2d2d2d2d2d71
:10239c002d2d2d2d2d2d2d2d2d2d2d2d0d0a0000fe
:1023ac0049507636203d2025730d0a004e6f20448f
:1023bc004e5320436c69656e7420436163686520dd
:1023cc00656e7472696573200d0a0000496e766142
:1023dc006c696420496e70757420436f6d6d616e0d
:1023ec0064203a5b202573205d200d0a000000005c
:1023fc0055736167653a202573203c696e7465726c
:10240c00666163653e203c6f6e2f6f66663e200de5
:10241c000a00000045783a20257320504943333296
:10242c00494e54206f6e200d0a000000556e6b6ee5
:10243c006f776e20736572766963652025730d0a5c
:10244c00000000003a20737461636b20636f6d6d44
:10245c00616e6473000000007463706970000000aa
:10246c004661696c656420746f2063726561746584
:10247c0020544350495020436f6d6d616e64730d51
:10248c000a000000544350495020636f6d6d616e1b
:10249c006473207461736b20726567697374726105
:1024ac0074696f6e206661696c65640d0a000000ca
:1024bc00696e7465726e616c00000000706f6f6cf9
:1024cc000000000065787465726e616c000000009d
:1024dc0064656c006c6f6f6b7570000064656600f2
:1024ec006677640066696c74000000006e65746940
:1024fc006e666f003a20476574206e6574776f7254
:10250c006b20696e666f726d6174696f6e0000008e
:10251c006465666e657400003a205365742f4765d8
:10252c00742064656661756c7420696e746572667e
:10253c00616365007a636c6c000000003a2054758e
:10254c00726e205a434c4c206f6e2f6f66660000e3
:10255c00736574646e7334003a2053657420444e72
:10256c0053204950763420616464726573730000a3
:10257c0073657469700000003a20536574204950eb
:10258c00206164647265737320616e64206d617385
:10259c006b00000073657467770000003a20536588
:1025ac007420476174657761792061646472657326
:1025bc007300000073657462696f73003a20536591
:1025cc007420686f73742773204e657442494f539f
:1025dc00206e616d650000007365746d61630000b1
:1025ec003a20536574204d414320616464726573d5
:1025fc0073000000696600003a204272696e672021
:10260c00616e20696e746572666163652075702fea
:10261c00646f776e00000000737461636b000000e0
:10262c003a20537461636b207475726e206f6e2f39
:10263c006f66660068656170696e666f0000000009
:10264c003a20436865636b20686561702073746120
:10265c007475730070696e67000000003a20506951
:10266c006e6720616e2049502061646472657373db
:10267c0000000000646e7363000000003a20444eba
:10268c005320636c69656e7420636f6d6d616e644d
:10269c00730000006d6163696e666f003a204368d9
:1026ac0065636b204d414320737461746973746965
:1026bc0063730000746370003a2054435020636fbe
:1026cc006d6d616e64730000746370747261636528
:1026dc00000000003a20456e61626c652054435046
:1026ec0020747261636500003a2042726964676508
:1026fc00000000002d7478006970657266733a20d2
:10270c0073697a652072616e6765206572726f728b
:10271c00210d0a002d7278002d2d696e64657800ec
:10272c006970657266733a20696e646578207261af
:10273c006e6765206572726f72210d0a00000000d1
:10274c0055736167653a20697065726673203c2d1c
:10275c0074782073697a653e203c2d7278207369f9
:10276c007a653e203c2d6920696e6465783e0d0ac1
:10277c00000000000d0a69706572663a20496e7699
:10278c00616c69642073657373696f6e206e756d0f
:10279c006265722e204d696e3a20302c204d617886
:1027ac003a2025640d0a00006970657266733a2040
:1027bc0030203c2073697a65203c20363535333621
:1027cc000d0a00006970657266733a204f4b2c201d
:1027dc00696e7374616e6365202564207478207350
:1027ec00697a652069732025640d0a006970657229
:1027fc0066733a204f4b2c20696e7374616e63655f
:10280c002025642072782073697a652069732025ed
:10281c00640d0a0069706572666b3a205573696eb7
:10282c006720696e64657820300d0a0069706572e6
:10283c00666b3a20696e6465782072616e676520fc
:10284c006572726f72210d0a00000000557361678a
:10285c00653a2069706572666b203c2d6920696e43
:10286c006465783e0d0a00000d0a69706572662079
:10287c0073657373696f6e3a206e6f742073746135
:10288c0072746564210d0a000d0a69706572663aee
:10289c0020747279696e6720746f2073746f702066
:1028ac00697065726620696e7374616e636520254c
:1028bc00642e2e2e0d0a000055736167653a20694f
:1028cc007065726669202d61206164647265737332
:1028dc00203c2d6920696e6465783e0d0a0000006d
:1028ec006970657266693a2075736520612076613e
:1028fc006c69642049502061646472657373210da6
:10290c000a0000006970657266693a20696e646538
:10291c00782072616e6765206572726f72210d0a84
:10292c00000000006970657266693a20556e6b6e26
:10293c006f776e20706172616d657465720d0a003f
:10294c000d0a6970657266693a2063616e6e6f7408
:10295c00206368616e67652074686520697020610a
:10296c00646472657373207768696c652073657332
:10297c0073696f6e3a2025642072756e6e696e678e
:10298c00210d0a006970657266693a204f4b2c2044
:10299c0073657420746865204950206164647265a5
:1029ac00737320746f20696e7374616e63653a2063
:1029bc0025640d0a00000000202020202d205b251e
:1029cc00326c752d2025326c75207365635d202566
:1029dc00336c752f2025336c75202825326c7525aa
:1029ec0025292020202025346c75204b6270730d16
:1029fc000a000000202020202d205b302e302d20be
:102a0c00256c752e256c75207365635d2025336ce4
:102a1c00752f2025336c75202825326c75252529ba
:102a2c002020202025346c75204b6270730d0a0019
:102a3c0069706572663a20696e7374616e636520a5
:102a4c00256420636f6d706c65746564202e2e2e6a
:102a5c00000000000d0a69706572663a20576172b9
:102a6c006e696e672c2054435020736572766572c4
:102a7c0020646973636f6e6e65637420646574653e
:102a8c00637465640d0a000069706572663a2046cd
:102a9c0061696c656420746f2067657420256420ff
:102aac00627974657320736f636b6574205458205e
:102abc0073706163650d0a0069706572663a205324
:102acc006f636b65742073656e64206661696c65f9
:102adc00640d0a00697065726620696e7374616eac
:102aec0063652025643a20547820646f6e652e202f
:102afc00536f636b657420636c6f7365642e0d0a82
:102b0c000000000069706572663a20696e7374612a
:102b1c006e636520256420636f6d706c65746564ed
:102b2c002e0d0a000d0a69706572663a20416c6cb4
:102b3c0020696e7374616e63657320627573792e90
:102b4c00205265747279206c61746572210d0a00d3
:102b5c002d2d736572766572000000002d2d756445
:102b6c00700000002d2d62616e64776964746800da
:102b7c000a476976656e20696e2042573a20256cab
:102b8c00752b256c753d256c750000002d2d786d11
:102b9c0069747261746500002d2d636c69656e74c7
:102bac00000000002d2d74696d6500002d2d6e75d3
:102bbc006d0000002d5300002d2d746f730000006c
:102bcc000a476976656e20544f532076616c7565a3
:102bdc002069732025642c206d547970654f6653e1
:102bec006572766963653a25640000002d4d00001e
:102bfc002d2d6d73730000002d6900002d2d696e55
:102c0c0074657276616c00002d7000002d2d706f54
:102c1c00727400002d6c00002d2d6c656e00000090
:102c2c0069706572663a20546865206d696e696dcd
:102c3c00756d20646174616772616d2073697a656a
:102c4c002069732025640d0a00000000697065720c
:102c5c00663a205573696e672074686520646566f2
:102c6c0061756c7420696e74657266616365210da3
:102c7c000a0000002d2d2d2d2d2d2d2d2d2d2d2d22
:102c8c002d2d2d2d2d2d2d2d2d2d2d2d2d2d2d2d68
:102c9c002d2d2d2d2d2d2d2d2d2d2d2d2d2d2d2d58
:102cac002d2d2d2d2d2d2d2d2d2d2d2d2d0d0a00b8
:102cbc0069706572663a20536572766572206c692c
:102ccc007374656e696e67206f6e200055445000fa
:102cdc005443500020706f72742025640d0a00005c
:102cec000d0a69706572663a205374617274696e6c
:102cfc00672073657373696f6e20696e7374616e90
:102d0c0063652025640d0a000d0a69706572663ac8
:102d1c0020696e7374616e63652025642073746121
:102d2c0072746564202e2e2e0d0a000020202020a7
:102d3c002d204c6f63616c202025752e25752e255a
:102d4c00752e257520706f727420257520636f6e3b
:102d5c006e656374656420776974680d0a00000001
:102d6c00202020202d2052656d6f74652025752e36
:102d7c0025752e25752e257520706f72742025757e
:102d8c000d0a0000202020202d20546172676574ec
:102d9c002072617465203d20256c64206270732c58
:102dac0020706572696f64203d20256c64206d7302
:102dbc000d0a0000202020202d2d2d2d2d2d2d2d08
:102dcc002d2d2d2d2d2d2d2d2d2d2d2d2d2d2d2d27
:102ddc002d2d2d2d2d2d2d2d2d2d2d2d2d2d2d2d17
:102dec002d0d0a0069706572663a20556e73757008
:102dfc00706f7274656420436f6e6669677572617b
:102e0c0074696f6e0d0a000069706572663a204332
:102e1c0072656174652054435020736f636b6574e5
:102e2c00206661696c65640d0a000000697065724a
:102e3c00663a20536574206f66205258206275667e
:102e4c006665722073697a65206661696c65640dcc
:102e5c000a00000069706572663a204372656174fd
:102e6c00652055445020736f636b657420666169ef
:102e7c006c65640d0a00000069706572663a20503a
:102e8c00726f746f636f6c206572726f720d0a00d3
:102e9c0069706572663a205544502047657420412c
:102eac0072726179204661696c65640d0a000000dc
:102ebc000d0a69706572663a20696e7374616e638f
:102ecc00652025642073657373696f6e207374615c
:102edc0072746564202e2e2e0d0a000069706572c6
:102eec00663a202d20466972737420706b742069c9
:102efc0064203d20256c64202873686f756c6420f9
:102f0c0062652030290d0a0069706572663a20529c
:102f1c00656376206475706c696361746564207098
:102f2c006b740d0a0000000069706572663a2052dd
:102f3c00782074696d6564206f75740d0a0000004b
:102f4c000d0a697065726620696e7374616e6365d3
:102f5c002025643a20527820646f6e652e20536fc2
:102f6c00636b657420636c6f7365642e0d0a0000cf
:102f7c00697065726620696e7374616e6365202575
:102f8c00643a20526561647920666f7220746865ba
:102f9c00206e6578742073657373696f6e2e0d0add
:102fac0000000000697065726620696e7374616e52
:102fbc0063652025643a20636f6d706c657465647d
:102fcc002e0d0a0069706572663a20636c69656e35
:102fdc00742073657373696f6e20636c6f736564b3
:102fec002e0d0a0069706572663a204152502075a8
:102ffc006e61626c6520746f207265736f6c7665a0
:10300c0020746865204d414320616464726573735c
:10301c00206f662072656d6f746520736964652e10
:10302c000d0a0000202020202d2052656d6f746544
:10303c004e6f6465204d41433a2025782025782039
:10304c0025782025782025782025780d0a00000089
:10305c0069706572663a20536574206f6620545807
:10306c00206275666665722073697a65206661698f
:10307c006c65640d0a00000069706572663a205335
:10308c006574206f662054582071756575696e677c
:10309c00206c696d6974206661696c65640d0a0049
:1030ac0069706572663a20436c69656e7420636f53
:1030bc006e6e656374696e6720746f2025752e259e
:1030cc00752e25752e25752c2055445020706f7249
:1030dc00742025750d0a000069706572663a2043ec
:1030ec006c69656e7420636f6e6e656374696e6770
:1030fc0020746f2025752e25752e25752e25752c83
:10310c002054435020706f72742025750d0a0000f6
:10311c0069706572663a2054435020436c69656e41
:10312c007420636f6e6e656374696f6e2074696d65
:10313c00656f75740d0a00003a206970657266201f
:10314c00636f6d6d616e6473000000006970657271
:10315c00660000003a20203c69706572663e207360
:10316c007461727420636d64000000006970657294
:10317c00666b00003a203c69706572666b3e206b92
:10318c00696c6c20636d640069706572666900001f
:10319c003a203c697065726669206164647265737b
:1031ac00733e2020696e7465726661636520636d81
:1031bc006400000069706572667300003a203c6917
:1031cc0070657266732074782f72782073697a65d3
:1031dc003e2074782f72782073697a6520636d6451
:1031ec000000000049507634204173736572743ac4
:1031fc002025732c20696e206c696e653a2025643d
:10320c002c200d0a000000004950763420496e69cc
:10321c00743a204661696c656420746f20696e692c
:10322c0074616c697a653a20256421200d0a0000ce
:10323c00495076343a204661696c656420746f207d
:10324c00726567697374657220415250206e6f7499
:10325c00696669636174696f6e21200d0a00000054
:10326c00495076343a2041525020656e747269652b
:10327c007320706f6f6c20656d707479210d0a006e
:10328c002e2e2f7372632f636f6e6669672f6465c2
:10329c006661756c742f6c6962726172792f7463dc
:1032ac007069702f7372632f646e732e630000004d
:1032bc002e2e2f7372632f636f6e6669672f646592
:1032cc006661756c742f6c6962726172792f7463ac
:1032dc007069702f7372632f74637069705f6865a7
:1032ec006c706572735f707269766174652e6800bc
:1032fc002e2e2f7372632f636f6e6669672f646552
:10330c006661756c742f6c6962726172792f74636b
:10331c007069702f7372632f74637069705f686566
:10332c006c706572732e630025642e25642e2564e3
:10333c002e256400252e32783a252e32783a252e09
:10334c0032783a252e32783a252e32783a252e329a
:10335c00780000006c6f7700544350495020537430
:10336c0061636b204173736572743a20696e2066d9
:10337c00696c653a2025732c2066756e633a20259e
:10338c00732c206c696e653a2025642c200d0a0084
:10339c005443502f495020537461636b3a2025736a
:1033ac00204d414320696e697469616c697a61745e
:1033bc00696f6e206661696c65640d0a000000001f
:1033cc005443502f495020537461636b3a2025733a
:1033dc00204d4143204f70656e206661696c6564b9
:1033ec000d0a00005443502f495020537461636bf5
:1033fc003a204d6f64756c65206e6f3a2025642001
:10340c00496e697469616c697a6174696f6e206662
:10341c0061696c65640d0a005443502f4950205368
:10342c007461636b3a202573204d414320657665aa
:10343c006e74206e6f74696669636174696f6e2057
:10344c0073657474696e67206661696c65640d0ad6
:10345c0000000000544350495020537461636b20aa
:10346c00436f6e643a20696e2066696c653a20255c
:10347c00732c2066756e633a2025732c206c696e54
:10348c00653a2025642c200d0a0000005443502f6f
:10349c00495020537461636b3a2048656170206316
:1034ac0072656174696f6e206661696c65642c204d
:1034bc00747970653a2025640d0a00005443502f2e
:1034cc00495020537461636b3a204e6574776f7268
:1034dc006b20636f6e66696775726174696f6e20bd
:1034ec00616c6c6f636174696f6e206661696c6589
:1034fc00643a20256c750d0a000000005443502fcf
:10350c00495020537461636b3a205061636b65744e
:10351c0020696e697469616c697a6174696f6e2077
:10352c006661696c65643a20307825780d0a000074
:10353c005443502f495020537461636b3a204465b7
:10354c006661756c7420466c617368204e65747787
:10355c006f726b20636f6e66696775726174696fe9
:10356c006e206c6f6164206661696c656420257add
:10357c00750d0a005443502f495020537461636bee
:10358c003a204e6574776f726b20636f6e66696755
:10359c0075726174696f6e20696e697469616c69aa
:1035ac007a6174696f6e206661696c65643a202576
:1035bc00640d0a005443502f495020537461636bbf
:1035cc003a204e6574776f726b20636f6e66696715
:1035dc0075726174696f6e3a20696e76616c69649c
:1035ec0020495020616464726573733a20307825e9
:1035fc0038780d0a000000002573257a750000004c
:10360c002573257a753a2564000000005443502f29
:10361c00495020537461636b3a20506f7765722068
:10362c004d6f646520696e697469616c697a617447
:10363c00696f6e206661696c3a2025640d0a000082
:10364c005443502f495020537461636b3a20447992
:10365c006e616d6963206d656d6f72792069732081
:10366c006c6f773a20256c750d0a00005443502f6f
:10367c00495020537461636b3a20496e69746961d7
:10368c006c697a6174696f6e206661696c6564201f
:10369c002564202d2041626f7274696e6721200da4
:1036ac000a0000005443502f495020537461636b3f
:1036bc003a20496e697469616c697a6174696f6edc
:1036cc002053746172746564200d0a005443502faa
:1036dc00495020537461636b3a204e6574776f7256
:1036ec006b20636f6e66696775726174696f6e20ab
:1036fc006c6f6164206661696c65643a2025640da9
:10370c000a0000005443502f495020537461636bde
:10371c003a205469636b20726567697374726174c3
:10372c00696f6e206661696c65643a2025640d0ac8
:10373c00000000005443502f495020537461636bb8
:10374c003a20496e697469616c697a6174696f6e4b
:10375c002053595320544d52206661696c65643a6c
:10376c00202564202d2041626f7274696e672120c0
:10377c000d0a00005443502f495020537461636b61
:10378c003a20496e697469616c697a6174696f6e0b
:10379c0020456e646564202d2073756363657373b7
:1037ac00200d0a005443502f495020537461636b11
:1037bc003a20496e7465726661636520496e69745e
:1037cc0069616c697a6174696f6e206661696c6598
:1037dc00643a2030782578202d2041626f7274690c
:1037ec006e6721200d0a00002e2e2f7372632f633b
:1037fc006f6e6669672f64656661756c742f6c6992
:10380c0062726172792f74637069702f7372632f97
:10381c0074637069705f6d616e616765722e6300b1
:10382c00756e6b0065746800776c616e000000004b
:10383c007070700067336164700000005061636bde
:10384c0065742041636b3a206f727068616e2070f2
:10385c0061636b657421200d0a00000055445020f3
:10386c004e554c4c2064796e616d696320616c6cb3
:10387c006f636174696f6e2068616e646c650000c3
:10388c005544502044796e616d696320616c6c6f96
:10389c00636174696f6e206661696c656400000019
:1038ac00427269646765204173736572743a2025ae
:1038bc00732c20696e206c696e653a2025642c206f
:1038cc000d0a0000546f6f206d756368206461747d
:1038dc00612e2041626f727465640d0a0000000055
:1038ec000d0a4163636573732064656e6965640dcd
:1038fc000a0d0a0050617373776f72643a20fffdf2
:10390c002d0000000d0a4c6f6767656420696e20fe
:10391c007375636365737366756c6c790d0a0d0a48
:10392c00000000000d0a2d2d2d2054656c6e657461
:10393c0020436f6e736f6c65202d2d2d0d0a5479fd
:10394c0070652068656c7020666f7220636f6d6d9a
:10395c00616e64730d0a3e004661696c6564207487
:10396c006f20636f6e6e65637420746f207468656e
:10397c0020636f6d6d616e642070726f636573731d
:10398c006f722e2041626f7274696e67210d0a008e
:10399c002e2e2f7372632f636f6e6669672f6465ab
:1039ac006661756c742f6c6962726172792f7463c5
:1039bc007069702f7372632f74656c6e65742e63ef
:1039cc000000000074656c6e6574204e554c4c20e4
:1039dc0064796e616d696320616c6c6f636174698d
:1039ec006f6e2068616e646c652f696e69742064fb
:1039fc00617461002074656c6e65742044796e612d
:103a0c006d696320616c6c6f636174696f6e2066a5
:103a1c0061696c65640000002074656c6e65743ab5
:103a2c002053657474696e6720545820427566661d
:103a3c006572206661696c65643a2025640d0a0024
:103a4c002074656c6e65743a2053657474696e6786
:103a5c0020525820427566666572206661696c65f5
:103a6c00643a2025640d0a000d0a2d2d2d2d2d2dc7
:103a7c002d20537570706f7274656420636f6d6d5b
:103a8c00616e642067726f757073202d2d2d2d2d36
:103a9c002d0000000d0a202a2a2a2000202a2a2a7a
:103aac00000000000d0a2d2d2d2d2d2d2d2d2d2d31
:103abc00204275696c7420696e20636f6d6d616e48
:103acc006473202d2d2d2d2d2d2d2d2d2d00000031
:103adc000d0a556e6b6e6f776e20636f6d6d616e38
:103aec00642067726f75702e205472792068656c33
:103afc00700d0a0008200800080000001b5b2564fc
:103b0c00430000001b5b2564440000000d0a202ac2
:103b1c002a2a205175697474696e6720746865204f
:103b2c00436f6d6d616e642050726f636573736f5c
:103b3c00722e20427965202a2a2a0d0a00000000e4
:103b4c000d0a202a2a2a2053797374656d20526538
:103b5c00626f6f74202a2a2a0d0a000020092c009b
:103b6c004661696c656420746f206372656174656d
:103b7c002074686520436f6e736f6c6520415049eb
:103b8c000d0a0000202a2a2a20436f6d6d616e6495
:103b9c002050726f636573736f723a20506c65615d
:103bac007365207479706520696e206120636f6d78
:103bbc006d616e642a2a2a0d0a000000202a2a2a26
:103bcc0020436f6d6d616e642050726f636573730b
:103bdc006f723a20756e6b6e6f776e20636f6d6dc2
:103bec00616e642e202a2a2a0d0a00000a0d205428
:103bfc006f6f206d616e7920617267756d656e7483
:103c0c00732e204d6178696d756d2061726773201c
:103c1c00737570706f727465643a202564210d0a97
:103c2c00000000003e000000081b5b4b25731b5b73
:103c3c0025644400081b5b4b000000001b5b4b25fc
:103c4c00731b5b2564440000202a2a2a20436f6dd5
:103c5c006d616e642050726f636573736f72206256
:103c6c0075666665722065786365656465642e208b
:103c7c0052657472792e202a2a2a0d0a000000003f
:103c8c0072657365740000003a2052657365742088
:103c9c00686f737400000000710000003a207175a9
:103cac00697420636f6d6d616e642070726f6365f3
:103cbc0073736f720000000068656c700000000088
:103ccc003a2068656c7000001b5b41001b5b420076
:103cdc001b5b43001b5b44001b5b317e0000000040
:103cec001b5b347e000000004c414e3836357800aa
:103cfc004d4348505f4c414e38363578000000003b
:103d0c003139322e3136382e302e31310000000050
:103d1c003235352e3235352e3235352e3000000009
:103d2c003139322e3136382e302e3100302e302ea5
:103d3c00302e30004d434850424f4152445f4300b7
:103d4c003139322e3136382e302e3132000000000f
:103d5c003139322e3136382e302e2e310000000003
:103d6c002f656d61696c416464726573733d00000d
:103d7c002f5549443d0000002f6661766f757269be
:103d8c0074654472696e6b3d000000002f44433d26
:103d9c00000000002f434e3d000000002f433d006b
:103dac002f4c3d002f53543d000000002f4f3d0081
:103dbc002f4f553d000000002f73657269616c4eea
:103dcc00756d6265723d00002f534e3d0000000082
:103ddc002d2d2d2d2d424547494e204345525449fa
:103dec004649434154452d2d2d2d2d002d2d2d2d86
:103dfc002d454e4420434552544946494341544570
:103e0c002d2d2d2d2d0000002d2d2d2d2d42454716
:103e1c00494e20583530392043524c2d2d2d2d2d07
:103e2c00000000002d2d2d2d2d454e4420583530f1
:103e3c00392043524c2d2d2d2d2d00002d2d2d2da7
:103e4c002d424547494e2045432050524956415436
:103e5c0045204b45592d2d2d2d2d00002d2d2d2d73
:103e6c002d454e442045432050524956415445203f
:103e7c004b45592d2d2d2d2d000000002d2d2d2db8
:103e8c002d424547494e20525341205052495641ec
:103e9c005445204b45592d2d2d2d2d002d2d2d2ddf
:103eac002d454e44205253412050524956415445c1
:103ebc00204b45592d2d2d2d2d0000002d2d2d2d58
:103ecc002d424547494e205055424c4943204b45c5
:103edc00592d2d2d2d2d00002d2d2d2d2d454e44e4
:103eec00205055424c4943204b45592d2d2d2d2dfd
:103efc00000000002d2d2d2d2d424547494e205000
:103f0c00524956415445204b45592d2d2d2d2d00f0
:103f1c002d2d2d2d2d454e442050524956415445a2
:103f2c00204b45592d2d2d2d2d0000002d2d2d2de7
:103f3c002d424547494e20454e4352595054454415
:103f4c002050524956415445204b45592d2d2d2d6d
:103f5c002d0000002d2d2d2d2d454e4420454e437a
:103f6c005259505445442050524956415445204bc7
:103f7c0045592d2d2d2d2d002d2d2d2d2d42454707
:103f8c00494e204453412050524956415445204bf0
:103f9c0045592d2d2d2d2d002d2d2d2d2d454e44de
:103fac00204453412050524956415445204b4559c9
:103fbc002d2d2d2d2d0000002d2d2d2d2d42454765
:103fcc00494e20525341205055424c4943204b45b9
:103fdc00592d2d2d2d2d00002d2d2d2d2d454e44e3
:103fec0020525341205055424c4943204b45592daa
:103ffc002d2d2d2d000000000102040053454350cf
:10400c003232345231000000464646464646464659
:10401c004646464646464646464646464646464634
:10402c0046464646464646463030303030303030d4
:10403c003030303030303030303030303030303173
:10404c00000000004646464646464646464646461c
:10405c0046464646464646464646464646464646f4
:10406c0046464645464646464646464646464646e5
:10407c0046464646464646464646464500000000ed
:10408c00423430353041383530433034423341429c
:10409c0046353431333235363530343442304237ac
:1040ac004437424644384241323730423339343354
:1040bc00323335354646423400000000464646460b
:1040cc004646464646464646464646464646464684
:1040dc0046464646464646463136413245304238db
:1040ec004630334531334444323934353543354326
:1040fc0032413344000000004237304530434244e3
:10410c003642423442463746333231333930423903
:10411c00344130334331443335364332313132322a
:10412c003334333238304436313135433144323123
:10413c0000000000424433373633383842354637b6
:10414c0032334642344332324446453643443433a8
:10415c0037354130354130373437363434344435e3
:10416c0038313939383530303745333400000000b8
:10417c005052494d45323339563100003746464688
:10418c0046464646464646464646464646464646c3
:10419c0046464646374646464646464646464646c2
:1041ac0038303030303030303030303037464646b2
:1041bc0046464646464646460000000037464646ba
:1041cc004646464646464646464646464646464683
:1041dc004646464637464646464646464646464682
:1041ec003830303030303030303030303746464672
:1041fc0046464646464646430000000036423031ad
:10420c0036433342444346313839343144304436f2
:10421c003534393231343735434137314139444201
:10422c0032464232374431443337373936313835f8
:10423c0043323934324330410000000037464646a1
:10424c004646464646464646464646464646464602
:10425c004646464637464646464639453545394133
:10426c0039463544393037314642443135323236ad
:10427c00383839303944304200000000304646416d
:10428c00393633434443413838313643434333336f
:10429c004238363432424544463930354333443360
:1042ac00353835373344334632374642424433424d
:1042bc0033434239414141460000000037444542f6
:1042cc00453845344539304135444145364534301f
:1042dc003534434135333042413034363534423352
:1042ec00363831384345323236423339464343420d
:1042fc0037423032463141450000000053454350af
:10430c003235365231000000464646464646464651
:10431c003030303030303031303030303030303090
:10432c003030303030303030303030303030303081
:10433c004646464646464646464646464646464611
:10434c004646464646464646000000004646464619
:10435c0046464646303030303030303130303030f8
:10436c003030303030303030303030303030303041
:10437c003030303046464646464646464646464629
:10438c0046464646464646464646464300000000dc
:10439c003541433633354438414133413933453760
:1043ac004233454242443535373639383836424344
:1043bc00363531443036423043433533423046365d
:1043cc00334243453343334532374432363034423b
:1043dc0000000000464646464646464630303030e1
:1043ec0030303030464646464646464646464646b9
:1043fc0046464646424345364641414441373137ad
:10440c0039453834463342394341433246433633d7
:10441c0032353531000000003642313744314632f6
:10442c0045313243343234374638424345364535cc
:10443c003633413434304632373730333744383101
:10444c0032444542333341304634413133393435cb
:10445c00443839384332393600000000344645338d
:10446c003432453246453141374639423845453775
:10447c004542344137433046394531363242434563
:10448c003333353736423331354543454342423673
:10449c00343036383337424635314635000000006b
:1044ac00534543503338345231000000464646469b
:1044bc004646464646464646464646464646464690
:1044cc004646464646464646464646464646464680
:1044dc004646464646464646464646464646464670
:1044ec004646464646464646464646454646464661
:1044fc004646464630303030303030303030303058
:10450c0030303030464646464646464600000000af
:10451c00464646464646464646464646464646462f
:10452c00464646464646464646464646464646461f
:10453c00464646464646464646464646464646460f
:10454c004646464646464646464646464646464500
:10455c00464646464646464630303030303030309f
:10456c003030303030303030464646464646464392
:10457c000000000042333331324641374532334577
:10458c004537453439383845303536424533463869
:10459c003244313931383144394336454645383166
:1045ac0034313132303331343038384635303133c0
:1045bc00383735414336353633393844384132454e
:1045cc00443139443241383543384544443345430a
:1045dc0032414546000000004646464646464646a1
:1045ec00464646464646464646464646464646465f
:1045fc00464646464646464646464646464646464f
:10460c0046464646464646464337363334443831aa
:10461c0046343337324444463538314130444232e3
:10462c0034384230413737414543454331393641bf
:10463c0043434335323937330000000041413837aa
:10464c0043413232424538423035333738454231b6
:10465c0043373145463332304144373436453144a3
:10466c003342363238424137394239383539463798
:10467c0034314530383235343241333835353032d7
:10468c00463235444246353532393643334135347a
:10469c003545333837323736304142370000000069
:1046ac003336313744453441393632363243364667
:1046bc003544394539384246393239324443323936
:1046cc004638463431444244323839413134374328
:1046dc004539444133313133423546304238433029
:1046ec003041363042314345314437453831394415
:1046fc003741343331443743393045413045354601
:10470c000000000053454350353231523100000057
:10471c003146464646464646464646464646464642
:10472c00464646464646464646464646464646461d
:10473c00464646464646464646464646464646460d
:10474c0046464646464646464646464646464646fd
:10475c0046464646464646464646464646464646ed
:10476c0046464646464646464646464646464646dd
:10477c0046464646464646464646464646464646cd
:10478c0046464646464646464646464646464646bd
:10479c004646460031464646464646464646464608
:1047ac00464646464646464646464646464646469d
:1047bc00464646464646464646464646464646468d
:1047cc00464646464646464646464646464646467d
:1047dc00464646464646464646464646464646466d
:1047ec00464646464646464646464646464646465d
:1047fc00464646464646464646464646464646464d
:10480c00464646464646464646464646464646463c
:10481c0046464646464643003531393533454239de
:10482c0036313845314339413146393239413231eb
:10483c0041304236383534304545413244413732c7
:10484c0035423939423331354633423842343839be
:10485c0039313845463130394531353631393339ce
:10486c0035314543374539333742313635324330ac
:10487c004244334242314246303733353733444673
:10488c003838334432433334463145463435314677
:10489c0044343642353033463030000031464646db
:1048ac00464646464646464646464646464646469c
:1048bc00464646464646464646464646464646468c
:1048cc00464646464646464646464646464646467c
:1048dc004646464646464646464646464646413582
:1048ec003138363837383342463246393636423725
:1048fc004643433031343846373039413544303310
:10490c0042423543394238383939433437414542cc
:10491c004236464237314539313338363430390036
:10492c0043363835384530364237303430344539f3
:10493c0043443945334543423636323339354234b4
:10494c0034323943363438313339303533464235e5
:10495c0032314638323841463630364234443344ac
:10496c004241413134423545373745464537353973
:10497c00323846453144433132374132464641386c
:10498c00444533333438423343313835364134328d
:10499c003942463937453745333143324535424440
:1049ac0036360000313138333932393641373839ff
:1049bc00413342433030343543384135464234324a
:1049cc004337443142443939384635343434393537
:1049dc003739423434363831374146424431373234
:1049ec003733453636324339374545373239393521
:1049fc004546343236343043353530423930313334
:104a0c00464144303736313335334337303836410d
:104a1c00323732433234303838424539343736390c
:104a2c004644313636353000303132333435363752
:104a3c0038394142434445464748494a4b4c4d4e10
:104a4c004f505152535455565758595a61626364da
:104a5c0065666768696a6b6c6d6e6f707172737482
:104a6c0075767778797a2b2f00000000444f574edb
:104a7c0047524400546573742067726f75702063dd
:104a8c006f6d6d616e64733a0a0d000020206865cd
:104a9c006c7020202020202020202020202020206e
:104aac0020202020202020202020202d2053686f23
:104abc007720746869732068656c700a0d000000bb
:104acc00202074696d657374616d70202020202026
:104adc002020202020202020202020202020202dbd
:104aec002053686f77206275696c642074696d65fa
:104afc007374616d700a0d002020757074696d659a
:104b0c002020202020202020202020202020202099
:104b1c00202020202020202d2054696d65207369d1
:104b2c006e636520626f6f742f6c61737420726595
:104b3c007365740a0d0000002020697064756d7037
:104b4c00203c6d6f64653e202020202020202020fa
:104b5c00202020202020202d2044756d70205258bc
:104b6c00204950207061636b6574732028303d6f51
:104b7c0066662c20313d657468302c20323d65749e
:104b8c0068312c20333d626f7468290a0d000000d7
:104b9c00202073746174732020202020202020207a
:104bac002020202020202020202020202020202dec
:104bbc002053686f772054582f525820636f756eae
:104bcc007465727320666f72206574683020616e34
:104bdc006420657468310a0d0000000020206d65aa
:104bec006d696e666f202020202020202020202040
:104bfc0020202020202020202020202d20467265df
:104c0c0065206d656d6f7279206f6e2074686520fc
:104c1c00432d72756e74696d6520686561702061d5
:104c2c006e6420746865205443502f495020686589
:104c3c0061700a0d00000000202064756d70203c2e
:104c4c00616464723e203c636f756e743e2020205c
:104c5c00202020202020202d2044756d70206d6593
:104c6c006d6f7279202868657820616464722c20dd
:104c7c00636f756e74290a0d0000000020207065aa
:104c8c00656b203c616464723e205b73697a655d80
:104c9c0020202020202020202020202d2052656143
:104cac006420612073696e676c652076616c756534
:104cbc00202873697a653d317c327c34290a0d00d9
:104ccc002020706f6b65203c616464723e203c76e2
:104cdc00616c3e205b73697a655d20202020202d5d
:104cec0020577269746520612073696e676c65204a
:104cfc0076616c7565202873697a653d317c327cf0
:104d0c0034290a0d0000000020206c6f67636c656d
:104d1c0061722020202020202020202020202020f4
:104d2c00202020202020202d20436c6561722064df
:104d3c0065666572726564207061636b6574206c66
:104d4c006f67206275666665720a0d0020206c6fb5
:104d5c0067737461742020202020202020202020c4
:104d6c0020202020202020202020202d2053686f60
:104d7c0077206465666572726564206c6f6720735a
:104d8c007461746973746963730a0d002020666121
:104d9c00756c746c6f67205b636c6561725d202051
:104dac0020202020202020202020202d2053686f20
:104dbc007720286f7220636c656172292074686596
:104dcc00206c617374207265636f72646564204833
:104ddc006172644661756c7420616e616c79736983
:104dec00730a0d00202063726173687465737420fc
:104dfc0020202020202020202020202020202020a7
:104e0c002020202d2044656c696265726174656c8c
:104e1c0079207472696767657220612048617264d9
:104e2c004661756c742028746573747320666175a3
:104e3c006c746c6f67290a0d0000000020206370f1
:104e4c00756c6f6164206f6e7c6f66667c737461c9
:104e5c0074737c72657365747c6c697665202d2027
:104e6c005065722d7461736b206d61696e2d6c6f62
:104e7c006f70206379636c652070726f66696c6902
:104e8c006e67202864656661756c74206f66662990
:104e9c000a0d000020206c6564206f6e7c6f6666c6
:104eac0020202020202020202020202020202020f6
:104ebc002020202d205475726e20746865206f6e32
:104ecc00626f617264204c4544312028504332316a
:104edc0029206f6e206f72206f66660a0d0000002d
:104eec000a0d4c414e3836357820726567697374fb
:104efc006572732c2074657374206d6f6465732cec
:104f0c0020504c43413a2073656520276c616e68d4
:104f1c00656c70270a0d0000506f7274206d6972f9
:104f2c00726f722f736e69666665723a207365656f
:104f3c0020276d6972726f72272f27736e696666f0
:104f4c006572272e20526177206672616d65207420
:104f5c006573743a2073656520276e6f69705f7393
:104f6c00656e64272e0a0d00544350206563686fec
:104f7c00207365727665723a2073656520277465b7
:104f8c007374736572766572272e2050657273691f
:104f9c007374656e7420636f6e6669673a2073650f
:104fac0065202773686f77656e76272e0a0d0000d3
:104fbc003d3d3d3d3d3d3d3d3d3d3d3d3d3d3d3d15
:104fcc003d3d3d3d3d3d3d3d3d3d3d3d3d3d3d3d05
:104fdc003d3d3d3d3d3d0a0d000000007463706990
:104fec00705f69706572665f6c616e3836357820fb
:104ffc00627269646765202d204275696c64204972
:10500c006e666f0a0d0000004275696c642054696d
:10501c006d657374616d703a205365702020352076
:10502c00323032362030333a35303a31380a0d00ce
:10503c005b4c4f475d2072696e67206275666665d2
:10504c007220636c65617265640d0a005b4c4f479e
:10505c005d20746f74616c3d25752070656e64699c
:10506c006e673d2575206f766572666c6f77733d44
:10507c0025752062756673697a653d25750d0a0084
:10508c005b4c4f475d20706f6f6c5f6f666673652e
:10509c00743d257520706f6f6c5f73697a653d2563
:1050ac007520282575206672616d65732078202522
:1050bc0075206279746573290d0a00006c65643a79
:1050cc00204c454431206f6e0a0d00006c65643a2b
:1050dc00204c454431206f66660a0d00757361677c
:1050ec00653a206c6564206f6e7c6f66660a0d00f5
:1050fc006370756c6f61643a20656e61626c656497
:10510c002c2073746174732072657365740a0d00be
:10511c006370756c6f61643a2064697361626c656d
:10512c00640a0d006370756c6f61643a207374616e
:10513c0074732072657365740a0d00006372617379
:10514c0068746573743a2074726967676572696e06
:10515c0067206120486172644661756c74206e6fc3
:10516c00772e2e2e0a0d0000253038783a200000bc
:10517c00202530327800000020202000202020251f
:10518c00730a0d00432d72756e74696d6520686528
:10519c0061703a20746f74616c3d257520206c61d0
:1051ac007267657374206672656520626c6f636be1
:1051bc003d25752020286e616e6f2d6d616c6c6fb6
:1051cc00633b206e6f206578616374206672656541
:1051dc0020636f756e74290d0a0000005443502f24
:1051ec00495020686561703a2020202073697a65e7
:1051fc003d25752020667265653d257520206d6105
:10520c0078626c6f636b3d257520206869676877e1
:10521c00617465723d25750d0a0000005443502fd2
:10522c00495020686561703a20202020286e6f203c
:10523c0068616e646c65290d0a0000006574683045
:10524c0000000000657468310000000025733a20ee
:10525c006e6f7420666f756e640a0d002573205492
:10526c00583a206f6b3d2564206572723d25642091
:10527c007146756c6c3d25642070656e643d2564cb
:10528c000a0d000025732052583a206f6b3d25649f
:10529c00206572723d2564206e6f627566733d25c4
:1052ac00642070656e643d25640a0d0025733a20f8
:1052bc007374617473206e6f7420617661696c61b4
:1052cc00626c650a0d0000006d61696e206c6f6f79
:1052dc00703a20256c75206379636c65732f730aa3
:1052ec000d000000757074696d653a202575642099
:1052fc00253032753a253032753a253032752020fa
:10530c0028256c7520732073696e636520626f6f3e
:10531c00742f6c617374207265736574290d0a00a7
:10532c0061646d696e00000070617373776f7264f5
:10533c000000000054656c6e6574204163636573f6
:10534c00732041757468656e746963617465640a71
:10535c000d00000054656c6e6574204163636573c9
:10536c0073204465636c696e65640a0d000000006f
:10537c0055736167653a20706f6b65203c6164649e
:10538c00726573735f6865783e203c76616c7565f9
:10539c005f6865783e205b73697a653d317c327c51
:1053ac00345d0a0d000000004578616d706c653a43
:1053bc0020706f6b652030783432303030303030c4
:1053cc00203078313233343536373820340a0d00fa
:1053dc00307825303858203c3d20307825303258f4
:1053ec000a0d0000307825303858203c3d203078ac
:1053fc00253034580a0d0000307825303858203cc0
:10540c003d203078253038580a0d000053697a65f4
:10541c00206d75737420626520312c20322c206f26
:10542c007220340a0d00000055736167653a2070d4
:10543c0065656b203c616464726573735f68657845
:10544c003e205b73697a653d317c327c345d0a0d9c
:10545c00000000004578616d706c653a20706565e0
:10546c006b203078343230303030303020340a0d0c
:10547c00000000003078253038583a20307825303c
:10548c0032580a0d000000003078253038583a2088
:10549c003078253034580a0d000000003078253063
:1054ac0038583a203078253038580a0d0000000062
:1054bc0055736167653a20697064756d70203c6d39
:1054cc006f64653e202028303d6f66662c20313d90
:1054dc00657468302c20323d657468312c20333d66
:1054ec00626f7468290a0d004950204c617965720d
:1054fc002044756d702064652d61637469766174e8
:10550c0065640a0d000000004950204c61796572f9
:10551c002044756d702061637469766174656420d4
:10552c006f6e20657468300a0d0000004950204ce5
:10553c00617965722044756d702061637469766160
:10554c00746564206f6e20657468310a0d0000006c
:10555c004950204c617965722044756d70206163ef
:10556c0074697661746564206f6e20657468302090
:10557c00616e6420657468310a0d000050617261bf
:10558c006d65746572206f7574206f662072616e24
:10559c0067650a0d0000000055736167653a206469
:1055ac00756d70203c616464726573735f686578b7
:1055bc003e203c636f756e743e0a0d004578616d3c
:1055cc00706c653a2064756d7020307832303030f4
:1055dc00303030302036340a0d000000436f756ec9
:1055ec0074206d757374206265203e20300a0d00a6
:1055fc004d656d6f72792064756d703a2030782529
:10560c00303858202025752062797465730a0d0096
:10561c003a205465737420436f6d6d616e64730032
:10562c0054657374000000004f4b00004641494c18
:10563c0045442028736c6f7420616c7265616479c9
:10564c002074616b656e29004c414e383635310043
:10565c004c414e3836353000756e6b6e6f776e2060
:10566c006d6f64656c00000076656e646f7200008f
:10567c004c414e3837343041200000004d69637284
:10568c006f63686970000000205b5452554e435d97
:10569c00000000004275696c642054696d65737478
:1056ac00616d702020203a20536570202035203207
:1056bc003032362030333a35303a31380a0d00006a
:1056cc0054656c6e657420617574682068616e64d5
:1056dc006c657220726567697374726174696f6e40
:1056ec003a2025730a0d000065746830202831308b
:1056fc00424153452d54315329203a204e4f5420ca
:10570c00415641494c41424c450a0d006574683084
:10571c0020283130424153452d54315329203a2011
:10572c00757020202020286368697020494420630c
:10573c006f756c64206e6f74206265207265616495
:10574c00290a0d00657468302028313042415345d8
:10575c002d54315329203a20757020202020257398
:10576c002072657620257520202844455649442012
:10577c00307825303858290a0d00000065746831de
:10578c002028313030424153452d545829203a209d
:10579c004e4f5420415641494c41424c450a0d0054
:1057ac00657468312028313030424153452d5458ae
:1057bc0029203a2075702020202028504859204953
:1057cc004420636f756c64206e6f74206265207268
:1057dc00656164290a0d0000657468312028313038
:1057ec0030424153452d545829203a2075702020c1
:1057fc00202025732025736d6f64656c203078250f
:10580c00303258207265762025752020284f554956
:10581c00203078253036582c2050485949442025c2
:10582c003034583a25303458290a0d0042726964d4
:10583c0067696e672069732044495341424c454463
:10584c00202d206974206e6565647320626f746806
:10585c0020696e74657266616365732e0a0d0000b3
:10586c00436f6e74696e75696e67206f6e20746815
:10587c006520737572766976696e6720696e7465da
:10588c0072666163653b20636865636b2074686551
:10589c00205048592f646175676874657220626f77
:1058ac006172642e0a0d000045303a2575206c6536
:1058bc006e3d25752074733d256c6c75206d7325bc
:1058cc00730d0a0045313a2575206c656e3d2575c2
:1058dc002074733d256c6c75206d7325730d0a0057
:1058ec003a2073686f7720546573742067726f75f4
:1058fc007020636f6d6d616e6473000074696d650b
:10590c007374616d700000003a2073686f772062c9
:10591c0075696c642074696d657374616d700000d9
:10592c00757074696d6500003a2074696d6520733b
:10593c00696e636520626f6f742f6c617374207273
:10594c00657365742028642068683a6d6d3a7373ca
:10595c0029000000697064756d7000003a20647550
:10596c006d70207278206970207061636b65747340
:10597c002028303a6f666620313a657468302032e0
:10598c003a6574683120333a626f746829000000fc
:10599c003a2073686f772054582f525820636f75d4
:1059ac006e7465727320666f722065746830206146
:1059bc006e642065746831006d656d696e666f008c
:1059cc003a2066726565206d656d6f7279206f6e19
:1059dc002074686520432d72756e74696d6520683e
:1059ec0065617020616e6420746865205443502f8b
:1059fc00495020686561700064756d70000000008e
:105a0c003a2064756d70206d656d6f727920286415
:105a1c00756d70203c616464725f6865783e203cf3
:105a2c00636f756e743e29007065656b0000000035
:105a3c003a207265616420612073696e676c652021
:105a4c0076616c756520287065656b203c616464bb
:105a5c00725f6865783e205b73697a653d317c3294
:105a6c007c345d2900000000706f6b650000000045
:105a7c003a20777269746520612073696e676c6572
:105a8c002076616c75652028706f6b65203c6164b5
:105a9c0064725f6865783e203c76616c75655f6802
:105aac0065783e205b73697a653d317c327c345d70
:105abc00290000006c6f67636c6561720000000068
:105acc003a20636c65617220646566657272656408
:105adc00207061636b6574206c6f672062756666fd
:105aec00657200006c6f6773746174003a207368a0
:105afc006f77206465666572726564206c6f6720d1
:105b0c00737461746973746963732028746f74613e
:105b1c006c2c2070656e64696e672c206f766572d4
:105b2c00666c6f77732900003a2073686f77207466
:105b3c006865206c617374207265636f7264656450
:105b4c0020486172644661756c7420616e616c7979
:105b5c0073697320286661756c746c6f67205b6366
:105b6c006c6561725d2900006372617368746573a2
:105b7c00740000003a2064656c696265726174653a
:105b8c006c79207472696767657220612048617254
:105b9c00644661756c742c20746f2074657374206a
:105bac006661756c746c6f67000000006370756cd7
:105bbc006f6164003a207065722d7461736b206d97
:105bcc0061696e2d6c6f6f70206379636c652070ea
:105bdc00726f66696c696e6720286370756c6f6193
:105bec0064206f6e7c6f66667c73746174737c72f8
:105bfc00657365747c6c6976652900003a20747550
:105c0c00726e20746865206f6e626f617264204cd6
:105c1c0045443120285043323129206f6e206f7259
:105c2c00206f666620286c6564206f6e7c6f6666dc
:105c3c002900000075736167653a20736574656ea1
:105c4c0076203c6b65793e203c76616c3e0d0a20db
:105c5c00204950206b6579733a2020206970302fd1
:105c6c006d61736b302f6777302f646e73302c201f
:105c7c006970312f6d61736b312f6777312f646ec3
:105c8c007331202028646f747465642d71756164a0
:105c9c00290d0a20204d4143206b6579733a202051
:105cac006d6163302c206d61633120202858583a87
:105cbc0058583a58583a58583a58583a58583b2025
:105ccc006170706c696573206166746572207265b1
:105cdc00736574290d0a2020504c4341206b657963
:105cec00733a20706c63615f69642028302e2e3209
:105cfc003534292c20706c63615f636e74202831fd
:105d0c002e2e323535290d0a20206d6972726f7274
:105d1c003a20202020307c31202028657468302dda
:105d2c003e6574683120706f7274206d6972726f89
:105d3c007220617420626f6f74290d0a2020736ebb
:105d4c0069666665723a202020307c3120202873e9
:105d5c007570707265737320746865206574683033
:105d6c0020504859207472616e736d697474657239
:105d7c0020617420626f6f74290d0a006d69727254
:105d8c006f720000736574656e763a206d6972727d
:105d9c006f72206d7573742062652030206f7220d5
:105dac00310d0a00736574656e763a206d697272f6
:105dbc006f72203d20256c75202852414d206f6e4e
:105dcc006c793b202773617665656e762720746f3e
:105ddc0020706572736973743b2074616b657320fa
:105dec0065666665637420617420746865206e65f1
:105dfc00787420626f6f74202d2075736520276d69
:105e0c006972726f7220256c752720746f207377fe
:105e1c0069746368206974206e6f77290d0a00001d
:105e2c00736e696666657200736574656e763a208a
:105e3c00736e6966666572206d7573742062652079
:105e4c0030206f7220310d0a0000000073657465fc
:105e5c006e763a20736e6966666572203d20256cfd
:105e6c0075202852414d206f6e6c793b2027736151
:105e7c007665656e762720746f2070657273697312
:105e8c00743b2074616b6573206566666563742072
:105e9c00617420746865206e65787420626f6f740d
:105eac00202d207573652027736e696666657220d8
:105ebc00256c752720746f2073776974636820696b
:105ecc0074206e6f77290d0a000000006d6163303d
:105edc00000000006d6163310000000025783a2558
:105eec00783a25783a25783a25783a2578000000d2
:105efc00736574656e763a20626164204d4143206f
:105f0c002725732720287573652058583a58583a16
:105f1c0058583a58583a58583a5858290d0a0000c7
:105f2c00706c63615f696400706c63615f636e7455
:105f3c0000000000736574656e763a20706c6361c6
:105f4c005f69642072616e676520302e2e323534a5
:105f5c000d0a0000736574656e763a20706c63618f
:105f6c005f636e742072616e676520312e2e323540
:105f7c00350d0a00736574656e763a202573203de5
:105f8c0020256c75202852414d206f6e6c793b207a
:105f9c002773617665656e762720746f2070657245
:105fac0073697374290d0a00697030006d61736b2d
:105fbc003000000067773000646e73300000000022
:105fcc00697031006d61736b3100000067773100cf
:105fdc00646e733100000000736574656e763a2050
:105fec00756e6b6e6f776e206b6579202725732726
:105ffc000d0a0000736574656e763a206261642048
:10600c00495020272573270d0a000000736574651d
:10601c006e763a202573203d202573202852414d61
:10602c00206f6e6c793b202773617665656e7627e1
:10603c0020746f2070657273697374290d0a0000e7
:10604c00736574656e763a202573203d2025732088
:10605c002852414d206f6e6c793b20277361766519
:10606c00656e762720746f20706572736973743b4c
:10607c00204d4143206170706c69657320616674ba
:10608c006572207265736574290d0a006f6b0000d0
:10609c00424144004f4e20004f4646004f4e0000f8
:1060ac00656e76202852414d20736861646f7729a4
:1060bc003a0d0a002020656e762020206964202588
:1060cc0073202076657273696f6e20256c752020a5
:1060dc0063726320257320207c20206669726d77a3
:1060ec00617265206964202573202076657273695e
:1060fc006f6e20256c75202025730d0a00000000a2
:10610c0074637069705f69706572665f6c616e381c
:10611c003635785f627269646765000020206574ab
:10612c006825642020000000697020002573257309
:10613c000000000020206d61736b20002020677729
:10614c00200000002020646e73200000253032589f
:10615c003a253032583a253032583a253032583aae
:10616c00253032583a253032580000002020657412
:10617c00683020206d61632025730d0a000000003b
:10618c0020206574683120206d61632025732020e8
:10619c00286170706c69656420617420626f6f7423
:1061ac00290d0a002020706c636120206964202571
:1061bc006c752020636f756e7420256c75202028fb
:1061cc00657468302f543153290d0a0020206d69f5
:1061dc0072726f7220257320617420626f6f74204d
:1061ec0020286e6f773a202573290d0a00000000d5
:1061fc002020736e69666665722025732061742099
:10620c00626f6f742020286e6f773a202573290dea
:10621c000a00000020202873617665656e76203dab
:10622c0020706572736973742b6170706c792c209b
:10623c0072656164656e76203d2072656c6f616479
:10624c002c207265736574656e76203d20646566de
:10625c0061756c7473290d0a00000000726573651a
:10626c0074656e763a20726573746f726564206320
:10627c006f6d70696c65642064656661756c7473b0
:10628c002c2070657273697374656420616e642070
:10629c006170706c6965642e0d0a0000726573651f
:1062ac0074656e763a2064656661756c74732061f2
:1062bc0070706c6965642062757420454550524f4e
:1062cc004d207772697465204641494c45442e0d2a
:1062dc000a00000072656164656e763a2072656c26
:1062ec006f616465642066726f6d20454550524f36
:1062fc004d20616e64206170706c6965642e0d0aae
:10630c000000000072656164656e763a206e6f2045
:10631c0076616c696420636f6e66696720696e20b4
:10632c00454550524f4d2e0d0a00000073617665a5
:10633c00656e763a20706572736973746564207447
:10634c006f20454550524f4d20616e642061707036
:10635c006c6965642028616e204950206368616e09
:10636c0067652064726f7073207468652063757242
:10637c0072656e7420636f6e6e656374696f6e29df
:10638c002e0d0a0073617665656e763a2045455090
:10639c00524f4d207772697465204641494c4544f3
:1063ac002e0d0a00656e763a206d69677261746510
:1063bc006420762575207265636f726420746f207b
:1063cc00762575202873657474696e6773206b6508
:1063dc0070742c20736e69666665723d30290d0ae7
:1063ec0000000000656e763a206d69677261746515
:1063fc006420762575207265636f726420746f203b
:10640c00762575202873657474696e6773206b65c7
:10641c0070742c206d6972726f723d302c20736e0b
:10642c0069666665723d30290d0a0000656e763a24
:10643c0020444953434152444544207468652073b9
:10644c00746f726564207265636f7264202869646e
:10645c002025732076657273696f6e20256c75200c
:10646c0063726320257329202d207468697320665c
:10647c0069726d77617265207772697465732069d2
:10648c00642025732076657273696f6e20256c7598
:10649c0020282573292e0d0a656e763a20636f6dc0
:1064ac0070696c65642064656661756c74732061d9
:1064bc00726520696e207573652c20504c43412009
:1064cc006e6f6465206964206973206e6f77202578
:1064dc00752e20436865636b202773686f77656e34
:1064ec007627206265666f72652072656c79696ebd
:1064fc0067206f6e20746865206c696e6b2e0d0ab8
:10650c00000000003a2070657273697374656e74d4
:10651c00206e6574776f726b20636f6e666967208f
:10652c002873617665656e762f72656164656e762b
:10653c002f73686f77656e762900000073686f772c
:10654c00656e76003a2073686f77207468652063f7
:10655c00757272656e74206e6574776f726b2063e2
:10656c006f6e666967202852414d20736861646fb5
:10657c0077290000736574656e7600003a207365a8
:10658c0074656e76203c6b65793e203c76616c3e82
:10659c002020286970302e2e2f646e73312c206dc4
:1065ac006163302f6d6163312c20706c63615f69a6
:1065bc00642c20706c63615f636e742c206d697247
:1065cc00726f722c20736e6966666572290000000a
:1065dc0073617665656e76003a20706572736973c7
:1065ec007420636f6e66696720746f204545505246
:1065fc004f4d20616e64206170706c79206974203d
:10660c006c6976650000000072656164656e7600e9
:10661c003a2072656c6f616420636f6e66696720e7
:10662c0066726f6d20454550524f4d20616e64204f
:10663c006170706c79202864697363617264732073
:10664c00756e7361766564206564697473290000e6
:10665c007265736574656e76000000003a20726591
:10666c0073657420746f20636f6d70696c65642042
:10667c0064656661756c74732c20706572736973d4
:10668c007420616e64206170706c79004c414e38de
:10669c0036357820646961676e6f73746963732033
:1066ac00636f6d6d616e64733a0a0d0020206c612e
:1066bc006e5f7265616420203c616464723e2020d0
:1066cc0020202020202020202020202d20526561f9
:1066dc006420204c414e38363558207265676973fa
:1066ec0074657220286865782061646472657373c0
:1066fc00290a0d0020206c616e5f77726974652029
:10670c003c616464723e203c76616c75653e202071
:10671c002020202d205772697465204c414e38364c
:10672c0035582072656769737465722028686578be
:10673c0020616464722c206865782076616c7565c4
:10674c00290a0d0020206c616e5f726d77203c6110
:10675c006464723e203c6d61736b3e203c76616cd0
:10676c003e20202d20526561642d6d6f6469667921
:10677c002d7772697465202b207665726966793a7b
:10678c00206e65773d286f6c64267e6d61736b2976
:10679c007c76616c0a0d00002020746573746d6f3b
:1067ac006465205b302e2e345d205b7365636f6ee9
:1067bc0064735d202020202d2049454545205458e8
:1067cc002074657374206d6f64652c207665726916
:1067dc006669656420627920726561646261636bcd
:1067ec0020286e6f20617267203d2073686f7729b7
:1067fc000a0d00002020706c63615f6e6f64652071
:10680c005b69645d20202020202020202020202077
:10681c002020202d204765742f73657420504c4325
:10682c0041206e6f646520494420286e6f20617290
:10683c0067203d2073686f772063757272656e7484
:10684c00290a0d002020706c63615f7374617420e1
:10685c00202020202020202020202020202020202c
:10686c002020202d20504c434120627573206865f8
:10687c00616c74682062656c6f772049502d66726c
:10688c00616d65206c6576656c20286c696e6b2f6c
:10689c006e6f6465732f544f2b424541434f4e200e
:1068ac00636f756e74732f6576656e7473290a0d3c
:1068bc00000000002020737169205b6e6f64657ca2
:1068cc00616c6c7c6f66665d20202020202020206f
:1068dc002020202d205369676e616c205175616cee
:1068ec0069747920496e64696361746f722c2063da
:1068fc006f6e74696e756f757320286e6f20617280
:10690c0067203d2073686f77207265706f727429f1
:10691c000a0d00002020737169207265706f72740b
:10692c00203c7365633e7c6f66662020202020200f
:10693c002020202d206175746f2d7072696e74206b
:10694c0074686520737169207265706f727420654c
:10695c0076657279203c7365633e20732c206f72d0
:10696c002073746f7020646f696e6720736f0a0deb
:10697c00000000000a0d41646472657373203d20b1
:10698c00284d4d53203c3c20313629207c206f660d
:10699c00667365742e204d4d532033203d20504896
:1069ac005920504d412f504d442c204d4d532034e7
:1069bc00203d2076656e646f722073706563696626
:1069cc0069632e0a0d0000004578616d706c653aa4
:1069dc00206c616e5f7265616420307830303034c9
:1069ec004341303220202028504c43415f435452c5
:1069fc004c313a204e4f44455f434e543c3c38207a
:106a0c007c204e4f44455f4944290a0d000000008c
:106a1c004578616d706c653a20746573746d6f6444
:106a2c0065203120333020202020202020202028d9
:106a3c0074657374206d6f646520312c20617574de
:106a4c006f2d726576657274206166746572203381
:106a5c00302073290a0d00004578616d706c653a21
:106a6c002073716920616c6c202020202020202054
:106a7c0020202020202020286d6f6e69746f7220da
:106a8c00616c6c20504c4341206e6f6465732c20fc
:106a9c00776569676874656420617665726167659e
:106aac00290a0d004578616d706c653a2073716927
:106abc00207265706f7274203520202020202020d9
:106acc00202020287072696e7420746865207265ad
:106adc00706f7274206576657279203520732c2066
:106aec00737461727473206d6f6e69746f72696efa
:106afc0067206966206e6565646564290a0d00006f
:106b0c0072756e6e696e67007374617274696e670c
:106b1c00000000003f000000756e646566696e65dc
:106b2c00640000005b5351495d206e6f74206d6fe3
:106b3c006e69746f72696e67202d202773716920de
:106b4c003c6e6f646520302e2e3235343e27206f1c
:106b5c0072202773716920616c6c2720746f20730d
:106b6c00746172740a0d00005b5351495d206e6fa5
:106b7c0064653a20616c6c20287765696768746578
:106b8c00642920202073746174653a2025730a0de2
:106b9c00000000005b5351495d206e6f64653a2024
:106bac00257520202073746174653a2025730a0db5
:106bbc00000000005b5351495d206e6f2076616cc4
:106bcc0069642073616d706c6520796574202d206b
:106bdc00616363756d756c6174696f6e2064757239
:106bec006174696f6e20646570656e6473206f6e7e
:106bfc0020747261666669630a0d00005b5351492b
:106c0c005d206c6173743a2025730a0d000000003e
:106c1c005b5351495d206d696e3a2025752020200b
:106c2c006d61783a20257520202073616d706c653c
:106c3c00733a2025750a0d005b5351495d2065722e
:106c4c00726f72733a20257520286c6173743a2028
:106c5c002573290a0d00000055736167653a206c95
:106c6c00616e5f7772697465203c616464726573f0
:106c7c00735f6865783e203c76616c75655f68650e
:106c8c00783e0a0d000000004578616d706c653a25
:106c9c00206c616e5f7772697465203078303030ab
:106cac003430303030203078313233343536373878
:106cbc000a0d00004552524f523a205072657669c7
:106ccc006f7573204c414e206f7065726174696fe3
:106cdc006e207374696c6c20696e2070726f6772b1
:106cec006573730a0d0000005b544553544d4f44bb
:106cfc00455d2072657175657374696e67202575c5
:106d0c00202d202573202854315354535443544c74
:106d1c003d307825303858290a0d00005b54455316
:106d2c00544d4f44455d2074686520543153206c9c
:106d3c00696e6b20697320646f776e207768696c5d
:106d4c00652074686973206d6f64652069732061b8
:106d5c0063746976650a0d005b544553544d4f447a
:106d6c00455d206175746f2d726576657274206156
:106d7c00726d656420696e20257520730a0d000004
:106d8c005b544553544d4f44455d206e6f207469e0
:106d9c006d656f757420676976656e202d20726540
:106dac007665727420776974682027746573746dc6
:106dbc006f64652030270a0d000000005573616771
:106dcc00653a206c616e5f72656164203c6164643d
:106ddc00726573735f6865783e0a0d004578616d66
:106dec00706c653a206c616e5f72656164203078fe
:106dfc0030303034303030300a0d0000557361675c
:106e0c00653a20746573746d6f6465205b302e2e4b
:106e1c0025755d205b7365636f6e64735d0a0d0091
:106e2c00202030203d206e6f726d616c2c20312043
:106e3c003d20766f6c746167652f6a697474657236
:106e4c002c2032203d2064726f6f702c2033203d3b
:106e5c0020505344206d61736b2c2034203d205402
:106e6c005820686967682d5a0a0d000020206e6f43
:106e7c0020617267756d656e74203d2073686f7745
:106e8c00207468652063757272656e74206d6f6412
:106e9c00650a0d00746573746d6f64653a207365d3
:106eac00636f6e6473206d75737420626520312e70
:106ebc002e3630300a0d000055736167653a206c30
:106ecc00616e5f726d77203c616464725f68657897
:106edc003e203c6d61736b5f6865783e203c76614b
:106eec006c75655f6865783e0a0d000020202020d7
:106efc002020206e6577203d20286f6c6420262092
:106f0c007e6d61736b29207c2076616c75650a0d32
:106f1c00000000004578616d706c653a206c616e04
:106f2c005f726d772030783030303330384639200e
:106f3c0030783030303030303031203078303030c4
:106f4c00303030303120202028736574204c42457d
:106f5c00290a0d004578616d706c653a206c616e84
:106f6c005f726d77203078303030333038463920ce
:106f7c003078303030303030303120307830303084
:106f8c00303030303020202028636c656172204c0a
:106f9c004245290a0d0000006c616e5f726d773af4
:106fac00206d61736b2069732030202d206e6f74ff
:106fbc0068696e6720776f756c64206368616e67b3
:106fcc00652c20757365206c616e5f7772697465d2
:106fdc0020696e73746561640a0d00006c616e5fec
:106fec00726d773a205741524e494e472076616c6c
:106ffc007565206861732062697473206f75747392
:10700c0069646520746865206d61736b2028307825
:10701c0025303858293b2074686520647269766580
:10702c0072204f5273207468656d20696e207265f2
:10703c00676172646c6573730a0d00007265736529
:10704c0072766564000000005b504c43415d204c3f
:10705c00414e2062757379202d206170706c7920ff
:10706c00736b69707065642028726574727920770f
:10707c0068656e2069646c65290d0a005b504c4391
:10708c00415d206e6f6465204944207365742074e3
:10709c006f20257520284e4f44455f434e543d25a7
:1070ac00752c207265673d30782530386c58290d69
:1070bc000a0000005b504c43415d206375727265a1
:1070cc006e74206e6f64652049443a202575202823
:1070dc004e4f44455f434e543d2575290d0a000023
:1070ec005b504c43415d20656e61626c696e67203c
:1070fc007472616e736d69742d6f70706f727475cc
:10710c006e6974792f424541434f4e20636f756e03
:10711c007465727320286f6e652d74696d65290a0c
:10712c000d0000005b5351495d20616c7265616418
:10713c00792073746f707065640a0d005b5351494c
:10714c005d206d6f6e69746f72696e672073746ffa
:10715c00707065640a0d00005b5351495d20706fbf
:10716c006c6c696e672073746f707065642c206230
:10717c007574204c414e2062757379202d2053512b
:10718c0049454e204e4f5420636c656172656420f6
:10719c002872657472792027737169206f6666276f
:1071ac002069662074686174206d617474657273f3
:1071bc00290a0d007265706f727400005573616757
:1071cc00653a20737169207265706f7274203c731c
:1071dc0065636f6e647320312e2e333630303e7cf7
:1071ec006f66660a0d0000005b5351495d206175a6
:1071fc00746f2d7265706f72742073746f7070651c
:10720c00640a0d005b5351495d206175746f2d72da
:10721c0065706f727420616c72656164792073742f
:10722c006f707065640a0d00737169207265706f00
:10723c0072743a207365636f6e6473206d7573742a
:10724c0020626520312e2e333630300a0d000000be
:10725c005b5351495d206175746f2d7265706f724f
:10726c007420657665727920257520732061726da6
:10727c0065640a0d0000000055736167653a207360
:10728c007169205b3c6e6f646520302e2e32353474
:10729c003e7c616c6c7c6f66665d0a0d00000000c4
:1072ac0020206e6f20617267756d656e74203d20b5
:1072bc0073686f772074686520616363756d756c96
:1072cc0061746564207265706f72740a0d00000041
:1072dc005b5351495d207374617274696e67202d24
:1072ec0020706f6c6c207e31782f732c2067697640
:1072fc0065206974206120666577207365636f6e05
:10730c00647320746f20616363756d756c61746553
:10731c000a0d0000696e2072616e67650000000046
:10732c004f5554204f462052414e47450000000017
:10733c004c414e383635582052656164206661697f
:10734c006c656420746f2073746172743a2072657a
:10735c0073756c743d25640a0d0000004c414e3869
:10736c0036355820526561642074696d656f75748b
:10737c0020666f7220616464723d30782530385815
:10738c000a0d00005b5351495d206572726f723ab1
:10739c00202573202d207265636f766572696e6788
:1073ac002028535149454e206f66662f6f6e290a6f
:1073bc000d0000005b504c43415d206c696e6b3ad4
:1073cc002025732028504c43415f5354532e505367
:1073dc00543d2575290a0d005b504c43415d2063db
:1073ec006f6f7264696e61746f72206379636c6520
:1073fc00206c656e6774683a2025752028505253ae
:10740c005354532e4d415849442c206d61792064be
:10741c0069666665722066726f6d206f7572206f7b
:10742c00776e204e4f44455f434e54290a0d0000a1
:10743c005b504c43415d2073696e6365206c6173d6
:10744c007420636865636b3a20256c7520747261d7
:10745c006e736d6974206f70706f7274756e697471
:10746c006965732c20256c7520424541434f4e7342
:10747c000a0d00005b504c43415d206c617374201d
:10748c007472616e736d69742d6f70706f72747538
:10749c006e697479206576656e7420617420494438
:1074ac002025752028535453332e455252544f499e
:1074bc00442c20756e72656c6961626c652069661e
:1074cc00206d756c7469706c65206576656e74736f
:1074dc002062656c6f77290a0d0000005b504c43ed
:1074ec00415d206576656e743a2050485953494386
:1074fc00414c205452414e534d495420434f4c4c17
:10750c004953494f4e2028535453312e5458434f0e
:10751c004c29202d206e6f74206120504c4341204b
:10752c0061646472657373696e6720636f6e666cf9
:10753c006963742c2061207265616c20656c6563d5
:10754c0074726963616c2d6c61796572206661750a
:10755c006c740a0d000000005b504c43415d2065cb
:10756c00786365737369766520636f6c6c69736996
:10757c006f6e732073696e6365206c617374206326
:10758c006865636b3a202575202853544154533158
:10759c00302e58434f4c202d204d41432d6c657699
:1075ac00656c2c2064617461736865657420776107
:1075bc00726e7320746869732063616e206265203b
:1075cc00636f6e667573656420627920504c43411d
:1075dc002773206f776e206c6f676963616c206313
:1075ec006f6c6c6973696f6e73290a0d0000000073
:1075fc005b504c43415d20636f72727570746564af
:10760c00207472616e736d697373696f6e7320731e
:10761c00696e6365206c61737420636865636b3a93
:10762c002025752028543153504353444941473247
:10763c002e434f525458434e54202d2074686520cd
:10764c006461746173686565742d7265636f6d6dcb
:10765c00656e64656420706879736963616c20631e
:10766c006f6c6c6973696f6e20636f756e74657285
:10767c00290a0d005b504c43415d206576656e74a4
:10768c003a20756e65787065637465642042454177
:10769c00434f4e207265636569766564202d2063c7
:1076ac006865636b20666f722061207365636f6e13
:1076bc006420636f6f7264696e61746f720a0d007f
:1076cc005b504c43415d206576656e743a204245b3
:1076dc0041434f4e2072656365697665642062652f
:1076ec00666f7265206f7572206f776e2074726191
:1076fc006e736d6974206f70706f7274756e6974cf
:10770c00790a0d005b504c43415d206576656e74c3
:10771c003a206672616d6520726563656976656491
:10772c0020647572696e67206f7572206f776e209a
:10773c007472616e736d6974206f70706f72747592
:10774c006e6974790a0d00005b504c43415d2065f5
:10775c0076656e743a20656d70747920504c434197
:10776c00206379636c65202d206e6f206e6f6465cd
:10777c00207472616e736d69747465640a0d000017
:10778c005b504c43415d206576656e743a20756e96
:10779c006578706563746564206361727269657283
:1077ac002073656e736520647572696e6720414342
:1077bc004d412074696d6520736c6f74202853548f
:1077cc0053312e554e435253290a0d005b504c43f6
:1077dc00415d206576656e743a20504c43412073b0
:1077ec00796d626f6c732064657465637465642075
:1077fc007768696c6520504c43412069732064693b
:10780c007361626c6564206c6f63616c6c792028a9
:10781c00535453312e504c434153594d290a0d00aa
:10782c005b504c43415d206576656e743a20504c3c
:10783c00434120737461747573206368616e67656e
:10784c00642073696e6365206c6173742063686572
:10785c00636b0a0d000000005b504c43415d206ed1
:10786c006f20504c4341206576656e7420666c61c8
:10787c0067732073696e6365206c61737420636831
:10788c0065636b0a0d0000005b504c43415d207337
:10789c007461742072656164206661696c65642032
:1078ac00617420616464723d307825303858202d25
:1078bc002061626f7274696e670a0d004c414e381c
:1078cc003635582052656164204f4b3a2041646430
:1078dc00723d3078253038582056616c75653d30d6
:1078ec0078253038580a0d005b5645524946595d8b
:1078fc00205041535320616464723d3078253038f8
:10790c0058206d61736b65643d3078253038582094
:10791c00286d61736b20307825303858290a0d009a
:10792c005b5645524946595d204641494c2061649d
:10793c0064723d30782530385820657870656374f2
:10794c0065643d30782530385820676f743d307849
:10795c002530385820286d61736b203078253038ed
:10796c0058290a0d000000005b544553544d4f44f8
:10797c00455d206e6f77202575202d2025730a0d0f
:10798c00000000004c414e38363558205265616479
:10799c00206661696c656420666f72206164647234
:1079ac003d3078253038580a0d0000005b564552a2
:1079bc004946595d204641494c20616464723d3012
:1079cc007825303858202d20726561646261636bb4
:1079dc0020646964206e6f7420636f6d706c6574c5
:1079ec00650a0d004c414e38363558205772697473
:1079fc0065206661696c656420746f2073746172b4
:107a0c00743a20726573756c743d25640a0d000020
:107a1c004c414e383635582057726974652074695c
:107a2c006d656f757420666f7220616464723d3091
:107a3c0078253038580a0d004c414e3836355820d0
:107a4c005772697465204f4b3a20416464723d3023
:107a5c0078253038582056616c75653d3078253066
:107a6c0038580a0d000000004c414e38363558206d
:107a7c005772697465206661696c656420666f7203
:107a8c0020616464723d3078253038580a0d00004e
:107a9c004c414e3836355820524d57206661696c32
:107aac00656420746f2073746172743a207265730c
:107abc00756c743d25640a0d000000004c414e3875
:107acc0036355820524d572074696d656f7574208a
:107adc00666f7220616464723d3078253038580ac4
:107aec000d0000004c414e3836355820524d572071
:107afc004f4b3a20416464723d3078253038582021
:107b0c004d61736b3d3078253038582056616c755b
:107b1c00653d3078253038582046696e616c3d30b3
:107b2c0078253038580a0d004c414e3836355820df
:107b3c00524d57206661696c656420666f722061d6
:107b4c006464723d3078253038580a0d000000000e
:107b5c005b544553544d4f44455d206175746f2df6
:107b6c007265766572743a20726573746f72696ea1
:107b7c0067206e6f726d616c206f706572617469d5
:107b8c006f6e0a0d000000005b5351495d206d6f54
:107b9c006e69746f72696e6720616c6c206e6f64b5
:107bac0065732028776569676874656429202d20c2
:107bbc0027737169272073686f7773207468652049
:107bcc007265706f72740a0d000000005b535149ae
:107bdc005d206d6f6e69746f72696e67206e6f6475
:107bec0065202575202d2027737169272073686ff8
:107bfc00777320746865207265706f72740a0d005b
:107c0c003a204c414e38363578207265676973746a
:107c1c006572732c2074657374206d6f6465732c9e
:107c2c0020504c43410000006c616e004c414e38ba
:107c3c003635585f444941473a205359535f434db9
:107c4c00445f414444475250206661696c65640a44
:107c5c000d0000006e6f726d616c206f706572614b
:107c6c0074696f6e0000000074657374206d6f642e
:107c7c0065203120286f757470757420766f6c7464
:107c8c00616765202f2074696d696e67206a69745d
:107c9c00746572290000000074657374206d6f6444
:107cac0065203220286f75747075742064726f6f44
:107cbc007029000074657374206d6f646520332027
:107ccc0028505344206d61736b202f207472616ea9
:107cdc00736d697474657220646973746f727469fe
:107cec006f6e290074657374206d6f646520342089
:107cfc00287472616e736d6974746572206869673b
:107d0c006820696d706564616e6365290000000010
:107d1c006c6f77207468726573686f6c6420616235
:107d2c006f7665206d6178206c696d69746174691a
:107d3c006f6e000068696768207468726573686f9d
:107d4c006c642061626f7665206d6178206c696d62
:107d5c0069746174696f6e006c6f772074687265fa
:107d6c0073686f6c642062656c6f77206d696e2030
:107d7c006c696d69746174696f6e0000686967681d
:107d8c00207468726573686f6c642062656c6f77c1
:107d9c00206d696e206c696d69746174696f6e0019
:107dac006c6f77207468726573686f6c64206162a5
:107dbc006f76652068696768207468726573686f90
:107dcc006c6400003020776f727374202028534e3f
:107ddc0052203c3d207e3564422c202042455220ce
:107dec003e3d207e332e38452d3229003120202077
:107dfc00202020202028534e52207e352d313064f7
:107e0c00422c2020424552207e332e38452d322ed6
:107e1c002e372e38452d342900000000322020202a
:107e2c00202020202028534e52207e31302d3132fc
:107e3c0064422c20424552207e372e38452d342e5c
:107e4c002e332e34452d3529000000003320202000
:107e5c00202020202028534e52207e31322d3134c8
:107e6c0064422c20424552207e332e34452d352e33
:107e7c002e322e37452d37290000000034202020cb
:107e8c00202020202028534e52207e31342d313694
:107e9c0064422c20424552207e322e37452d372eff
:107eac002e312e34452d3130290000003520202074
:107ebc00202020202028534e52207e31362d313761
:107ecc0064422c20424552207e312e34452d3130d7
:107edc002e2e372e32452d3133290000362020200e
:107eec00202020202028534e52207e31372d31382f
:107efc0064422c20424552207e372e32452d3133a0
:107f0c002e2e392e39452d31362900003720626549
:107f1c00737420202028534e52203e3d207e313851
:107f2c0064422c20424552203c3d207e392e39455e
:107f3c002d313629000000006c616e68656c700094
:107f4c003a206c69737420746865204c414e383645
:107f5c00357820646961676e6f737469637320632d
:107f6c006f6d6d616e6473006c616e5f72656164e0
:107f7c00000000003a2072656164204c414e383696
:107f8c00355820726567697374657220286c616e50
:107f9c005f72656164203c616464725f6865783e01
:107fac00290000006c616e5f7772697465000000d7
:107fbc003a207772697465204c414e38363558201a
:107fcc00726567697374657220286c616e5f777275
:107fdc00697465203c616464725f6865783e203c1e
:107fec0076616c75655f6865783e29006c616e5fc3
:107ffc00726d77003a20726561642d6d6f646966ed
:10800c00792d7772697465202b2076657269667993
:10801c0020286c616e5f726d77203c616464723ee7
:10802c00203c6d61736b3e203c76616c75653e291e
:10803c0000000000746573746d6f646500000000cf
:10804c003a2049454545207472616e736d697474ac
:10805c0065722074657374206d6f64652028746577
:10806c0073746d6f6465205b302e2e345d205b73f2
:10807c0065636f6e64735d2c206e6f206172672078
:10808c003d2073686f772900706c63615f6e6f645d
:10809c00650000003a206765742f73657420504c9e
:1080ac004341206e6f64652049442028706c6361e5
:1080bc005f6e6f6465205b69645d2c206e6f206160
:1080cc0072673a2073686f772063757272656e748d
:1080dc0029000000706c63615f73746174000000b0
:1080ec003a20504c434120627573206865616c7472
:1080fc00682062656c6f772049502d6672616d65e2
:10810c00206c6576656c20286c696e6b2f6e6f64c5
:10811c0065732f544f2b424541434f4e20636f756f
:10812c006e74732f6576656e7473290073716900b4
:10813c003a20636f6e74696e756f7573205369673f
:10814c006e616c205175616c69747920496e64693b
:10815c006361746f722028737169205b6e6f646544
:10816c007c616c6c7c6f66665d2c2073716920720f
:10817c0065706f7274203c7365633e7c6f66662c11
:10818c00206e6f206172673a2073686f772072657a
:10819c00706f72742900000020206462673a2072ac
:1081ac00785f686f6f6b3d256c75207061737365bc
:1081bc00645f66696c7465723d256c7520706f6fb9
:1081cc006c5f656d7074793d256c75206e6f5f65a5
:1081dc007468313d256c752074785f7375626d69b8
:1081ec00747465643d256c750a0d00002020646272
:1081fc00673a2061636b5f6f6b3d256c7520616323
:10820c006b5f6661696c3d256c75206c6173745f86
:10821c0061636b5f7265733d2564206d61785f6c83
:10822c00656e5f7375626d69747465643d25752048
:10823c006d61785f6c656e5f6f6b3d25750a0d0027
:10824c0020206462673a207472756e636174656491
:10825c003d256c7520286672616d6573206375749d
:10826c0020746f20257520627974657320626566b1
:10827c006f7265206d6972726f72696e67290a0d73
:10828c0000000000526566757365643a20736e6970
:10829c0066666572206973204f4e2e206d6972726e
:1082ac006f7220616e6420736e6966666572206100
:1082bc00726520616c7465726e6174697665206399
:1082cc00617074757265206d6f6465732e0a0d0094
:1082dc0052756e2027736e69666665722030272092
:1082ec0066697273742c207468656e20276d6972d0
:1082fc00726f722031272e0a0d00000065746830f1
:10830c0028543153292d3e65746831206d69727281
:10831c006f723a2025730a0d000000002020436183
:10832c007074757265206f6e2074686520504320e0
:10833c0028657468312920696e20576972657368e5
:10834c0061726b20746f20736565207468652054ae
:10835c0031532062757320747261666669633a0ae0
:10836c000d000000202052582028656e64706f6943
:10837c006e74202d3e206272696467653a207265c6
:10838c00706c6965732f4152502920414e44207402
:10839c006865206272696467652773206f776e2049
:1083ac0054582e0a0d00000075736167653a2062ff
:1083bc0069676672616d65203c746f74616c5f6691
:1083cc0072616d655f6c656e5f62797465733e207a
:1083dc00202825752e2e2575290a0d0062696766e1
:1083ec0072616d653a206c656e677468206d75738b
:1083fc00742062652025752e2e25750a0d0000004f
:10840c006269676672616d653a2065746831206ec9
:10841c006f742075700a0d006269676672616d6514
:10842c003a207061636b657420616c6c6f632066bd
:10843c0061696c65640a0d006269676672616d65dd
:10844c003a2073656e64696e672025752d627974a8
:10845c006520726177206672616d65206f6e206594
:10846c0074683120286473743d62726f6164636157
:10847c0073742c206574686572747970653d3078fe
:10848c0025303458290a0d005b534e494646455257
:10849c005d20543153207472616e736d6974746510
:1084ac0072202573202d20434f4e4649524d454492
:1084bc0020627920726561646261636b206f662053
:1084cc00543153504d4143544c2e5458440a0d00d2
:1084dc005b534e49464645525d204552524f523ae7
:1084ec0020636f756c64206e6f7420257320746824
:1084fc006520543153207472616e736d69747465a8
:10850c00722028543153504d4143544c2e545844ee
:10851c00292e0a0d000000002020202020202020e1
:10852c002020546865206272696467652069732035
:10853c004e4f54206b6e6f776e20746f20626520e7
:10854c0073696c656e74202d20636865636b20778e
:10855c0069746820276c616e5f7265616420307885
:10856c003030303330384639270a0d002020202097
:10857c002020202020202854584420697320626930
:10858c00742031342c206d61736b20307830303096
:10859c0030343030302920616e6420726570656132
:1085ac00742074686520636f6d6d616e642e0a0da6
:1085bc00000000006e6f7420636f6e6669726d65eb
:1085cc006420796574202d20766572696679696ef0
:1085dc00672c20776174636820666f72205b534e42
:1085ec0049464645525d00004e4f5420434f4e467f
:1085fc0049524d4544202d20636865636b20776993
:10860c00746820276c616e5f72656164203078300d
:10861c00303033303846392700000000656e616217
:10862c006c65642028636f6e6669726d6564206288
:10863c007920726561646261636b2900646973619e
:10864c00626c65642028636f6e6669726d65642068
:10865c00627920726561646261636b2900000000bd
:10866c00526566757365643a206d6972726f72201b
:10867c006973204f4e2e206d6972726f7220616e7d
:10868c006420736e69666665722061726520616c28
:10869c007465726e6174697665206361707475724d
:1086ac0065206d6f6465732e0a0d000052756e2087
:1086bc00276d6972726f722030272066697273742d
:1086cc002c207468656e2027736e6966666572204f
:1086dc0031272e0a0d000000657468302854315380
:1086ec00292d3e6574683120736e69666665723a31
:1086fc002025730a0d000000202054315320747281
:10870c00616e736d69747465723a2025730a0d007d
:10871c00202043617074757265206f6e20746865db
:10872c002050432028657468312920696e205769d0
:10873c007265736861726b20746f2073656520417c
:10874c004c4c2054315320627573207472616666f0
:10875c0069632c0a0d0000002020696e636c75643f
:10876c00696e67206672616d6573206265747765ea
:10877c00656e206f74686572206e6f64657320740b
:10878c0068617420646f206e6f7420696e766f6cf4
:10879c0076652074686973206272696467652e0a55
:1087ac000d0000002020543153207472616e736de3
:1087bc0069747465722064697361626c65642028e5
:1087cc00706173736976652074617029202d206641
:1087dc006f7277617264696e67206973207061755e
:1087ec00736564206d65616e7768696c652e0a0d22
:1087fc00000000004d4952524f523a20706f6f6c7e
:10880c0020696e697420676f74206f6e6c792025f7
:10881c00752f257520627566666572730a0d0000ea
:10882c003a20657468302d3e6574683120706f7223
:10883c0074206d6972726f7220666f722057697244
:10884c0065736861726b00007370616e00000000ec
:10885c004d4952524f523a205359535f434d445f46
:10886c00414444475250206661696c65640a0d00ae
:10887c004d4952524f523a20657468302854315346
:10888c00292d3e65746831206d6972726f72206596
:10889c006e61626c65642066726f6d20656e760a1f
:1088ac000d000000534e49464645523a2065746807
:1088bc00302854315329207472616e736d6974744d
:1088cc00657220737570707265737365642066725f
:1088dc006f6d20656e7620287065726d616e656ea9
:1088ec007420736e6966666572290a0d00000000bb
:1088fc003a206d6972726f72206574683028543139
:10890c0053292052582b545820746f2065746831a9
:10891c0020666f722057697265736861726b2028cc
:10892c006d6972726f72205b307c315d29000000c2
:10893c003a206d6972726f7220414c4c20657468dc
:10894c0030285431532920525820746f2065746894
:10895c00312c206e6f74206a75737420746869737f
:10896c00206272696467652773206f776e2074725a
:10897c0061666669632028736e6966666572205b42
:10898c00307c315d290000006269676672616d653b
:10899c00000000003a2073656e64206f6e652072d3
:1089ac006177206f76657273697a6564206672618f
:1089bc006d65207374726169676874206f757420bb
:1089cc006574683120286269676672616d65203c48
:1089dc00746f74616c5f6c656e3e29005b4e6f4901
:1089ec00505d2054583d2575202052583d25750d5d
:1089fc000a0000005b4e6f49505d20636f756e740a
:108a0c00206d75737420626520312e2e25750d0a2c
:108a1c00000000005b4e6f49505d206761705f6d18
:108a2c0073206d75737420626520302e2e25750da4
:108a3c000a0000005b4e6f49505d2073697a652017
:108a4c006d7573742062652025752e2e25750d0aa3
:108a5c00000000005b4e6f49502d54585d2073741c
:108a6c0061727420636f756e743d2575206761703b
:108a7c005f6d733d25752073697a653d25750d0a0b
:108a8c00000000005b4e6f49502d54585d207365fb
:108a9c006e64206661696c65642061742073657115
:108aac003d25750d0a0000005b4e6f49502d545842
:108abc005d2073656e74207365713d25750d0a001c
:108acc005b4e6f49502d52585d20232575207365e0
:108adc00713d25752066726f6d20253032583a2510
:108aec003032583a253032583a253032583a2530ff
:108afc0032583a25303258206c656e3d256420740e
:108b0c00733d256c6c75206d730d0a003a207261f3
:108b1c00772045746865726e6574206672616d6548
:108b2c002074657374202845746865725479706577
:108b3c002030783838423529000000006e6f69709b
:108b4c00000000004e4f49503a205359535f434d9b
:108b5c00445f414444475250206661696c65640a25
:108b6c000d0000006e6f69705f73656e640000002d
:108b7c003a2073656e64204e2072617720457468cc
:108b8c0065726e6574206672616d657320627970b2
:108b9c00617373696e672054435020737461636b07
:108bac0020286e6f69705f73656e64203c6e3e208a
:108bbc005b6761705f6d735d290000006e6f69709b
:108bcc005f737461740000003a2073686f77204ef5
:108bdc006f49502054582f525820636f756e74652e
:108bec0072730000737461727400000074657374a6
:108bfc007365727665723a20616c72656164792076
:108c0c0072756e6e696e67206f6e20706f72742055
:108c1c0025750a0d00000000746573747365727617
:108c2c0065723a2054435049505f5443505f53652a
:108c3c00727665724f70656e206661696c65640a48
:108c4c000d000000746573747365727665723a205a
:108c5c006c697374656e696e67206f6e20706f72cd
:108c6c00742025750a0d0000746573747365727633
:108c7c0065723a206e6f742072756e6e696e670a3b
:108c8c000d000000746573747365727665723a201a
:108c9c0073746f70706564202872783d256c752034
:108cac0074783d256c75206279746573290a0d0002
:108cbc0075736167653a2074657374736572766554
:108ccc0072205b7374617274205b706f72745d7c64
:108cdc0073746f705d0a0d007465737473657276ce
:108cec0065723a2069646c650a0d000074657374d2
:108cfc007365727665723a206c697374656e696e11
:108d0c0067206f6e20706f72742025752c206e6f2b
:108d1c0020636c69656e74207965740a0d0000001f
:108d2c00746573747365727665723a206563686fe7
:108d3c00696e67206f6e20706f7274202575202805
:108d4c0072783d256c752074783d256c75206279a0
:108d5c00746573290a0d00007465737473657276fb
:108d6c0065723a20636c69656e7420636f6e6e6514
:108d7c00637465640a0d00007465737473657276b0
:108d8c0065723a20636c69656e7420646973636ff5
:108d9c006e6e6563746564202872783d256c752051
:108dac0074783d256c75206279746573290a0d0001
:108dbc003a20544350206563686f207465737420a7
:108dcc0073657276657220666f722062616e64776d
:108ddc00696474682d72616d702074657374696e4a
:108dec0067000000746573747365727665720000b9
:108dfc00544553545345525645523a205359535f98
:108e0c00434d445f414444475250206661696c6550
:108e1c00640a0d003a20544350206563686f207437
:108e2c00657374207365727665722028746573742b
:108e3c00736572766572205b7374617274205b70fb
:108e4c006f72745d7c73746f705d290072657665ea
:108e5c007274696e6700000041524d454420256cc8
:108e6c007573206c65667400424c3a20737461749f
:108e7c00653d25732062616e6b3d25632072783de4
:108e8c00256c75207772697474656e3d256c752040
:108e9c0073697a653d256c75206572723d25752068
:108eac00282573292070726f626174696f6e3d257d
:108ebc00730a0d00424c3a204552522025730d0a7c
:108ecc0000000000626f6f746c6f61643a20666121
:108edc00696c6564202d202573202872783d256ce3
:108eec0075207772697474656e3d256c75290a0d51
:108efc000000000050415353000000004641494c13
:108f0c0000000000626f6f746c6f6164202d206430
:108f1c0075616c2d62616e6b206669726d77617222
:108f2c006520757064617465202872656365697667
:108f3c00652c207665726966792c20636f6d6d697e
:108f4c0074290a0d00000000202072756e6e696e87
:108f5c00672062616e6b2020202020203a20256340
:108f6c0020285354415455532e4146495253543d95
:108f7c002575292c206d617070656420617420301a
:108f8c007830303030303030300a0d0020207570a1
:108f9c0064617465207461726765742020202020e0
:108fac003a2030782530386c58202e2e20307825f9
:108fbc0030386c58202862616e6b202563290a0dad
:108fcc000000000020206d617820696d61676520cc
:108fdc0020202020202020203a20256c752062792a
:108fec00746573202862616e6b20256c75202d20b2
:108ffc00454550524f4d2077696e646f772031365e
:10900c00333834290a0d000020206c697665206500
:10901c006e762077696e646f772020203a20307846
:10902c002530386c58202e2e2030782530386c584e
:10903c0020286e65766572207772697474656e206f
:10904c0068657265290a0d00202070616765202f04
:10905c0020626c6f636b2020202020203a20256c2e
:10906c0075202f20256c752062797465730a0d00ac
:10907c002020726567696f6e206c6f636b732020a4
:10908c00202020203a2052554e4c4f434b3d3078f7
:10909c002530386c58202831203d20756e6c6f635c
:1090ac006b6564290a0d00002020646174612070d6
:1090bc006f72742020202020202020203a2025753b
:1090cc000a0d0000202070726f626174696f6e204f
:1090dc0020202020202020203a202573202877696a
:1090ec006e646f77202575732c2073776170202345
:1090fc00256c75290a0d000020206e6f74652066a2
:10910c006f756e6420617420626f6f743a206d61ac
:10911c006769633d30782530386c582073746174fe
:10912c00653d256c7520636f756e743d256c7520df
:10913c006372633d30782530386c582072636175ea
:10914c0073653d30782530326c580a0d00000000f4
:10915c0061726d00424c3a2045525220616c72652e
:10916c006164792d61637469766520287374617408
:10917c00653d2573290a0d00424c3a204552522078
:10918c0075736167653a20626f6f746c6f616420f0
:10919c0061726d203c62797465733e203c6372632e
:1091ac0033326865783e0a0d00000000424c3a20cc
:1091bc004552522073697a6520256c75206e6f7448
:1091cc0020696e20312e2e256c750a0d00000000d2
:1091dc00424c3a20455252207365727665722d6f5f
:1091ec0070656e0a0d000000424c3a205245414415
:1091fc005920706f72743d2575206d61783d256c1a
:10920c00750a0d0061626f7274000000424c3a20c6
:10921c00455252206e6f742d6163746976650a0d28
:10922c0000000000424c3a2041424f525445440a3f
:10923c000d000000636f6d6d69740000424c3a20a4
:10924c00455252206e6f207665726966696564209e
:10925c00696d616765202873746174653d25732998
:10926c000a0d0000424c3a20434f4d4d49542065a5
:10927c006e762d636f70792b62616e6b7377617094
:10928c0020696e2025756d732c2074686520626fc3
:10929c006172642077696c6c2072657365740a0d59
:1092ac0000000000636f6e6669726d00424c3a20dc
:1092bc00434f4e4649524d454420696d61676520c8
:1092cc006b6570742c20726f6c6c6261636b2063c5
:1092dc00616e63656c6c65640a0d0000626f6f747f
:1092ec006c6f61643a20636f6e6669726d656420a1
:1092fc002d20746865206e657720696d6167652027
:10930c006973206b6570740a0d000000424c3a20a2
:10931c00434f4e4649524d4544206e6f7468696efa
:10932c0067207761732070656e64696e670a0d0043
:10933c007665726966790000424c3a20455252209b
:10934c0075736167653a20626f6f746c6f6164202e
:10935c00766572696679203c62797465733e203c4f
:10936c0063726333326865783e0a0d00424c3a20d2
:10937c0052554e4e494e472062616e6b3d2563201f
:10938c0073697a653d256c75206372633d30782571
:10939c0030386c58206d617463683d25750a0d007a
:1093ac0073656c667465737400000000424c3a205f
:1093bc004552522062757379202873746174653d2f
:1093cc002573290a0d000000424c3a2045525220c8
:1093dc0061646472206d75737420626520626c6fb9
:1093ec00636b2d616c69676e656420696e7369646b
:1093fc00652030782530386c582e2e307825303852
:10940c006c580a0d00000000626f6f746c6f616421
:10941c002073656c66746573743a2062616e6b20a0
:10942c0025632069732072756e6e696e673b2065cb
:10943c00726173696e672b77726974696e6720301d
:10944c00782530386c580a0d00000000424c3a2048
:10945c004641494c206572617365207265706f726c
:10946c0074656420616e204e564d4354524c2065f9
:10947c0072726f720a0d0000424c3a204641494c00
:10948c0020256c75206f6620256c7520776f7264b3
:10949c0073206e6f7420626c616e6b2061667465f4
:1094ac00722065726173650a0d000000424c3a200f
:1094bc004641494c2070616765207772697465205c
:1094cc007265706f7274656420616e204e564d43e8
:1094dc0054524c206572726f720a0d002020657216
:1094ec0061736520256c752075732c2077726974f7
:1094fc006520256c752075732c2072656164626122
:10950c00636b205b305d3d30782530386c58205bc8
:10951c003132375d3d30782530386c580a0d0000fb
:10952c00424c3a2073656c66746573742025732005
:10953c0028256c75206d69736d61746368696e673d
:10954c0020776f726473290a0d00000075736167d0
:10955c00653a20626f6f746c6f6164205b696e6634
:10956c006f7c61726d203c62797465733e203c6344
:10957c00726333326865783e7c61626f72747c63af
:10958c006f6d6d69747c636f6e6669726d7c7665e8
:10959c0072696679203c62797465733e203c637213
:1095ac006333326865783e7c73656c66746573747e
:1095bc00205b616464725f6865785d5d0a0d000014
:1095cc00626f6f746c6f61643a206e6f7420636f9e
:1095dc006e6669726d65642077697468696e2025a2
:1095ec007573202d207377617070696e67206261ce
:1095fc00636b20746f207468652070726576696f78
:10960c00757320696d616765206e6f770a0d0000b8
:10961c00626f6f746c6f61643a20636c69656e7411
:10962c0020636f6e6e6563746564206f6e20706f5f
:10963c0072742025750a0d006e6f2d636c69656e52
:10964c00742d74696d656f7574000000636f6e6eb8
:10965c00656374696f6e2d6c6f7374007374616cd9
:10966c006c6564006d616769630000006865616426
:10967c0065722d6372630000646f65732d6e6f7479
:10968c002d6d617463682d61726d0000626f6f7473
:10969c006c6f61643a20726563656976696e6720e8
:1096ac00256c7520627974657320696e746f203037
:1096bc00782530386c58202862616e6b2025632029
:1096cc0069732072756e6e696e67290a0d00000051
:1096dc006e766d2d6572726f72000000424c3a20ee
:1096ec004552522063726320676f743d3078253089
:1096fc00386c582077616e743d30782530386c5852
:10970c000d0a0000626f6f746c6f61643a204352f3
:10971c0043206d69736d61746368202d20696d61e0
:10972c00676520696e2074686520696e6163746971
:10973c0076652062616e6b206973204e4f542075e4
:10974c007361626c650a0d00424c3a204f4b2077d6
:10975c0072697474656e3d256c75206372633d305f
:10976c00782530386c580d0a00000000626f6f7459
:10977c006c6f61643a20696d61676520766572690a
:10978c006669656420696e2074686520696e616322
:10979c00746976652062616e6b2028256c75206279
:1097ac00797465732c206372633d30782530386c86
:1097bc0058292e0a0d626f6f746c6f61643a202702
:1097cc00626f6f746c6f616420636f6d6d69742769
:1097dc0020616374697661746573206974202862f2
:1097ec00616e6b2073776170202b207265736574ca
:1097fc00292e0a0d00000000626f6f746c6f61649b
:10980c003a20656e7669726f6e6d656e7420636f4b
:10981c007079204641494c4544202d2062616e6b85
:10982c0073204e4f5420737761707065642c206eda
:10983c006f7468696e67206368616e6765640a0d92
:10984c0000000000626f6f746c6f61643a20656e8b
:10985c007669726f6e6d656e7420636f7069656486
:10986c002030782530386c58202d3e20307825302b
:10987c00386c5820696e20256c752075733b2073ed
:10988c0077617070696e672062616e6b7320696eb0
:10989c002025756d73202864657669636520726573
:1098ac0073657473290a0d00626f6f746c6f616459
:1098bc003a20424b535752535420646964206e6fc4
:1098cc00742074616b652065666665637420284935
:1098dc004e54464c41473d307825303458290a0dba
:1098ec00000000003a206475616c2d62616e6b2083
:1098fc006669726d7761726520757064617465005c
:10990c00626f6f746c6f616400000000424f4f54c3
:10991c004c4f41443a205359535f434d445f4144ab
:10992c0044475250206661696c65640a0d00000062
:10993c00626f6f746c6f61643a20646973636172f7
:10994c0064696e672061207374616c652070726f3e
:10995c00626174696f6e206e6f7465202872657316
:10996c00657420636175736520776173206e6f7405
:10997c00204e564d290a0d00626f6f746c6f616436
:10998c003a207468697320696d616765206973207a
:10999c004f4e2050524f424154494f4e20616674f5
:1099ac00657220612062616e6b2073776170202874
:1099bc0023256c75292e0a0d626f6f746c6f6164b0
:1099cc003a2027626f6f746c6f616420636f6e66f0
:1099dc0069726d272077697468696e20257573200c
:1099ec006b65657073206974202d206f74686572c7
:1099fc00776973652074686520626f617264207387
:109a0c0077617073206261636b20746f207468657a
:109a1c002070726576696f757320696d6167652e4c
:109a2c000a0d0000626f6f746c6f61643a20746889
:109a3c00652070726576696f7573207570646174da
:109a4c00652077617320524f4c4c45442042414372
:109a5c004b202d20697420776173206e6f74206306
:109a6c006f6e6669726d65642077697468696e20c3
:109a7c002575732c20736f207468697320286f6ca4
:109a8c006465722920696d61676520776173207246
:109a9c006573746f7265642e205377617020232573
:109aac006c752e0a0d0000003a206669726d7761a4
:109abc0072652075706461746520696e746f2074b2
:109acc00686520696e61637469766520666c617384
:109adc00682062616e6b2028626f6f746c6f6164ba
:109aec0020696e666f7c61726d7c61626f72747cd2
:109afc00636f6d6d69747c636f6e6669726d7c7675
:109b0c0065726966797c73656c667465737429001b
:109b1c0077726f6e672d7374617465006261642d6a
:109b2c0061726773000000006261642d73697a656d
:109b3c0000000000736f636b657400006261642d3c
:109b4c006865616465720000636f6e6e656374694d
:109b5c006f6e00006372632d6d69736d6174636861
:109b6c0000000000656e762d636f707900000000b8
:109b7c0049444c4500000000574149545f434f4e47
:109b8c004e000000524543565f484452000000000e
:109b9c00524543565f494d47000000005645524917
:109bac0046590000564552494649454400000000bc
:109bbc00434f4d4d49545f5741495400434f4d4d10
:109bcc0049545f53574150002028464f5243454457
:109bdc00202d20657363616c617465642066726fff
:109bec006d204d656d2f4275732f557361676546fa
:109bfc0061756c74290000006e6f742076616c695d
:109c0c0064000000554e444546494e5354520000e2
:109c1c00494e56535441544500000000494e56508d
:109c2c00430000004e4f435000000000554e414c85
:109c3c0049474e454400000044495642595a455242
:109c4c004f00000049425553455252005052454373
:109c5c004953455252000000494d50524543495317
:109c6c004552520053544b45525200004941434314
:109c7c0056494f4c000000004441434356494f4c59
:109c8c0000000000286e6f6e65206465636f64656c
:109c9c0064202d2072617720434653522061626ffd
:109cac00766520697320617574686f72697461746c
:109cbc0069766529000000000a0d3d3d3d204c6190
:109ccc007374202573203d3d3d0a0d50433d307883
:109cdc002530386c5820204c523d30782530386c6b
:109cec005820205053523d30782530386c580a0d8e
:109cfc0052303d30782530386c58202052313d3070
:109d0c00782530386c58202052323d307825303848
:109d1c006c58202052333d30782530386c58202038
:109d2c005231323d30782530386c580a0d43465349
:109d3c00523d30782530386c582020484653523ddf
:109d4c0030782530386c5825730a0d424641523d07
:109d5c0030782530386c58202825732920204d4d1b
:109d6c004641523d30782530386c582028257329cf
:109d7c000a0d466c6167733a2025730a0d526573a0
:109d8c006f6c766520504320776974683a2078634d
:109d9c0033322d61646472326c696e65202d6620dd
:109dac002d65203c6275696c643e2e656c662030b6
:109dbc00782530386c580a0d3d3d3d3d3d3d3d3dcf
:109dcc003d3d3d3d3d3d3d3d3d3d3d3d3d3d0a0d1a
:109ddc00000000006661756c746c6f673a206e6fe2
:109dec00206661756c74207265636f7264656420a3
:109dfc0073696e6365204261636b75702052414dcf
:109e0c0020776173206c61737420626c616e6b0ad5
:109e1c000d0000006661756c746c6f673a20636ca2
:109e2c0065617265640a0d00486172644661756c07
:109e3c00740000004d656d4d616e6167654661751e
:109e4c006c7400004275734661756c740000000000
:109e5c0055736167654661756c7400002020252d73
:109e6c003130732020286e6f2073616d706c6573b8
:109e7c0020796574290a0d002020252d313073209e
:109e8c0020252d396c752020252d396c7520202529
:109e9c002d386c752020252d376c752020252d37fd
:109eac006c750a0d00000000454e41424c454400c3
:109ebc0064697361626c6564202d2073686f7769c7
:109ecc006e67206c6173742076616c7565732c20e1
:109edc00696620616e7900006379636c65730000bc
:109eec006370756c6f61643a202573202844575455
:109efc00206379636c6520636f756e7465722c20ba
:109f0c0025752e25754d487a20636f726520636c1c
:109f1c006f636b290a0d00002020736c6f74202076
:109f2c002020202020206e202020202020202020d7
:109f3c00206d696e20202020202020206d6178204b
:109f4c002020202020206d65616e20202020206d97
:109f5c00656469616e2020282573290a0d000000b4
:109f6c002d2d206d61696e206c6f6f70202d2d0a68
:109f7c000d0000002d2d20696e7465727275707461
:109f8c0073202d2d0a0d0000544f54414c3a206d76
:109f9c0065616e20256c75206379636c6573202870
:109fac00256c752075732920706572207061737330
:109fbc00202d3e2061766720256c75206c6f6f70ac
:109fcc00732f730a0d000000544f54414c3a202853
:109fdc006e6f2073616d706c657320796574290ade
:109fec000d0000004c6f6164207673206661737401
:109ffc0065737420706173733a20256c7525252068
:10a00c00286d65616e20256c75207673206d696ee8
:10a01c0020256c75206379636c6573290a0d00002b
:10a02c004c6f616420767320666173746573742061
:10a03c00706173733a20286e6f2073616d706c655c
:10a04c007320796574290a0d0000000043505520d7
:10a05c006c6f61643a20696e74657272757074739a
:10a06c0020256c7525252c207461736b7320256c51
:10a07c007525252c20746f74616c20256c75252535
:10a08c000a0d0000435055206c6f61643a20286e15
:10a09c006f2073616d706c657320796574290a0d7e
:10a0ac00000000006d656469616e3a206c61737428
:10a0bc00203c3d25752073616d706c65732f736c3e
:10a0cc006f74202d206d696e2f6d61782f6d656119
:10a0dc006e3a2073696e6365206c617374207265cf
:10a0ec007365740a0d0000006370756c6f61643adf
:10a0fc0020616c7265616479206c697665206f6e85
:10a10c0020616e6f7468657220636f6e736f6c651f
:10a11c00202d20277127207468657265206669726e
:10a12c0073740a0d000000006370756c6f6164201d
:10a13c006c6976653a202772272072657365747393
:10a14c002c202774272f2763272073776974636863
:10a15c002075732f6379636c65732c20277127200e
:10a16c0071756974730a0d000a0d6370756c6f61fb
:10a17c0064206c6976653a2073746f707065640a3c
:10a18c000d0000001b5b2575410d1b5b4a00000098
:10a19c007379735f636d64006d69696d0000000015
:10a1ac006e65745f70726573000000006170700002
:10a1bc00544f54414c0000006973725f646d6163cd
:10a1cc00300000006973725f646d616331000000e0
:10a1dc006973725f737069006973725f7573617212
:10a1ec00740000006973725f676d616300000000aa
:08a1fc006973725f74633000a7
:020000040000fa
:10a204002de9f04fa5b0994600230c9217930a90bc
:10a21400002801f0a8810a9ad2f844238846002a2b
:10a2240062d00c9a002a00f0b380b8f1050f00f058
:10a23400c980b8f10f0f00f0c5800a9ad2f824a3a0
:10a24400baf1000f01f0e9810c99052900f2a08010
:10a254002a22ca40d50700f18787042940f0988054
:10a26400ac4adaf820901268adf87c20120c8df814
:10a274007e20b9f1000f01f0b6800df17c08c346d1
:10a284000df17f0620af98469bf800500022022d66
:10a29400c7e90022c7e9022200f0d287042d01f0a9
:10a2a400fb80012d40f002840a9bd3f818239c6a9a
:10a2b40022b12392d3f81c2321952292002c01f081
:10a2c400c9802a464946204640f054ff01282a46c0
:10a2d40000f0ec83daf81c1020463ff01ff9012847
:10a2e40040f0e4832468e9e70a9c0c99c4e9d52288
:10a2f40024f0c4f8071ec0f226810a9ad2f87832f4
:10a304001469a34267d3d2f874520a9ed6f87c32f9
:10a31400009306f51e742846012317aa214638f037
:10a324004dfe071e3edbd6f87c522146d6f8744219
:10a3340001230027cde9003720aa2b46204635f01b
:10a34400b3fe071e40f0af87d6f87832209a7261c8
:10a354001a441c4495423466c6f8782240f0c582fb
:10a364000a99179b8a699a4241f0328191f85c33c9
:10a374009e070a4640f11c870a9a92f85e339d07ad
:10a3840040f1e9800c9b8bb97f2382f8f5323b4680
:10a394000a9ad2f854732fb90a9ad2f85873002f34
:10a3a40008bf1f46384625b0bde8f08fb8f1050f49
:10a3b40003d0b8f10f0f40f0ce800a9a7f2382f8c1
:10a3c400f5323b460a9ad2f85473002fe4d00c9a23
:10a3d400052ae1d0e6e70a990a6a012a41f3c7800f
:10a3e400d1f87452c1f8b032e818e61ac1e9aa06e5
:10a3f4000b90002801f0b78003780127a32b18974e
:10a4040040f073820097334619aa18a9824638f09f
:10a4140095fd0028c0f269821346cde900670a461b
:10a42400504630213ff02cff0028c0f25e82189b7a
:10a434009e4240f28480002310933746cdf8449026
:10a444000b9d00970123019318aa19ab30212846cc
:10a454003ff016ff0028c0f248820097002406232c
:10a464001aaa18a928461a9437f094f80028c0f2ba
:10a474001e87189b5a1c9742c0f02a87e95c012961
:10a4840000f0af850b9e00970125019519ab18aa22
:10a49400042130463ff0f4fe0028c0f20887dde9cd
:10a4a40019b3ddf860a032465244a82b069200f29c
:10a4b4003a867f2b40f2ab85803b282b2cd8dfe8f3
:10a4c40013f01b04e4032b0064032b00f8022b009d
:10a4d4002b002b002b002b002b002b002b002b0020
:10a4e4002b001a02b20130002b002b0072010b0169
:10a4f4007f002b002b002b002b002b002b002b00ac
:10a504002b002b002b002b002b002b002b002b00ef
:10a514002b00670104400000002c109b18bf234649
:10a5240010930aeb0b039f42189389d8dde9103985
:10a53400002b40f0c3860a9b1c69d3f874520a9b13
:10a54400c3f87842e1e607f19703012b3ff62aafff
:10a55400c4f85473d1e60a9991f85c3300225c077d
:10a56400c1f8242300f14386980740f1bc870c9b73
:10a57400032b00f0b8870a9c484604f533713df07c
:10a584001ff8c4f82403002840f03c864c342146cc
:10a5940048463ef0ebfc0a9bc3f8240340b10a9af8
:10a5a40092f85c33590740f156860023c2f82433ed
:10a5b4000a9b93f85e339c0700f146863b4630e6df
:10a5c4000a9e96f85d3313f0010340f061871e93f1
:10a5d4002093d6f85c33e20623f0006342f48072e1
:10a5e40023f480731343c6f85c33bbf1000f00f00f
:10a5f4007c81069802780123302a1f9340f07581ec
:10a60400009320ab1a461fa95b460792814638f097
:10a6140095fc0028c0f26981dde91f32002a1e93ef
:10a62400c0f263815b45bff47caf5d46ddf81cb0ce
:10a634001eac00950a235a462146484636f0aaff26
:10a6440010f1940f19d00028c0f24f81209b4f2b9a
:10a654000bd8462b11d9473b082b0ed8dfe803f063
:10a66400352e27200d0d0d191200972b05d196f8c4
:10a67400fa3243f0010386f8fa321e9bab42d8d378
:10a68400ab464ee796f8fa3243f0400386f8fa32c6
:10a69400f3e796f8fa3243f0200386f8fa32ece74f
:10a6a40096f8fa3243f0100386f8fa32e5e796f8a2
:10a6b400fa3243f0080386f8fa32dee796f8fa3203
:10a6c40043f0040386f8fa32d7e796f8fa3243f0f7
:10a6d400020386f8fa32d0e70a9991f85d3313f051
:10a6e400100340f0d586cde91d332093d1f85c33b7
:10a6f400620523f4001342f4805223f4805313437d
:10a70400c1f85c33bbf1000f00f0ef80069c2278a7
:10a714000123302a20461f9340f0e780009320aaab
:10a724005b461fa938f00afc0028c0f2de80dde990
:10a734001f23002b40f3d980531c5b4500f2d580c6
:10a744001d93a35c802b00f0cb85812b40f0cd8042
:10a754000a9a92f85d3343f0400382f85d33069c15
:10a76400012300931eaa5b461da9204638f0e6fb90
:10a774000028c0f2ba801e9b012b00f3b6801d9bfb
:10a784005b4580f0b2800a9ae35c82f8f632c8e650
:10a794000a9a92f85e33d90700f17a8643f00103ee
:10a7a40082f85e33bde60a9e96f85c33590700f1e1
:10a7b4006f86d6f85c23e30522f4000222f004023b
:10a7c40043f004031343c6f85c33002c40f0ad8619
:10a7d400cde91d442094bbf1000f00f0868006985b
:10a7e40003780125302b1f957fd100955b4620aa65
:10a7f4001fa9814638f0a2fb002876db209a1f9916
:10a804001e92002a71db4a1993456ed31d9219f8e2
:10a814000120802a00f0cb8596f85c3364f3820330
:10a8240086f85c337de60a9991f85d3313f00203f0
:10a8340040f02e86cde91d332093d1f85c33069881
:10a84400a20423f4802342f4007223f4007313431c
:10a85400c1e9af0bc1f85c33bbf1000f45d00478fc
:10a864000125302c06461f953fd100955b4620aa52
:10a874001fa938f063fb002837db209b1f9a1e9327
:10a88400002b1d9231db1dab21461eac1a460893ea
:10a89400cde900b5234630463ff0f2fc002824db26
:10a8a4001d9b5919594500f28886f25ca02a00f0d4
:10a8b400af855b45bff435aea12a00f021861d9b10
:10a8c4005a1c5a453ff62dae0699cb5ca22b7ff459
:10a8d40028ae01231d9200930899069822465b46f0
:10a8e40038f02cfb0028bff61cae6ff08b073846ff
:10a8f40025b0bde8f08f0a9991f85c3313f0100f7e
:10a904000cbf6ff0c506002613f0080340f0c085a5
:10a91400cde91b332093d1f85c33220623f08073f6
:10a9240042f0080223f008031343c1f85c33bbf17f
:10a93400000fdad0069d2a780123302a28461f9377
:10a94400d3d100931fab20aa194606935b46079206
:10a9540038f0f4fa0028c8db209b1f9c1c93002bc2
:10a964001b94c2db5c4580f09e80cde9127a14967c
:10a9740027465e462c46cdf854800123e55d0093be
:10a984001f441caa33461ba920461b9738f0d6fa4d
:10a994000028aadda02d00f03683a12da5d10a9ba5
:10a9a40003f1340bdde91b7a00221d9204eb070846
:10a9b400baf1000f6ed01eab09931dabcde90d4665
:10a9c40008930f97564604e01e9b1c44b4421d9402
:10a9d4005bd20125dde908233021cde9006540463d
:10a9e4003ff04efcdde9062a002833465146404636
:10a9f400fff67baf1d9cb44204eb0507bff475afb3
:10aa0400209718f80470009538f098fa07f01f0999
:10aa14001623002823fa09f37ff767afdb07d3d5a2
:10aa2400b806069b524608d5cde90065302140465c
:10aa34003ff026fc0028fff658af10203cf078fecb
:10aa4400054600283ff451afddf87ca00af101006f
:10aa54003cf06efe07466860002800f0b38520993c
:10aa64005246414444f084f9002307f80a30dbf8e5
:10aa740000302b601e9bc5f808a01c44b44285f826
:10aa84000c90cbf800501d94a3d30f9f0d9cb2469d
:10aa94000e9e5744b7421b97fff46fafb346dde9f0
:10aaa400127adde91468002e3ff43bad6ff0c50760
:10aab40078e40a9a92f85d5315f0080540f0e884aa
:10aac40023051446d2f85c23209522f4801243f423
:10aad400006322f400621343c4f85c33bbf1000f3b
:10aae4003ff403af069e32780123302a30461f9389
:10aaf4007ff4fbae009320aa5b461fa938f01efa30
:10ab04000028fff6f2aedde91f32002afff6edaeb3
:10ab14003ff407adda1c5a4500f29885f05c012831
:10ab240003f1010140f05885705c012803f1020132
:10ab340040f05285715c94f85c03003918bf012120
:10ab440061f304105a4584f85c033ff4eaac06331d
:10ab54005b453ff6caae531c5b453ff6c6ae06984e
:10ab6400815c02297ff4c1aec35c012b02f10202b5
:10ab74007ff4bbae835c0a9a82f8f43292f85c33b9
:10ab840043f0200382f85c33cbe40a9d95f95d33ee
:10ab9400002bc0f27d84d5f85c23a30543f4004365
:10aba40022f481021343c5f85c3300231d932093e0
:10abb400bbf1000f3ff499ae069e32780123302a90
:10abc40030461f937ff491ae00931fab20aa194621
:10abd40006935b46079238f0b1f90028fff685ae7c
:10abe400dde91f24002c7ff780ae95f85c33cdf8a7
:10abf400488043f04003cde90e7a85f85c331dab01
:10ac04000893a846b35c671e813b541c1d94232bf8
:10ac140025d8dfe813f0ae017801240024002400d5
:10ac2400160124002400240024002400240024000d
:10ac340024002400240024002400240024002400f0
:10ac440024002400240024002400240024002400e0
:10ac540024002400e500240024002400a40001238f
:10ac64000093dde907215b46304638f067f9002898
:10ac7400fff63bae1d9a209b1344e41a3c441d93fb
:10ac8400002c40f31c841d9abce70a9a92f95c33a9
:10ac9400002bc0f2fd83a3061446d2f85c23069d64
:10aca40022f0806222f0800243f080031343c4f850
:10acb4005c330023cde900331f9320aa5b461fa910
:10acc400284635f0f1f9002840f00683209b002b3c
:10acd4003ff40bae022b3ff708ae1f9aab5ca4f80f
:10ace400f8327ff41eac069911444a7843ea0223f1
:10acf4000a9aa2f8f83214e40a9991f85c339a0794
:10ad040000f1c683d1f85c23630622f0007222f0be
:10ad1400020243f002031343c1f85c33002c40f0f9
:10ad24000484bbf1000f7ff7e0ad069c2278012379
:10ad3400042a20461f937ff4d8ad009320aa5b46d3
:10ad44001fa938f0fbf80028fff6cfaddde91f019d
:10ad5400002900f33f820029bff6e3abc5e50125d6
:10ad6400dde9072100955b46304638f0e7f8002816
:10ad7400fff6bbad1346cde900b50a463046302197
:10ad84003ff07efa0028fff6b0ad294610201d9d45
:10ad940043f0d6fc641b3c440746002800f04d8475
:10ada400ddf880a0042343600af101003cf0c0fcfc
:10adb4008146f860002800f057847119c7f808a08c
:10adc400524643f0d5ffd8f82c303b60554400235d
:10add4001d95c8f82c70a4eb0a0409f80a304fe753
:10ade4000df1780901254ff0000a089900955b469a
:10adf4004a463046cdf87ca038f0a0f85045fff61e
:10ae040074addde91d231344e31a069acdf800b0ae
:10ae14001f443046092336f0bdfb5045fff665adaf
:10ae2400089900954a465b46304638f087f8504505
:10ae3400c0f25f82dde91d231344e41a3c441d93f0
:10ae44001ee701230093dde907215b46304638f015
:10ae540075f80028fff649ad1d9dddf880a005ebcf
:10ae64000a039b450993c0f23382baf1000f40f301
:10ae74007781681e3044002307e02f2a03f1010381
:10ae840000f06e819a4500f06b8110f8012f3a2a88
:10ae9400f3d1aaf102018b4280f262812b44334444
:10aea40059782f2940f05c819b782f2b40f05881f2
:10aeb4000121102043f044fc8146002800f0bd83aa
:10aec400062343600af101003cf032fcc9f80c008f
:10aed400002800f0af837119c9f808a052460d90fc
:10aee40043f046ff099bd8f824101d93641b0d9b67
:10aef400c9f800103c44002103f80a10a4eb0a042a
:10af0400c8f82490bce60125dde9072100955b46dd
:10af1400304638f013f80028fff6e7ac2946102035
:10af24001d9d43f00dfc641b3c440746002800f0c3
:10af34008483ddf880a0022343600af101003cf021
:10af4400f7fb8146f860002800f08e837119c7f87a
:10af540008a0524643f00cffd8f824303b60554417
:10af640000231d95c8f82470a4eb0a0409f80a30dc
:10af740086e64ff00109dde90721cdf800905b4634
:10af8400304637f0dbff0028fff6afac494610200f
:10af94001d9d43f0d5fb641b3c440746002800f08c
:10afa4004c83ddf880a0c0f804900aeb09003cf063
:10afb400bffb8146f860002800f056837119c7f87a
:10afc40008a0524643f0d4fed8f828303b605544dc
:10afd40000231d95c8f82870a4eb0a0409f80a3068
:10afe4004ee6d91c8f42c0f073810b98825c012a13
:10aff40003f102037ff479acc45c1891003c18bfe0
:10b004000124fff73fba0a9b03f1300bcae4452b36
:10b014007ff482aa0a9991f85d3313f0040340f097
:10b024003782cde91d332093d1f85c33e20423f455
:10b03400002342f4806223f480631343c1f85c3339
:10b04400bbf1000f3ff451ac069e1f953378302bb3
:10b0540030467ff44aac20ab1a4600955b461fa9e4
:10b06400079237f06bff0028fff63fac209a1f9b36
:10b074001e92002a1d93fff638ac5b45bff451aa1b
:10b084001eac1dabcde9087a5d461f46ddf81cb049
:10b09400a14606e0dde91d321344ab421d9380f066
:10b0a40009820124cde900544b463a46302130460a
:10b0b4003ff0e6f80028fff618ac00232093009533
:10b0c40007235a463946304636f064fa0028fff61c
:10b0d4000cacddf874c00ceb040eae452b464a46ae
:10b0e400394630463ff601ac16f80ca00094cdf872
:10b0f40074e037f023ff0028fff6f7abbaf1860fb0
:10b10400c8d1209b742bc5d11d9b069a1a441346a3
:10b114000a9ac2f8b4321e9bc2f8b832dde9087a42
:10b12400ab46fff7feb940f2f12293427ff4f4a953
:10b13400069c0023cde900331f9320aa5b461fa978
:10b14400204634f0b1ff0028fff6cfab1f9b9b4590
:10b154007ff6cbab0a9ae35c82f82033fff7e1b9c0
:10b164006ff0a007fff71eb90a9cdaf81030a26945
:10b17400e168049262690392226e0292daf8042072
:10b184000192daf800200092d4f874022269521a6b
:10b19400014404f54a701af029fb034600284cd1f7
:10b1a4000a9ad2f824a3baf1000f7ff459a87de4d7
:10b1b400086800283ff4e0a8496800293ff4dca8a7
:10b1c40002f533723bf07afe074600283ff4d4a818
:10b1d400fff7e8b82346034418460a9b142903f5ed
:10b1e400337200f072813bf069fe0146b3e50c4610
:10b1f400484601f538713cf0e3f9c4f8240300280b
:10b2040000f01f820a9d05f14c0400f12401142270
:10b21400204642f0e8fcf0b10023c5f82433fff7e0
:10b22400b6b90a9a82f8f5320c9b002b40f08d8156
:10b23400d2f85433002b00f085811f46fff7b2b8d3
:10b244000a9b5c6afff73ab80a9a7f2382f8f532c0
:10b254003b46fef7e6bf0a9b93f85e339b07f3d4a5
:10b264000a9bd3f8241393f85c33980603f0100276
:10b2740040f1c0800a9c94f8f40284f8f502002a94
:10b284003ff49ca91b068a7a00f175819042fff471
:10b2940095a9002a00f04c810a9b013a83f8f52213
:10b2a4003b46fef7bebffff67da8fff759b810f185
:10b2b400a00fddf8449007467ff474a80a9a6ff053
:10b2c4009f031469d2f87452c2f85833fff737b9a0
:10b2d4006ff08307fff766b8bff623a9fff705bb36
:10b2e4000a9a92f85d3343f0200382f85d33fff746
:10b2f40036ba1d9acdf880a050195845ddf87ca0c7
:10b304003ff6f3aab25c1d90a02a7ff4eeaa079a36
:10b314000095304637f012fe0028fff6e6aa2946cb
:10b32400102043f00dfa814600283ff4deaa40f2d3
:10b3340009139a451d9d40f076816b1c5b4500f214
:10b344007081725d1d93162a00f26b81c54bd34048
:10b35400d80740f1668101230093dde907215b46ac
:10b36400304637f0ebfd0028c0f25b81209ac9f823
:10b374000820501c09923cf0dbf98246c9f80c0005
:10b38400002800f04e811d9d099a711943f0f0fccc
:10b39400099a00230af80230d8f82430c9f800309a
:10b3a400c8f824902a443c441d92a41a68e4069cdc
:10b3b40000951eaa1da9204637f0c0fd00287ff77e
:10b3c40094aa1d981e992346034418460a9b1429df
:10b3d40003f5387200f08c803bf070fd0028bff656
:10b3e400a0a8fff782badaf81c20002a7ef445af41
:10b3f400fef7e8bf002a3ff4e1a88b7a002b3ff464
:10b4040010af0a9a013b82f8f5323b46fef709bfba
:10b414000095069d1d915b4608992246284637f003
:10b424008dfd0028fff661aa1d9b5a1c5a4503d8be
:10b43400e95ca02900f0a5801e9a13449b451d9346
:10b444007ff66fa8591c59453ff63aaa069ad25c72
:10b45400fff732ba229a002a12dd239a82b12a46d1
:10b46400494638463ff086fe01283ff41fabdaf820
:10b474001c102a4638463ef051f801287ff416abda
:10b484000bf1010b5e457ef4ffae4346fef79abf17
:10b494006ff08f07fef786bf0a9bd3f81023dc6a90
:10b4a400002a3ef40baf2392d3f814232195229261
:10b4b400fef704bfdde9087aab46fff732b8dde9f1
:10b4c4000e7addf84880fff72cb80a9e03684568b9
:10b4d4008468c168c6f8cc3255609460d160036951
:10b4e4001361fff71eb80a9b03f14c04fff74fb832
:10b4f4000a9e036845688468c168c6f8e032ebe7d1
:10b5040001231d910093089906985b46224637f063
:10b5140015fd0028fff6e9a9dde91d3213445b455a
:10b524001d93fff4cda9fef7fcbf1094fef7f9bffd
:10b534000a9b83f8f5220c9a3ab9d3f85433002bba
:10b544007ff47bae3b46fef727bfb8f1050f3ef410
:10b5540038afb8f10f0f18bf6ff0ed077ef422afcc
:10b564003b46fef72fbf6ff0ac07fef71bbf6ff033
:10b574008c07fef717bfb4f8f8325e077ff589ae83
:10b5840084e6069d1d924ff001090899cdf80090bc
:10b594005b462246284637f0d1fc0028fff6a5a9d1
:10b5a4001d9800eb09065e4504d815f800c0bcf1ef
:10b5b400860f1ed01e9b034440e75b45bef4b1af2b
:10b5c400fff77eb9ab4658463ff0d0fbfff78db985
:10b5d4006ff09707fef7e6be0a9991f85c235b4586
:10b5e40022f0100281f85c23bef49baf1a46fff7e9
:10b5f400b2ba069dcdf8009028461d9637f09efc01
:10b604000028fff672a9dde91d230a99c1f8c832a2
:10b6140013442a44c1f8c42210e76ff0bb07fef7b5
:10b62400c1becb46cfe7209a099215443ff09efb5a
:10b63400099ab7e648463ff099fb6ff07c07fef79e
:10b64400b1be0a9b93f85c33fef78ebf0a9991f85a
:10b654005c235b4565f3041281f85c23bef461af9f
:10b66400fff743b90010480038463ff07ffbe4e79a
:020000040000fa
:10b674002de9f04fadf5955d81b09a46a8ab0891e0
:10b68400914614a9a3f5137200230b6013600546b9
:10b69400002800f046810df596530c33466b1b6869
:10b6a400002b00f0f3800df596530c331b68d3f890
:10b6b40078320a93023300f0e980a8aba3f5117243
:10b6c40016a900230b60136018930df596531033dd
:10b6d4001b682bb10df5965310331b68c3f800900b
:10b6e4000af1ff33012b00f2d187002d00f0fd8019
:10b6f4008c2200211ca843f07ffebaf1010f00f058
:10b70400fd80a8aba3f5d2740df16c08002323606f
:10b714000898c8f800904b46424621463ef0d2fdb8
:10b724000028c0f212812368d8f800100df5965253
:10b73400083219440df1500b1268c8f80010334652
:10b7440058461e913cf0ecfb1caf0446002800f068
:10b754007c840df5965308331b68012b00f0b084ec
:10b764000df5965310331b6833b10df59652103214
:10b774001cab12689b681360002cc0f2ff800df5af
:10b78400965314331b68002b40f00f810df596532c
:10b7940008331b68052b00f087800df5965308339a
:10b7a4001b68002b40f073810df596530c331b6816
:10b7b400002b00f041850df596530c331b6893f86c
:10b7c400d430002b40f04886149914aa0df59652f3
:10b7d4000c320df596500c3012680068c2f8d8107f
:10b7e400012280f8d4203faf8a680968334638467e
:10b7f4003ef0bef90021384622f040fe0028c1f296
:10b8040005810df596530c330df596520c321b68d9
:10b8140012681b6892f8342293f83a3012f0600fe1
:10b824000cbf4ff001084ff000081b070dd50df5b4
:10b8340096530c330df596521b680c3293f837323d
:10b84400126823f0080382f837323fab40f20f123c
:10b854009b6993420bd0b3f5887f80f0fd81b3f5eb
:10b86400817fc0f07685b3f5867f40f00a820df5be
:10b8740096530c330df596521b680c3293f83732fd
:10b88400126843f0200382f83732fae1d5f8fc302d
:10b894000a9312e7129b0c9dddf824a0ddf83cb05e
:10b8a4002bb113983ff062fa002d00f056850df588
:10b8b40096531833e86a1b68594601221df0dcfad6
:10b8c4000446e86a58b1036c4bb1012c08bf00244c
:10b8d4000094089953464a4630f0fcfd044620463d
:10b8e4000df5955d01b0bde8f08f0df596530c3361
:10b8f4001b68002b7ff4fcae00f032bd1cabcde91d
:10b9040000630df5965218ab0c3b083202930df10f
:10b91400500b126808985b46494620f011f804461b
:10b924001ee70df596530c331b68002b00f09e8523
:10b934000df596530c331b685e6a0df596530c3364
:10b944001b68d3f878320a93b7e60df5965308339b
:10b954001b68012b00f096831caad8f80030936072
:10b964000df596521032126822b10df5965210322e
:10b97400126813606ff08b040df1500b58463ff0c2
:10b9840017fc0df5965308331b68052b05d00df5f0
:10b99400965308331b68002ba1d1002d91d120466a
:10b9a4000df5955d01b0bde8f08f002d00f0ac8081
:10b9b4006b6b0b930df5965308331b68052b00f046
:10b9c4002c820df5965308331b68002b00f0eb8294
:10b9d4000df5965308331b68012b40f0a3850df534
:10b9e40096530c331b68002b5fd1ea694ab1136884
:10b9f4003bb1916829b119440020187001338b427e
:10ba0400fbd105f11c003ff0d3fbddf85090c5f8e5
:10ba14001c9014abb9f1000f00f0a28415ab1b68a5
:10ba2400002b00f0948040f28522934200f08f8036
:10ba340040f20622934200f0bb84012420460df517
:10ba4400955d01b0bde8f08f0df596530c330e9a59
:10ba54001b681399d3f8ec30186843f089f90df595
:10ba640096520c320123126882f8d530129b002bb7
:10ba740040f038860df5965308331b68052b3ff4c8
:10ba840013af0df5965308331b68002b5dd00df5ed
:10ba9400965308331b68012b40f044850df59653eb
:10baa4000c331b68002b00f0ea840df596530c331d
:10bab4001b6893f8d630b3b10df596530c331b685d
:10bac400d3f8dc3099681b6829b119440020187038
:10bad40001338b42fbd10df596530c331b6803f1f4
:10bae400dc003ff065fb14abd3f800900df59653e2
:10baf4000c330df596520c321b681268c3f8dc90b7
:10bb0400012382f8d63085e70df596530c331b6874
:10bb1400002b00f0c3850df5965308331b68052be5
:10bb240000f01b840df596530c331b685b6a0b9372
:10bb34000df5965308331b68002b40f0ec841cabc6
:10bb44009b6899451f4600f36e81002433e6ddf8b7
:10bb540028a03faf52463146384636f0e3fd04464e
:10bb640000287ff4bcae0df15808d9f80830c8f8a5
:10bb740000003a46d9f8000041462bf07bf880b12a
:10bb84005346023300f0a085d9f80830d9f80000f4
:10bb9400c8f8004016a93a463ef0d8fb002840f009
:10bba40093850df596530c3338461b68002b00f033
:10bbb400ea850df596530c331b68b3f9484241f0fe
:10bbc400f3fe17ab18600df596530c3384421b68d3
:10bbd400c3f8e4000df5965303f10c031b6800f35e
:10bbe4008e850df596520c3293f8e03012684ff0c2
:10bbf400010868f3050382f8e03092f8343215ac9a
:10bc040040f2852213f06003226040f00b860df5ac
:10bc140096520c323846126892f8372263f30412b3
:10bc24000df596530c331b6883f8372235f0d8f89a
:10bc34002368002b40f011870a9a314638463df0bc
:10bc4400bbff0446002800f0ae8415ab1b68002b34
:10bc540049d16ff0030442e6b3f5027f03d0a3f5a4
:10bc64000373022b0dd80df596530c330df5965234
:10bc74001b680c3293f83732126843f0080382f8d9
:10bc840037323fabda69d3f8fc020df596530c3327
:10bc940040f206211b688a42c3f870026fd040f25a
:10bca40085239a4200f0388200220df596530c3316
:10bcb4001b6893f8e030980600f09280002d00f0a5
:10bcc400b38395f82030990640f01f8262f3050390
:10bcd40085f8203017ab38461b686b622ff000fee6
:10bce400002c40f073820df596530c331b68002b27
:10bcf4003ff4a3aeb8f1000f3ff49fae0df5965399
:10bd04000c330df596501b6893f834120df59653c9
:10bd14000c330c301b680068d3f8e42090f8390227
:10bd24000df596530c3301f001041b6893f8373278
:10bd34000094c1f34111c0f380001792cde90601cc
:10bd4400c3f34010c3f30011cde90410c3f3400062
:10bd5400c3f3c001cde902100df596510df59650cf
:10bd64000c310c3009680068d1f838114068c3f30d
:10bd740080030193012317ac1af07af95de60df5ff
:10bd840096530c330df596521b680c3293f83732e8
:10bd9400126843f0020382f83732002211463cf065
:10bda400ebf83ff075fe17ab18600df596530c33a6
:10bdb4001b6893f83532de0740f1bd82002d00f098
:10bdc400cb8495f839309e0740f1b68303220df5f4
:10bdd40096530c331b6893f8e0309e067ff471afe2
:10bde4000df596530c3338461b6893f8e03062f334
:10bdf40005030df596520c32126882f8e0300df509
:10be040096520c3217ab12681b68c2f8e4302ff05c
:10be140067fd002c3ff46eafb9e51cab9b689945f8
:10be24001f467ff744ada9eb070303f11b02b2f5ec
:10be3400806f00f22f83002112913fa913910021fa
:10be44000c95cde910620d910c460e913d46cdf84e
:10be540024a0cdf83cb00fe0396833681944c8f821
:10be640008103960002c43d019a83ff0a1f9a94566
:10be740040f32882a9eb05030899a8aa01eb050a57
:10be84000999a2f50c780df1640b00220129cbf875
:10be94000020c8f808204bd0a8a9a1f50d761aaf48
:10bea400326031463a4650463b603ef00bfa002879
:10beb400d2da32463b6812680c9dddf824a01344a4
:10bec40019a8dde90fb6c8f808303ff071f90d9be9
:10bed400002b40f0fd81129b002b40f0c5850df531
:10bee400965308331b68052b3ff4deac00245be457
:10bef4000df5965208320b9b126819a83cf010f805
:10bf04000446002847d019a83ff052f914f1a20fb3
:10bf14003ad0002cabda129b0c9dddf824a0ddf89e
:10bf24003cb0002b3ff42aad13983ef01fff25e5eb
:10bf340002920b9a00920df596520832cdf80480c5
:10bf44001946126850465b461ff0fafc0446002866
:10bf5400d9d1199a0e99966819ab138958baf31c5a
:10bf64000b4411998b4240f26d8119a80c9dddf8a8
:10bf740024a0ddf83cb03ff01bf9129b002b40f0ed
:10bf840089836ff08304f9e4109e0c9dddf824a0ee
:10bf9400ddf83cb09be7dbf800303a68186851469e
:10bfa40042f0e6fed5e71cab9b6899451f463ff778
:10bfb4003aaf0df596530c331b68002b7ff4c5add7
:10bfc4000df596530c331c6805f114003ff0f0f89e
:10bfd4001499696114ab3faf8a68096833463846df
:10bfe4003df0c6fd0021384622f048fa0028c0f290
:10bff4000d85bb6940f20f1293420bd0b3f5887fd5
:10c0040080f01a82b3f5817fc0f0fb81b3f5867f9f
:10c0140040f0f981002d00f0f98195f83a3043f0b1
:10c02400100385f83a30469afe98686640f2062175
:10c034008a423fab00f03f8240f285239a4200f0ef
:10c04400c2834ff0000842463be614abd8f8002008
:10c054001b680899186842f08bfe0df59653083357
:10c064001b68012b2cd00df5965310331b68002b45
:10c074003ff485ab0df596521032bb68126813601d
:10c08400fff77dbb08981baa21464b463ef03cf9be
:10c094000028c0f276812368d8f800100df5965276
:10c0a400194408320df1500b1cab12689960c8f8a2
:10c0b4000010334658463bf033ff002800f0168347
:10c0c400149b18aa996818683ef0b0fc002814acb8
:10c0d40040f361822368189a9860159215ab0df5a8
:10c0e400965310331b6833b10df5965210321cabc6
:10c0f40012689b6813600df5965314331b68002b6c
:10c104007ff453ac0024fff748bb38462ff0e8fb1c
:10c11400002c3ff4e8ad59e00df596530c330df5c2
:10c1240096521b680c3293f83732126843f00103bd
:10c1340082f83732002316aacde90133136017aa17
:10c1440000923fa8d0e9000216a926f025fc0df5bf
:10c1540096530c33041e1b68c0f2d381002b00f0ed
:10c164002b810df596530c331b6893f83532d807a1
:10c1740000f107820df596530c331b68b3f948326e
:10c18400002bc0f21c8317aa126893424ff00102dd
:10c194007ff78bad6ff4cc740df596530c331b689d
:10c1a40093f8e030990600f0d781002d00f0ae81bd
:10c1b40095f82030980606d117a962f3050385f88f
:10c1c40020300b686b6238462ff08afb0df59653ce
:10c1d40008331b68002b3ff474abfff780bb002dc2
:10c1e40000f0288305f1180420463ef0e1ff0df528
:10c1f4009652083220460b9b12680e993bf090fe33
:10c204000446002840f08a80ab690e9a1868139996
:10c2140042f0aefd129b002b40f010840df59653b6
:10c2240008331b68052b3ff442ab0df596530833d6
:10c234001b68002b7ff42bac002d7ff4c5ae14ab30
:10c244001968c8e6139f11680e9abb18d41c320ce7
:10c25400a3f801001a703819324642f089fd3319e7
:10c264000e931e9a1cab0df59653103315441b68a0
:10c2740053b10df5965310331b681b6813440df529
:10c2840096521032126813600df5965308331b68ea
:10c29400052b40f0f8800c9bd86a0df596531833a3
:10c2a40001221b6819a91cf0e7fd0446012c19a8fa
:10c2b4005ad03ef07dff14f1a20f3ff4ebaa002305
:10c2c4000d9326e6109e0c9dddf824a0ddf83cb00d
:10c2d4000e9b002b4ed00df596530c331b68002b90
:10c2e4003ff47daf0df596530c331b6893f8d530ae
:10c2f400002b40f083820df596530c331b6803f139
:10c30400ec040df59652083220460b9b12680e99e8
:10c314003bf006fe044600283ff496ab129b002b2c
:10c3240040f07c8214f1a20f3ff4d9ad002cfff64b
:10c3340025abfff72bba0df596530c331b68b3f9f5
:10c344004a32002bc0f2f580834200f3f2800322cc
:10c35400abe4ff2b3ff687ac93e458463ef028ff4e
:10c364006ff0ac04fff7bbba3ef022ff00230d933d
:10c374001c467ce5129b002b40f0b4810024fff79f
:10c3840005ba1caad8f8003093600df59652103205
:10c394001268002a00f020820df59652103214a87b
:10c3a400126813603ef004ff6ff08b04fff797ba36
:10c3b4003faf4ff000083fe4002d00f0948295f861
:10c3c40039309e0700f19a80b5f93e30002bc0f257
:10c3d400f9821798834217aa40f3908095f8203089
:10c3e4009b0640f0f98201226ff4cc7495f820305a
:10c3f400686262f30503384685f820302ff070fa3e
:10c40400e4e6ff2b1fd8002d7ff40dae469b40f2cf
:10c41400062293423fa900f0fe8240f28522934215
:10c424004ff000083ff486ae38462ff059fa002c3e
:10c434003ff459acfff753bab3f5027f03d0a3f529
:10c444000373022bdfd8002de0d095f83a3043f087
:10c45400080385f83a30e6e50df596530c331b686e
:10c4640003f1d8003ef0a4fefff7aeb90df59653e4
:10c474000c331e686ff001030a93fff71eb9002df9
:10c484007ff4b3aa6ce719a83ef092fe01230d9342
:10c494000024ece410460c9309923bf049f9099a04
:10c4a4000c9b1390002800f0e482b94540f31a81f4
:10c4b40001211291c3e495f83a30002243f00203bb
:10c4c40085f83a3011463bf057fd3ff0e1fa95f814
:10c4d4003980179018f0020817ab40f04f81b5f976
:10c4e4004030002b02db984280f24a8195f82030dc
:10c4f4009c0640f03882c84c032277e70122fff7fc
:10c50400e0bb002b40f0bf81002df7d138462ff05f
:10c51400e7f9fff7e4b90df5965308331b68012bcf
:10c524003ff4c3aa58463ef043fe6ff00704fff7fa
:10c53400d6b9b94c03222fe6b5f94030002b80f26e
:10c54400da81b54c03220df596530c331b6893f82e
:10c55400e03099067ff4b5ab62f305030df596520e
:10c564000c3217a9126882f8e0300df596520c329d
:10c574000b6812683846c2f8e4302ff0b1f9fff7bf
:10c5840006ba002d00f02f8195f83930990740f153
:10c594002c8101221be40df5965310331b68002bec
:10c5a4007ff4a2ada7e516ab0df1580a0893caf8bb
:10c5b4000000d9f80830d9f800003a46514622f074
:10c5c40055fb80b10a9b023300f04e810899d9f8db
:10c5d4000830d9f80000caf800403a4621f07afe43
:10c5e400002840f041810df596530c331b68002b55
:10c5f40000f08c810df596530c3338461b68b3f963
:10c604004a4243f045fb844217ab186000f33e8175
:10c614000df596530c330df596521b68c3f8e400e0
:10c624000df596530c330c321b68126893f83412d0
:10c634000df596530c3303201b6893f8373243f0ff
:10c64400100382f837320df596530c3311f0600f56
:10c654001b6893f8e02060f305020df5965000f195
:10c664000c0015ab006880f8e02040f206221a6046
:10c67400384640f0ef8140f075fb4ff0010815abf0
:10c684001b68002b7ff436abfff7e3ba6ff00404aa
:10c69400fff725b913983ef069fb72e40df5965344
:10c6a40008331b68052b3ff458ae0df59653083339
:10c6b4001b68002b40f0d0801cab9b6899451f463b
:10c6c40000f363810024bae5384634f089fb15abe6
:10c6d4001b68002b3ff46dae40f2062293427ff4b8
:10c6e400aca966e613983ef041fb47e614abd8f8d4
:10c6f40000201b680899186842f03afbe0e493f8bc
:10c70400e020012363f305020df5965315a90c33bc
:10c7140040f2852008601b680df596510c3193f8a2
:10c724003432096813f0600381f8e02070d10df50c
:10c7340096520c323846126892f8372263f3041288
:10c744000df596530c331b6883f8372234f048fbfd
:10c754006ff4cc74fff7c3b803220df596530c3372
:10c764001b6893f8e03098063ff43aab38462ff054
:10c77400b7f8002c3ff4beaafff7b1b84ff0000899
:10c784000322fff79ebab5f93e4041f00df917ab0d
:10c79400186095f8203068620122844262f3050330
:10c7a40067dc15ac85f82030384640f285232360d9
:10c7b40034f016fb2368002b3ff4fbad8ce7012219
:10c7c4006ff4cc74e8e495f83a3043f0010385f84b
:10c7d4003a304ff00008ade414a83ef0e9fc6ff0e5
:10c7e4008b04fff77cb80122b7e7b5f93e30002b84
:10c7f40080f2b08001226ff4cc74a4e60df5965358
:10c804000c331b6803f1ec0420463ef0d1fc78e5c0
:10c81400384634f0e5fa9be766feffff13983ef0d6
:10c82400a5fa7fe5384634f0dbfa2368002b3ff4a1
:10c83400c0ad51e7129b002b40f0e4800df59653f8
:10c8440008331b68052b3ff488ad0df59653083368
:10c854001b68002b3ff436af0df5965308331b6865
:10c86400012b3ff47dad5de6384640f07bfafff7df
:10c87400ecb915aa40f2852185f8203038461160bc
:10c8840034f0aefa64e70122fff70fba15ab40f2b9
:10c8940006221a600df596510df596530df5965234
:10c8a4000c330c320c311b681268096892f8e020d2
:10c8b40093f83732c1f8e4000df596500c3043f08c
:10c8c4001003006880f83732032363f305020df583
:10c8d40096530c3338461b6883f8e02040f042fa44
:10c8e400664cfef7fcbf38462ef0faff002c3ff4ee
:10c8f400a4a8fef7f4bf83423ff723ae0df5965389
:10c904000c331b68002b7ff422ad39e73846b5f9a8
:10c91400404043f0bdf9844217ab18603cdc95f805
:10c924003a30686215ac43f0200385f83a3040f29f
:10c93400062295f820302260032262f3050385f86d
:10c944002030384640f00efa2368002b7ff475a897
:10c95400fff77fb917aa126893424ff001023ff71d
:10c964004aaffff7a2b938462ef0baff0df5965339
:10c9740008331b68002bb3d1e86a0028b0d0036cdd
:10c98400002badd03d4cfef7a3bf0df596530833f5
:10c994001b680b93fff747ba15ab40f206221a60e7
:10c9a40095f83a3095f820206862032143f020037b
:10c9b40061f30502384685f83a3085f8202040f0c6
:10c9c400d1f98de795f820309a0605d117ab0122ed
:10c9d4006ff4cc74186809e538462ef081ff0df524
:10c9e400965308331b68002b7ff4b2aee86a002824
:10c9f4003ff4aeae036c002b3ff4aaae6ff4cc74dc
:10ca0400fef766bf13983ef0b1f917e738462ef0eb
:10ca140067fffff71eb90022d1f8fc0211463bf074
:10ca2400abfa3ff035f817ab024638461a602ef0e1
:10ca340057ff002c3ff401a8fef751bf13983ef0b6
:10ca440095f90df5965308331b68052b7ff45aab03
:10ca5400fef72dbf40f086f911e640f2062293421c
:10ca64007ff44ca9fff7e8b813983ef07ff9fff77d
:10ca740036ba6ff07c04fef781bf00bf66feffff8d
:020000040000fa
:10ca84002de9f04f0f219db01f2040f06dfe0028ce
:10ca94004dd0dff8a0b2dbf80030002b47d09c4f1c
:10caa4000026a7f13c0500bf95f89630012ba5f1af
:10cab400440833d0023b102b01f2b380dfe813f0bb
:10cac4005f036002330245042603aa032502bd0165
:10cad400a10111003c01fe00e400d8006200420004
:10cae4003a00d5f88c3095f89740d3f80480002ca0
:10caf40000f063851b6887491b684046984795f892
:10cb04009630854c012b237802d0013bdbb2237095
:10cb1400002b00f00685012385f89630dbf8003001
:10cb240001369e4207f1e80705f1e805bcd31db0c4
:10cb3400bde8f08f40462af061fe35f9080c39f063
:10cb44009ff8ebe715f8302c35f9080c0b2116f09b
:10cb5400b9fa404617f004ff012800f0a186022824
:10cb6400dcd195f896306c4c012b01f00c802378c5
:10cb7400002b00f09587122385f8963040f0defef6
:10cb84006865cbe7d5f88c3035f8321c5c682a46ea
:10cb940001203ef02dfe0346013325f8080c00f079
:10cba40031855e4a4ff4807100233cf051ff55f803
:10cbb400382c35f9080c052116f084fa30b9d5f86b
:10cbc4008c3057491b6820461b68984735f9080c78
:10cbd4000222062116f076fa30b9d5f88c30514984
:10cbe4001b6820461b689847d5f8901035f9080c47
:10cbf40039f078fc5422002107a842f0fdfb07a974
:10cc040035f9080c30f0c8f9d5f88c30bdf862203d
:10cc14001b6845491b686a8720469847d5f88c30bd
:10cc240035f8322c1b680292ea780192aa780092b5
:10cc340020462a785c683d496b78a04795f8963081
:10cc4400354c012b00f0a2862378002b00f01086cf
:10cc5400112385f8963040f071feeb6c286503448f
:10cc6400ab654ff4c8625521314842f0c5fb55e726
:10cc740040462af0c3fd35f90a0c34f073fb4ff635
:10cc8400ff7325f80a3c49e7404617f069fe01287e
:10cc940000f0438602287ff441af95f896301e4c8d
:10cca400012b00f065872378002b00f0f2860f2318
:10ccb40085f8963040f042fe68652fe7d5f88c3051
:10ccc40095f89780d3f80490b8f1000f40f0cc8425
:10ccd40035f90a0c3ef05cf90446002800f0708532
:10cce40035f90a0c3ef0a4fc40f028feeb6c2865f4
:10ccf4000344ab6595f89630012b00f08486064c0e
:10cd04002378002b00f03b860e2385f8963005e748
:10cd140038c80020d02f0000e9d50020f1f004002d
:10cd24005c30000084300000802c0000ac30000037
:10cd3400b89b002024d40020d5f88c3035f8321c60
:10cd4400d3f804800022012042f0bcf903460133e9
:10cd540025f80a0c00f080840023804a4ff4007107
:10cd64003cf0e6fdeb6b002b40f0908500222b4657
:10cd7400012135f90a0c39f0d1fd4ff480636b873a
:10cd8400d5f88c3076491b6840461b689847d5f81f
:10cd94008c3035f8322c1b680292ea780192aa781a
:10cda40000925c686f496b782a784046a04795f8f2
:10cdb40096306d4c012b00f0f4852378002b00f0a5
:10cdc4005e850d23d5f8802035f90a0c85f8963058
:10cdd400032128f0a3f830b9d5f88c3063491b68d7
:10cde40040461b68984735f90a0c3df017f940f0a6
:10cdf400a5fd4ff4c862686754215d4842f0fcfa0f
:10ce04008ce6d5f8900041f063fe032804d0d5f8f1
:10ce1400900029463cf0b0fd95f89630524c012b19
:10ce240000f09c852378002b00f054840b2385f8b4
:10ce3400963040f083fd686770e615f8342cd5f819
:10ce44008c30012a5c6800f03d84022a09d135f94e
:10ce54000c0c34f087fa4ff6ff7325f80c3cd5f828
:10ce64008c301b684349d3f80490434ba8eb03036d
:10ce7400db10c3ebc31203ebc202c2eb823203eb3f
:10ce8400021303eb830842462046c8470023c5e942
:10ce94001433c5e91933c5e91b3385f8953085f892
:10cea4009830eb6740f2b453a5f89a3095f899108e
:10ceb40040f2be53002245f8383c002345e90923db
:10cec40045e9072345e90523c5e9172320464246da
:10ced400002900f0b78295f89790b9f1000f40f05f
:10cee400b182d5f88c3025491b685b68984795f862
:10cef4009630012b00f0e1851b4c2378002b00f0c9
:10cf0400a085022385f8963008e695f89540002c14
:10cf140000f03083144c2378002b00f00e83092397
:10cf240085f89630fae535f9080c3df0bffc002889
:10cf340040f037830c4c95f8972095f8963021787b
:10cf4400002a00f07d83012be5d1013121700246d6
:10cf54004ff480711f2039f0c1fedce7ddf00400de
:10cf6400802c0000e4300000e9d500205c30000093
:10cf7400b89b00204c2f0000b8c700207c2f000075
:10cf84009b4bcdf81480a8eb0303db10c3ebc31257
:10cf940003ebc202c2eb823203eb021303eb830303
:10cfa4000493d5f88c30d3f8049000bf35f9080cfd
:10cfb4003df07cfc0b28044640f28d80dff8508263
:10cfc40035f9080c0c2241462bf04cfc0c2840f09f
:10cfd4002183d8f8003093fa83f8eb6d45f81c8c64
:10cfe400c246002b40f03682b8f1000fc0f2d9825d
:10cff400d5f88c307f491b6801225b68ea65484696
:10d00400049a984755f81c2c72b1d5f88c307a499b
:10d014001b6848465b68984755f8143c55f81c2c27
:10d02400013b134445f8143c45f8182c00215422c4
:10d0340007a842f0e1f907a935f9080c2ff0acff75
:10d0440035f9080c40f08af842f078f8d5f88c30bd
:10d0540035f8322c1b680292020e0192c0f307428b
:10d0640000925c686549ddf82080c0f30723c2b2f2
:10d074004846a047d5f88c30bdf860201b68029262
:10d084004fea18620192c8f3074200925c495c6857
:10d094005ffa88f2c8f307234846a047c5f8008022
:10d0a400bdf860302b8440f049fc55f81c3c6b669d
:10d0b400eb6d2b6655f8143c28652867ab6635f98b
:10d0c400080c3ef0b1fb35f9080c3df0effb0b28e2
:10d0d40004463ff673afeb6dddf81480002b40f08f
:10d0e4003b8395f89730002b3ff418ad95f89620c4
:10d0f400444c012a237840f09a82013300224ff4f1
:10d1040080711f20237039f0e9fd90e295f8978033
:10d11400b8f1000f40f00c8235f90c0c3df038ffeb
:10d1240000283ff4fbac3822414607a842f064f9da
:10d1340007ac07a935f90c0c2df0ccfa0fcca5f1ee
:10d14400040cace80f000fccace80f000fccace83b
:10d154000f0094e803008ce8030095f89630012b47
:10d1640000f0b784274c2378002b00f07e8407233b
:10d1740035f90c0c85f896303ef05afacee4d5f821
:10d184008c3095f899205c68002a00f0778215f8b5
:10d19400340c012800f04c83022840f0b58235f9a4
:10d1a4000c0c421c00f05484174a4ff40071002305
:10d1b4003cf0befbd5f8842035f90c0c022127f095
:10d1c400adfe30b9d5f88c3010491b6820461b6879
:10d1d400984795f896300b4c012b00f09d842378ea
:10d1e400002b00f04984062385f8963096e400bfae
:10d1f400b8c70020bc2e0000e82e0000382d000027
:10d204006c2d0000e9d50020ddf00400382e00006c
:10d21400c8cf0020d5f88c3035f90c0cd3f8049025
:10d224003df064fa0446002800f02e8255f81c3cb8
:10d23400002b47d1d5f88c20c34b1268c349d2f8d0
:10d2440004a0a8eb0303db10c3ebc31203ebc2027d
:10d25400c2eb823203eb021202eb82024846d04751
:10d2640040f06cfb55f81c3c6b662865286735f963
:10d274000c0c3ff023ff41f061ffd5f88c3035f8fa
:10d28400322c1b680292020e0192c0f307420092f4
:10d29400d3f804a0ae49c0f30723c2b24846d0472e
:10d2a400d5f88c302a8c1b680292ea780192aa780d
:10d2b400009248462a78d3f80490a6496b78c84768
:10d2c40055f81c3cdff8a4a2013345e90733eb6da4
:10d2d4000133eb65204641f06bfa02460b4655e9f3
:10d2e40009011cf081fb45e9090100bfb4f5c86fd1
:10d2f400a14628bf4ff4c8691ffa89f9a4eb0904b1
:10d3040035f90c0c4a465146a4b242f037fc002cc5
:10d31400ecd155f81c3c002b40f07c8295f89730fa
:10d32400002b3ff4fbab95f896308b4c012b00f0af
:10d3340008842378002b00f0ba83082385f89630fc
:10d3440040f0fcfa6865fff7e9bb95f89530002bcf
:10d3540000f0c78135f9080c3df0a8fa044600280e
:10d3640040f01f8195f894305a1c0a2b85f89420bc
:10d3740000f2078135f9080c802137f0f7fd002809
:10d384003ff4ccab55f8183cdff8e4815a4212baaa
:10d3940093fa83f9802355e90901c8f80020c8f8f5
:10d3a4000c30c8e90144c8f8104040f0d5fbc8e986
:10d3b4000b446a4bc8f8289000bac8f814001968de
:10d3c400dfed676a35f9080cd5e9142307ee901ae6
:10d3d4009b1ab3fbf1f201fb1233b8ee676a07ee56
:10d3e400903af8ee677a12ba67eea67ac8f818206f
:10d3f40087ee867a55f8143c1bbac8f820304146ab
:10d40400342267ee267afceee77a17ee903a1bbade
:10d41400c8f81c3055f8103c1bbac8f8243037f053
:10d42400ddfd21464c2207a841f0e6ff35f9080c42
:10d4340007a94c2237f0d2fd35f9080c1df07afd0e
:10d44400fff76cbbd5f88c3046491b685b6898477e
:10d45400fff755bb0133eb65204641f0a9f90246bd
:10d464000b4655e909011cf0bffab8f1000f45e974
:10d4740009013bdb55f8183c5a1c524533d053453f
:10d484002adb55f8103c03f1010345f8103c0ad19e
:10d49400d5f88c3034491b6848461b68984755e9d1
:10d4a40007a39a451fdc0c3ca4b2002c3ff47eadcc
:10d4b400dff8b88035f9080cb4f5c86fa24628bf68
:10d4c4004ff4c86aa4eb0a0452464146a4b22bf0b6
:10d4d400c9f9002ceed169e555f8142c013ad31a98
:10d4e400534445f8143c45f818acdce7c8f1000394
:10d4f40045f81c3c40f022fa95f89630dff8588045
:10d5040068650022012b85f8942000f0f28098f8d9
:10d514000030002b4bd0042355f81cac85f8963012
:10d52400a8e74ff480711f2040f01ef9fff7f3ba0b
:10d53400094c2378002b7ff4f2ac4ff480711f2048
:10d5440040f012f9ebe400bfb8c70020bc2e000085
:10d55400382d00006c2d0000e9d500201cd40020db
:10d5640000007a44b02f0000142f0000b89b002064
:10d57400c8cf0020404602211bf0cefe012385f8cf
:10d58400953095f89630012b7ff4c4ac2246c74cf5
:10d5940023784ff4807101331f20237039f09efbf0
:10d5a400b9e435f9080c3ef03ff9fff7b7ba4ff488
:10d5b40080711f2040f0d8f8ade7d5f8900041f015
:10d5c40087fa032800f0fe812b7803f0f003e02ba8
:10d5d40040f0a08015f8343c012b00f00182022bae
:10d5e4007ff49caa95f89620b04c012a237800f089
:10d5f400eb822378002b00f0d7820c2385f8963039
:10d60400fff78cbad5f88c30a9491b6820461b68f3
:10d61400fff774bad5f88c30a6491b68a34c1b6875
:10d624004846984795f89630012b00f000822378fd
:10d63400002b00f09e81042385f89630fff76eba24
:10d64400012b00f0ec812378002b00f0b38005233c
:10d6540085f89630fff762ba4046d5f88c30964983
:10d664001b681b68fff74aba904c2378002b00f024
:10d67400cb800f2385f89630fff750ba1b688f498b
:10d684001b682046fff73aba35f90c0c3df0d0ff81
:10d6940030b935f90c0c3ff01bfa00283ff439aed1
:10d6a40040f04cf995f89630804c6865012b00f0f9
:10d6b4003e822378002b00f0e681082385f896301b
:10d6c400fff72cba35f9080c38f0dafad5f88c30b3
:10d6d400fff7c7bb4ff480711f2040f045f8fff7f8
:10d6e400a5bb404602211bf017fe012385f89530a7
:10d6f40030e698f800304ff4807101331f2088f829
:10d70400003039f0ebfa02e71b686d491b682046cc
:10d71400fff7f4b9d5f8900005f13402294637f043
:10d7240059f8002800f0e181d5f88c3095f83920bb
:10d734001b68039295f83820029295f837200192dd
:10d7440095f8362000925c6895f8342095f83530c9
:10d754005c494046a0473de740f0f0f82b6f55f890
:10d76400442cc31a93427ff6bcacd5e917239a42e2
:10d7740040f0f281d5f88c3053491b684b4c1b6840
:10d784004846984740f0daf895f8963068650022e4
:10d79400012b85f8942000f03b822378002b00f0c5
:10d7a400318295f89730042285f89620002b3ff4b7
:10d7b400b5a93ce74ff480711f203ff0d5ff46e741
:10d7c40040f0bcf8414b6a6f1b68821a03eb830379
:10d7d4009a427ff6a3a935f90a0c33f0c3fdd5f8b4
:10d7e4008c303b491b684ff6ff721b6825f80a2ce6
:10d7f4004846984795f89630012b00f0f8812b4c59
:10d804002378002b7ff435af4ff480711f203ff055
:10d81400abff2ee740f092f82b6f55f8442cc31a57
:10d8240093427ff67bad404600211bf075fd75e504
:10d8340035f8321c3a4642f097fb0346013325f88b
:10d84400080c3ff4dfae0023224a184c4ff48071d9
:10d854003cf0fef895f89630012b00f0ab8123786c
:10d86400002b00f07f81032385f89630fff756b92b
:10d874004ff480711f203ff077fffff7e9b94ff4b1
:10d8840080711f203ff070fffff79bba35f8322cf0
:10d8940035f90a0c3b46012129f050fdfff766ba21
:10d8a400b5f878404ff0000920e000bfe9d500202a
:10d8b400602e00009c2e0000142e0000f02d0000ad
:10d8c400842e000030300000342f00001cd40020cf
:10d8d4001c310000f1f00400d44937f07ffb81448f
:10d8e400241a82451ffa89f9a4b265d1b4f5c86f28
:10d8f400a24628bf4ff4c86a35f9080c5246002cda
:10d90400ead11df017fb024600285ed135f9080c58
:10d9140011463af063fefff701b9b5f87830c34c0d
:10d924000ae0214620f04efab5f878301b1a9bb273
:10d934008145a5f8783042d8b3f5c86f994628bf19
:10d944004ff4c86935f90a0c4a46002be9d13af07c
:10d954007ff840461cf0acfcfff7e0b823780022c7
:10d9640001334ff480711f20237039f0b7f9fff7aa
:10d9740059ba4ff480711f203ff0f6fe5be64ff476
:10d9840080711f203ff0f0fefff7beb9237800221c
:10d9940001334ff480711f20237039f09ff9fff792
:10d9a40053b92378002201334ff480711f20237070
:10d9b40039f094f9fff701ba35f9080ca1e735f904
:10d9c4000a0cc4e76c632c8704e6b5f87830a3eb43
:10d9d40009034046a5f878301cf06afcfff79eb8ae
:10d9e40095f89630924c012b00f0f7802378002ba9
:10d9f40000f0d48015f8343c1022022b85f89620d0
:10da04007ff48ca8f5e58a4c2378424601334ff421
:10da140080711f20237039f061f9fff771b901316a
:10da240021701f204ff4807139f058f90be62378e8
:10da3400002201334ff480711f20237039f04ef916
:10da4400f5e54ff480711f203ff08efefff759bac1
:10da540035f8321c3a46012029f0f6fb431c25f820
:10da64000c0c7ff4a1ab2046f7e54ff480711f2026
:10da74003ff07afefff77bbb4ff480711f203ff02d
:10da840073fefff7b0bb4ff480711f203ff06cfeb4
:10da940013e64ff480711f203ff066fefff707b9cd
:10daa4004ff480711f203ff05ffefff764b84ff41e
:10dab40080711f203ff058fe3fe45d4c23784a46b6
:10dac40001334ff480711f20237039f007f9fff7f9
:10dad40014ba574c2378424601334ff480711f2007
:10dae400237039f0fbf8fff73ebb3ff027ff514ba3
:10daf4006a6f1b68821a03eb83039a427ff60ea8af
:10db0400d5f88c304c491b6840461b6898473ff059
:10db140015ff6867fff702b82378002201334ff43a
:10db240080711f20237039f0d9f8fff758bb237890
:10db3400002201334ff480711f20237039f0cef896
:10db4400b7e52378002201334ff480711f2023703e
:10db540039f0c4f8fff7edbb404600211bf0dcfbb5
:10db6400fff7bfba4ff480711f203ff0fdfd7ae646
:10db74002378002201334ff480711f20237039f081
:10db8400adf8fff790b82378002201334ff4807189
:10db94001f20237039f0a2f8fef7e9bf4ff480711b
:10dba4001f203ff0e1fd25e74ff480711f203ff077
:10dbb400dbfd22e52378002201334ff480711f201e
:10dbc400237039f08bf84ae6013300224ff4807158
:10dbd4001f20237039f082f80be5237800220133eb
:10dbe4004ff480711f20237039f078f8fee6224646
:10dbf4000f4c23784ff4807101331f20237039f0c8
:10dc04006df8fde54ff480711f203ff0adfdc8e5d0
:10dc140023784ff4807101331f20237039f05ef8ac
:10dc2400bbe5034c2378fef770bf00bfb89b002010
:0cdc3400e9d500201cd40020f02f0000d7
:020000040000fa
:10dc40002de9f04f0f2191b00a203ff08ffdc4075e
:10dc5000074604d4b80732d411b0bde8f08fdff81e
:10dc60001893dff818a30a2041f0bafa04460028f6
:10dc7000f0d0d9f8003033b1daf80020a06a21469c
:10dc800098470028efd1a58d132d11d9e669337b74
:10dc90004f2b4fea13120bd9b5eb820f08db236a27
:10dca00013f40033029300f08b806ff00e0101e05b
:10dcb0006ff00d010a2220463ef0bcffd3e7aa4eca
:10dcc0003368002bc8d00025a84f2b463a6852f87d
:10dcd000234034b394f870300b2b22d094f8843066
:10dce0003f2b93bf4ff000084fead3194ff01008b5
:10dcf000c1465a071ed4180727d494f87030052b54
:10dd00004fd0b8f1000f2ad194f88430990732d45b
:10dd100094f885305a0604d594f87030032b00f03f
:10dd20000181326801352db295422b46ced311b018
:10dd3000bde8f08f3ff004fea36a984294f8843067
:10dd4000d9db1b0706d54ff010083ff0f9fde36a59
:10dd50009842d2db94f87030052b00f02e81102110
:10dd600089f0010220460af04bff94f884309907ad
:10dd70004ff01008ccd53ff0e3fd636a9842d0db4a
:10dd800094f870104b1e082b00f2bc81dfe813f0f2
:10dd900018022c0243028f00ba013702ba01ba01fd
:10dda0008f003ff0cdfd236b9842aadb01221421a6
:10ddb00020460af025ff0021204629f0cdf9b0e7e2
:10ddc000204642f09ff80590204642f097f8236adb
:10ddd0009905834640f1a48130463df0bdf8337b80
:10dde000e26906921b099b00079353880493002b5a
:10ddf0003ff45baf059a538812881344069a128841
:10de000008921344049a53409bb20393564b1968eb
:10de100000293ff44aaf554bd4f828c018680b9638
:10de20000022cde90974134690462f4607e0b44519
:10de300014d001331bb28b421a4680f0c58050f8d3
:10de40002220002af5d092f870400b2cf1d092f8e5
:10de50007150012dedd8566c002ee8d1b2f86ee06d
:10de6000002c00f08d80039c7445e2d1069c25684f
:10de7000d46da542ddd1059cd56b2468a542d8d1cf
:10de800001233d460a9c099f0b9ec2f844c082f8bc
:10de90007130bbf1000f08d0dbf80030136492f84a
:10dea000873043f0040382f887309046b7e094f857
:10deb0007230042b28d80133e26cdbb24ff000093a
:10dec000112184f87230d4e903c35200a3eb0c0093
:10ded0006345e26480b204d2d4e900239b1a034470
:10dee00098b2236dc4f810c01b1a2365b4f86030d3
:10def0001844a4f86000002220460af081feb9f11f
:10df0000000f3ff40eaf08e0b9f1000f40f094812c
:10df10000122142120460af073fe0021204629f038
:10df20001bf9fee63ff00cfd636a9842fff6f9ae7e
:10df300094f8732094f880309a4200f08281022293
:10df4000102120460af05cfe3ff0fafc084b1a68ec
:10df5000b4f86c3002fb03f3064aa2fb032300eb88
:10df600093106062dde600bfbcd30020ccd300205c
:10df7000acd30020d34d6210b4d30020b0d3002026
:10df8000049c74457ff455afb8f1000f7ff451af96
:10df900092f987e092f88740bef1000fc0f26082ec
:10dfa000640640f16482012d7ff443af059cd56b7c
:10dfb0002468a54208bf90463be73ff0c1fc236bb5
:10dfc0009842fff6ccaef1e63d460a9c099f0b9eb7
:10dfd000b8f1000f3ff469ae059b1b68c8f83c30f0
:10dfe0000123c8f844c088f87130bbf1000f09d094
:10dff000dbf80030c8f8403098f8873043f004036d
:10e0000088f88730039ba8f86e30089ba8f85c302e
:10e01000049ba8f85e30d8f80030c8f810302269a8
:10e020000798938998f885101b1a9381d6e9012bdc
:10e030004906737b039217d598f884200021920734
:10e0400088f8731010d404933ff07afcb64a049b0e
:10e050001168b8f86c2001fb02f2b449a1fb02126e
:10e0600000eb9212c8f8242098f8862022f0400293
:10e0700088f8862098f87020002a73d0012a00f0d2
:10e080005781079805f11401091a89b2a1f114000a
:10e0900080b2059013f0010014bf13390599089060
:10e0a00018bf89b20491990703d50499013189b247
:10e0b0000491d8e907018842c0f04e81401ad8e99e
:10e0c0000551491b091a89b20791d8f854100398d1
:10e0d000401a04990690002900f00281079d65b15d
:10e0e0000028c0f2b681854200f20081691a884298
:10e0f00040f3fc80a842c0f2f9805b0740f1b9818f
:10e100000221d7e5b8f1000f3ff40baeb9f1000fd3
:10e1100040f062840122204610210af071fd00e6e1
:10e12000059b029a1b680d9303680e934ff4c0631e
:10e13000adf83c300c216bba0da8adf83e3032f092
:10e1400031fd226ac34352079bb240f1ac802a469c
:10e150003146204632f06efd00283ff43dae6ff0b0
:10e160000901a7e513f0040540f00781d80600f186
:10e17000f88013f0020100f0ce80039b0133c8f851
:10e180005430304632f036fc98f88520a8f8660006
:10e1900012f0300fc2f3011300f05081013b18bfa1
:10e1a000012398f8872063f3451288f8872001221d
:10e1b000122140460af024fd022388f870309fe7c0
:10e1c00094f87230032b74d9574b1a68574b4ff49d
:10e1d0007a7101fb02f2a3fb0232920912010523bc
:10e1e0004ff0000902216ce694f87230022b67d8d8
:10e1f0000133e26cdbb24ff00009122161e694f8c2
:10e200007230042b3ff680ae0133e26cdbb24ff08c
:10e210000009102155e694f87230042bf4d9042239
:10e2200084f87020b9f1000f7ff445ae012220463a
:10e2300011210af0e5fc74e50133e26cdbb2142134
:10e240003fe60121204694f8848031f071f894f87b
:10e25000843043f0010384f8843094f87030072b45
:10e2600008f0010811d05ad8023b032b08d82368c4
:10e27000a360c4e903330022142120460af0c0fc45
:10e280004ff48051204628f067ffb8f1000f7ff46b
:10e2900048ad94f8843068f3000384f884300a238e
:10e2a00084f870303de51a462946304632f07afc53
:10e2b00052e70133e26cdbb24ff00009022100e6c5
:10e2c00094f8842012f001027ff41eaeb9f1000f21
:10e2d00040f05d810122204602210af091fc20e5f8
:10e2e000069919b1079888427ff607af13f0060127
:10e2f00040f09480dd067ff503af082a00f0db8153
:10e3000040f24a81092a40f0ba80d8f850300133ef
:10e310009b457ff4f5ae404628f01efff0e6083b33
:10e32000012badd8a3e700bfacd30020d34d6210c2
:10e3300059073ff5e5ae13f01001029122d0d8f84d
:10e340005050ab451ed0c8f850b0042140460af0ea
:10e3500057fcc8f85050d3e6091a013989b2079121
:10e36000b3e6c8f850b02a46042140460af048fcfb
:10e370002946404628f0f0fec2e61146404628f005
:10e38000ebfebde69d077ff5bbae039b0133c8f8ee
:10e390005430f389a8f86a30a8f86030304632f07b
:10e3a00029fb98f88510a8f8660011f0300fc1f32a
:10e3b000011200f09581531e18bf012398f88720a1
:10e3c00063f3451288f88720029b002b3ff4efaee1
:10e3d0000122102140460af013fc032388f8703014
:10e3e00098f88530580600f1218298f8843023f09f
:10e3f000020388f884304ff480730293b8f87620d3
:10e4000002990a40d8e91e533ff47aae002d3ff43a
:10e4100077aeb8f97400a16aa84771e65e0708d51f
:10e4200098f8853043f0020388f885304ff4006394
:10e4300002930021404628f08ffedfe7d8e9002351
:10e4400000eb40009b1ab3eb500f34bf01230023b5
:10e45000a7e604990698014400297ff74eae45e7e8
:10e46000b2f85ce0089eb6457ff4e3ac98e59046d0
:10e47000dfe44046012210210af0c2fb40e6980684
:10e48000bcd4a2f10803012bb8d9062ab6d0059a4c
:10e49000002a40d0337b06981b090028d8e90615ce
:10e4a0004fea830c40f3f981dde905329818079ba8
:10e4b0000990984206dd10469a1a93b2059310fa15
:10e4c00082f309930ceb06030c93099beb1899421a
:10e4d00080f09d82069a4b1c5b1b9b1a00f1d18237
:10e4e0000126a9189bb20caa00962046079330f08b
:10e4f000bfff059a079b0096d31a9bb20546d8f832
:10e5000014100caa204630f0b3ff2b189bb2059aca
:10e510009a4200f08982049ba3b198f87030033bc3
:10e52000022b84bfd8f81c30c8f8203098f884300b
:10e53000dd0600f1ac8143f01003180788f8843041
:10e5400040f13782089b002b3ff458afdde90332de
:10e550001a44d8f85430013393427ff44fafc8f8cf
:10e560005430029b43f48063029398f8853043f063
:10e57000040388f8853098f87030023b032b00f2d2
:10e58000be82dfe813f0c202cb02b4022c020133d8
:10e590009146dbb2e26c94e4072a3ff470af022aa2
:10e5a000d8f8505008d1ab4540f06181032288f87b
:10e5b00070204ff480720292d8f80820d8f810e04a
:10e5c0000a92b2eb0e0206d5d8f800100991521a41
:10e5d000d8f804100a44abeb0501891a00290eddb6
:10e5e00098f8862002f08400042867d1012965d1bb
:10e5f000013542f0800288f88620c8f85050d8f8db
:10e600000cc0aeeb0502a2eb0c00e6450b900246f7
:10e610005ad2d8e900210992099801eb0b02121a8b
:10e620000b9810440028024640f3df800998091a2d
:10e630008a4273d998f883200132d2b2022a88f82c
:10e64000832058d90ceb0502a2eb0e02f445c8f862
:10e65000502000f2488298f88420c8f810c042f098
:10e66000800288f884200a9a944500f0d180d8f876
:10e670005050f289b8f86a10914238bfa8f86a2061
:10e68000b8f860105a44521b92b231b92ab198f8c6
:10e69000841041f0400188f88410a8f8602098f8b0
:10e6a0007020042a00f0ed80062a7ff4e8aeab4526
:10e6b0007ff4a4aebde6d8f850507de700221021cb
:10e6c00040460af09dfa99e65a44002a05ddd8e949
:10e6d00000010990081a824220d9e645c3d0a9e773
:10e6e000d8e9001200eb4003521ab2eb530f34bfcb
:10e6f0000123002362e6d8f83820002ab3d009931a
:10e700003ff01ef9d8f83820099b904280f2c6816c
:10e71000d8f80820d8f80cc00a92a4e740f2dc51df
:10e72000c8f83410cde909323ff00af9bd49d8f8ec
:10e730000cc00a9ad8f810e003460868b8f88310ad
:10e7400001f45f41a8f88310d8f83410654662449c
:10e7500000fb01f175454ff47a70b1fbf0f11944fb
:10e76000c8f83810099bd8f80410c8f80c20944653
:10e7700029d8724536d9d8f85050c8f81020a5ebe2
:10e780000e0010448a42c8f8500010d39646d8f8bc
:10e790000000081a121ac8f80c2094468e4506d3b9
:10e7a000d8f800208a1aaeeb0202c8f8102098f8b8
:10e7b0007020032a00f06d81082a00f06a81d8f8e1
:10e7c00008200a924fe7d8f80000081a70448242e5
:10e7d00008d9d8f85050c8f81020281a1044c8f8a2
:10e7e000500096468a42d2d2d8e798f88320013268
:10e7f000d2b2022a88f883207ff67daf0ceb0502a7
:10e80000a2eb0e020998401a0244c8f8502022e7f1
:10e8100098f88520d00719d4510600f1e68098f8c1
:10e82000842022f0020288f8842020e73ff088f854
:10e830007c4b1a68b8f86c3002fb03f34ff47a7221
:10e84000b3fbf2f30344c8f82430cee5d8f85050b7
:10e85000ab457ff40eaf98f8862052077ff509afdd
:10e86000b8f8842022f48172a8f8842001e7c8f85f
:10e8700050b00122042140460af0c2f9c8f85050b5
:10e880003ee4ab456fd09b067ff501aeb6e50122b5
:10e89000102140460af0b4f954e6aceb00033344cf
:10e8a00002440c93079b96b29e4228bf1e46ab19aa
:10e8b000994271d24b1c059301225b1b9bb20092c3
:10e8c00029460caa2046069330f0d2fd069b0690fe
:10e8d00001220092f31ad8f814109bb20caa204619
:10e8e00030f0c6fd059b069aeb1a9919d8f814303a
:10e8f000024492b20b4496427ff40dae98f8702019
:10e90000d8f85400c8f81c30033a3044022ac8f83a
:10e91000540003d8029a42f400720292d8f85820a8
:10e92000511c3ff4f8adb8f86410921b8918c8f870
:10e93000582013d4002a3ff7eeadd8f818200b4426
:10e9400008449342c8f85400c8f81c3006d9d8f8d7
:10e950001410521ad2431344c8f81c304ff0ff333e
:10e96000c8f85830d7e598f8862055078bd5099315
:10e970003ef0e6ff2b4a099b126841f2883101fb09
:10e9800002f24ff47a71b2fbf1f20244c8f830207f
:10e99000052288f8702076e7012300930caa3346fd
:10e9a0002946204630f064fdd8f81c300246334436
:10e9b000a1e743f0080388f884303ef0c1ff194b0b
:10e9c0001b68642202fb03f34ff47a72b3fbf2f389
:10e9d0000344c8f82c30b5e594f8723014e40022f2
:10e9e000102140460af00cf923e509933ef0a8fff8
:10e9f0000c4a099b1168b8f86c2001fb02f24ff435
:10ea00007a71b2fbf1f20244c8f8242007e7069bb2
:10ea1000e918012300930caa059b204630f028fd3d
:10ea2000034674e5acd30020d8f858305e1c22d0e1
:10ea30000699b8f864208b421a440ed9099890427e
:10ea400004d8984202d3521a93b20593059ba8f8b2
:10ea50006430069bc8f858305de5099991427ff60d
:10ea60005aad069991423ff656ad059acb1a1a4413
:10ea7000a8f864204fe5069bc8f85830a8f8642031
:10ea800049e5d8f81430c91a069b591a01392944a6
:10ea9000bfe7029a42f00402029290e6d8f83420ce
:10eaa00009935200b2f57a4f28bf4ff47a42c8f862
:10eab00034203ef045ff1d4ad8f808301168d8f8d8
:10eac00034200a9301fb02f24ff47a71b2fbf1f2a7
:10ead0000244d8f85050d8f810e0d8f80cc0099b80
:10eae000c8f83820aee5d8e9000109908ae6d8f8e0
:10eaf00050309b453ff473af062388f870300122f5
:10eb0000102140460af07cf878e4092388f8703038
:10eb10000122112140460af073f86fe498f886301c
:10eb20000822590688f87020e9d567e4acd30020a4
:020000040000fa
:10eb30002de9f04fc26d876dc46cd1f80ce0d1f8af
:10eb400014a0dff87cb397b0d1e900c5d0e9146315
:10eb500015901046da4a14906244024483ea070092
:10eb6000304002ebf46278401044109783eab6021a
:10eb70003746d34e0f942240109c1393ae1926446f
:10eb80000f9c5a404feab40985ea0e053244cc4c3a
:10eb90008e6801953d4689eab707074034198cea2b
:10eba00006081c4487eab507dff814c3129502eb88
:10ebb000f062274489eab0041440f4440cebb50c2d
:10ebc00084ea090407ebf2678eea0a0e4feab20202
:10ebd0006444d1f810c0734682eab00e0eea070e04
:10ebe000e344cb448eeab00ede44dff8d4b2d34423
:10ebf0000bebb00b886986ea0c068cea0005d1f8ad
:10ec00001cc0049504ebf76482eab7098aea0c0a8f
:10ec100009ea04090eebf46ecdf818a04feab4042b
:10ec200089ea0209dff898a2019dd94484eab70b6a
:10ec30000bea0e0b824492448beab70bd344dff805
:10ec400080a209ebfe6984eabe02e2440aebb70a3d
:10ec500002ea09020f6a6240524488ea070a80ea1f
:10ec60000708486acdf81c808cea000c0bebf96ba6
:10ec7000cdf828c04feab909dff844c285ea000898
:10ec800089eabe0505ea0b05bc44a44485eabe0535
:10ec90008b4ccdf8088002ebfb62d1f828806544ec
:10eca00089eabb0c0cea020c041904ebbe048ceae2
:10ecb000090c86ea080ecdf80ce0a444cc6a05ebfa
:10ecc000f26583ea040e4feab20280ea04037c484c
:10ecd0000c93264682eabb042c404044484484ea14
:10ece000bb04dff8dc9101960cebf56c044482ea7e
:10ecf000b50000ea0c00b14409ebbb0950404844a0
:10ed0000d1f83090049e87ea080788ea0908cdf810
:10ed10003880d1f8348086ea090b8aea080a069e10
:10ed20008eeafa7e5346cdf814e086ea080a019e80
:10ed3000089387eaf37e059bcdf810e086ea080683
:10ed400004ebfc6486eaf37e4feabc0c5c4ecdf823
:10ed500018e08ceab50e0eea040e4e4416448eea14
:10ed6000b50eb644564e00ebf4608ceab402024095
:10ed7000464406ebb50682ea0c023244d1e90e762f
:10ed800002990eebf06e02ebfe62794009920a46a0
:10ed9000039902928beaf27b7140079a0b918aeaff
:10eda000f17a554682ea070a0a9a8aeaf37a5146c4
:10edb00082ea060a049a029b0d918aeafb7acdf850
:10edc00004a082eaf57a0c9acdf80ca082eaf37ad4
:10edd0008aeaf17a0e9a0b99534682eaf17a019afd
:10ede0000e928aeaf27a0699039a049389ea07094d
:10edf00089eafb7981eaf27189eaf3790791089b44
:10ee00000695494688ea0608dff8b490099a089101
:10ee100088eaf5780d9db94487eaf37787eaf577b4
:10ee2000079d4feab00088eafa78e14487eaf57c6a
:10ee3000cdf80480cdf824c080eab408dff880c0a3
:10ee4000029d08ea0e0888eab408b44480eabe07c6
:10ee50000cebb40cc8440e9c08ebf268174086ea31
:10ee6000f5764feab2021d46154b86eaf476474026
:10ee700082eabe04674404ea080486eaf17c03ebf4
:10ee8000f576064484eabe04194634441e46029bc5
:10ee9000cdf828c007ebf86782eab800384006ebe7
:10eea000f37606ebbe06504004ebf76430444feabd
:10eeb000b7070e460b460b9987eab80c02e000bf75
:10eec0009979825a0cea040c06ebf1768ceab80cbc
:10eed000164400ebf46066444feaf17106ebf0660d
:10eee00081eaf57c039d059a0596019e8ceaf57ce6
:10eef000029d8ceaf67c03ebf273049e4feaf272f9
:10ef000082eaf57585eaf675099e81eafb7185ea64
:10ef1000f6790a9e069d81eafa7181eaf67e0799e2
:10ef2000cdf82ce082eaf57282eaf17282eafc7e88
:10ef300087eab402024003ebb8037a401a44de4b7e
:10ef4000059ecdf830e04feab00003ebfb7180ea9c
:10ef5000b4053944069f754002ebf6620d4403eb9d
:10ef6000f77780eab60105ebf265514007ebb4078d
:10ef70004feab202cc1982eab6010d9e03ebf67796
:10ef8000074469404feaf6703944089f099e80eab9
:10ef9000fb7b8beaf77b039f80eaf7700c9f80ea8c
:10efa000f67004ebf56480eaf77882eab50001ebcd
:10efb000f4618beaf97e60404feab40b0e9c059e2b
:10efc000cdf8348003ebf47707ebb607069e3844a0
:10efd0004feaf477019c87eaf67686eaf4760b9c92
:10efe00086eaf4760296049e039c87eaf6770a9ee8
:10eff00087eaf67787eafe78049ecdf814808beadc
:10f00000b50703ebf47890444f4000ebf1608bead6
:10f01000b102474403ebf678424008ebb50802eb37
:10f02000080503ebfa784feafa7a029e8aeaf4744a
:10f0300084eafc7484eaf674089e03940b9c07eb44
:10f04000f0678aeaf67a4feab00080eab1028aea0b
:10f05000f47a059c049ed8447a4042448aeaf478c3
:10f06000079ccdf8388005ebf76580eab70803eb1d
:10f07000f47a0aebb10a88ea0508d0444feaf47a38
:10f080008aeaf6710d9c089e81eaf97181eaf47ba7
:10f09000019c0c99cdf810b08aeaf47a8aeaf17ae8
:10f0a000039902ebf5628aeaf17a4feab505cdf8e9
:10f0b0001ca003ebf67b85eab70a83448aea020abe
:10f0c000099908ebf26885eab200da4403ebf47bb5
:10f0d0000aebf86a80ea08000bebb70b4feab808b6
:10f0e00000eb0b0788eab20003ebf17bab4480ea4c
:10f0f0000a004feaf175584485eaf67b049e0d99a3
:10f1000085eafc7585eaf17507998beafe7b85ea4d
:10f11000f1750a9908958beaf67b07ebfa675c466e
:10f1200088eaba0503ebf17b019e11947d400beb5d
:10f13000b20b05eb0b024feaf17b02998beaf675f5
:10f1400085eaf17505990e9e8beaf97b8beaf17bd6
:10f1500000ebf76085eaf6754feab7078beaf47bb8
:10f160000195cdf824b003ebfc7587eaba0b454452
:10f170008bea000b0b9e039c02ebf062ab4487ea28
:10f18000b0050bebf26b4feab208554003ebf97296
:10f1900002ebba0203ebf67aba444feaf6770e9e18
:10f1a00087eafc7c87eafe778ceaf47c87eaf677cc
:10f1b000019c099e154488eab00282ea0b0252447f
:10f1c0008ceaf47a87eaf67c0c9ecdf818c003eb43
:10f1d000f67c0cebb00c4feaf670049e80eaf979ed
:10f1e00005ebfb6588eabb0789eaf679089e6f4064
:10f1f000674489eaf67c029ecdf814c080eaf67076
:10f20000079e80eaf67002ebf56280eafa7c4fea2c
:10f21000b505cdf828c003ebfe7085eabb0c404471
:10f220008cea020c844402980d9e07ebf26785ea93
:10f23000b20803ebf07000ebbb0088ea07080ceba8
:10f24000f76c80444feab70703ebf67003ebf173fa
:10f2500087eab20903ebb20328444feaf6724fea99
:10f26000f175119e029982eafe7e8eeaf67e85eaab
:10f27000f176059989ea0c0986eaf4764844039cfc
:10f280008eeaf179069982eaf47286eaf17e089ea6
:10f29000049c85eaf4750a9c82eaf672714682ea59
:10f2a000f47e099a054ccdf82ce085eaf27585eae2
:10f2b000f97508ebfc6803e0a1ebd96edcbc1b8f91
:10f2c0000c9587eabc0500ebf86085ea0805039a0f
:10f2d0001d4440eab80303eabc0300eab80e43ea5f
:10f2e0000e0e04ebf27305ebf0653b449e4445ead9
:10f2f000b00303eab80305eab0061e43049b0e9a66
:10f3000004ebf3730eebf56e03ebbc031e444eea05
:10f31000b50303eab0030eeab5071f4304ebf2732b
:10f3200003ebb8031f444feaf273039a039183ea95
:10f33000f27484eafa7484eaf17b119c069a0c99bf
:10f3400083eaf47306ebfe6683eaf27383eaf17ce8
:10f3500046eabe03cdf834c003eab50306eabe0ca4
:10f36000079a049943ea0c0cdf4b03ebf27303ebaf
:10f37000b0039c444feaf270059b0a9a80eaf1714f
:10f3800081eaf3710b9b81eaf3730293019b80ea9c
:10f39000f37007ebf66780eaf27080eafb78d24af6
:10f3a000cdf8108047eab60101eabe0107eab608c7
:10f3b00041ea080802ebf4710cebf76c01ebb501c4
:10f3c00088444ceab70101eab6010ceab7001d46d1
:10f3d000084302ebf57108ebfc6801ebbe01134634
:10f3e0000844089a48eabc0101eab70108eabc05ea
:10f3f0000d4303ebf27101ebb6010d440b9e4fea96
:10f40000f27181eaf474029a81eafa7184eaf97479
:10f4100081eaf671049e00ebf86084eaf27ecdf892
:10f420001ce0099a81eaf67e40eab80101eabc01d3
:10f4300000eab8060e4303ebf27101ebb701019f3e
:10f44000cdf820e00e444feaf27181eaf774039f91
:10f4500084eaf7740d9f84eaf77e059f0c9c81ea8d
:10f46000f77181eaf471079c05ebf065724681ea59
:10f47000f47e45eab00101eab80105eab00406eb02
:10f48000f5660c4303ebfa7101ebbc0146eab507e4
:10f4900007eab0070c4406eab5013943059fcdf8e9
:10f4a00024e003ebf77704ebf66407ebb807394485
:10f4b00044eab60707eab50704eab60e47ea0e0eb5
:10f4c000069f03ebf77707ebb00706984feaf0705b
:10f4d00080eafa7a8aeafb7a13468aeaf27c0d9a83
:10f4e000cdf818c0be4480eaf970099f019301eb82
:10f4f000f46180eaf27080eaf77a41eab40707ea39
:10f50000b60701eab4000a9a3843774f07ebf2775f
:10f5100007ebb5073844059f4feaf275029a85ea72
:10f52000f77787eaf277089a87eaf27c039a049fd2
:10f53000cdf814c085eaf27585eaf775069f0eebe3
:10f54000f16e85eaf7754eeab10707eab4070eeaed
:10f55000b10c47ea0c0c644f00ebfe6007ebf97747
:10f5600007ebb60740eabe0606eab106bc4400ea6d
:10f57000be07374316465c4a02ebf6760cebf06c9e
:10f5800006ebb40637444ceab00606eabe060ceabf
:10f59000b0040b9a3443544e06ebf27606ebb106f8
:10f5a0004feaf271079a344481eaf97686eaf276f4
:10f5b000059a86eaf276089a0a9681eafb7107ebc9
:10f5c000fc6781eaf2710c9e474a81eaf57147eacd
:10f5d000bc080b9108eab00807eabc0148ea01013f
:10f5e00002ebf67808ebbe084feaf67e039e3e4a31
:10f5f00041448eeaf67888eaf378029b099e8eea07
:10f60000f37e8eeaf67e0a9e04ebf76488eafa78c7
:10f610008eeaf67ecdf80c80cdf830e044eab70ee5
:10f620000eeabc0e04eab7084eea080802ebfb7ebd
:10f6300001ebf4610eebb00ef04441eab40e0eeab9
:10f64000b70e01eab40008ebf1684eea000002ebe5
:10f65000f37e0d9e049b0eebbc0e48eab10c0cea47
:10f66000b40c704408eab10e4cea0e0e02ebf67cc4
:10f670000cebb70cf44402ebf3724feaf37e029bff
:10f680004feaf677069e87eafb798eeaf37b039bc7
:10f6900089eaf67989eaf379059b0b9e8beaf37b7d
:10f6a0008beaf67b02ebb402079e019c0c9b87ea77
:10f6b000f6778eeaf47e0d4c00ebf86087eafa7775
:10f6c00087eaf3778eeaf57e40eab80304ebf57536
:10f6d00004958eeaf97e04ebf97503eab10300eaba
:10f6e000b8090cebf06c03e0dcbc1b8fd6c162ca1e
:10f6f00043ea09034feab00004ebf679134480eac9
:10f70000b802079509ebb1090f9d82ea0c0203ebe1
:10f71000fc634a44254402ebf3620d951546019ab9
:10f72000029580eabc0104ebf279089a09ebb8096a
:10f7300059404feab30383eabc08494404ebf27929
:10f7400088ea0508814408eb09004feaf27989ea62
:10f75000f6780a9e069a88eaf67888eafb78cdf869
:10f76000208004ebfb7801ebf56189eaf279049dd6
:10f77000cdf8108004ebf278029a984483eab20341
:10f780000b9a89eaf27904ebf27b89eafe79099a0d
:10f7900004ebfe7ecdf818e004ebf97ecdf828e00e
:10f7a00004ebf27e0eebbc0e4feaf27c019a4b406a
:10f7b00073448ceaf27e039a8eeaf27e04ebf279cd
:10f7c0008eeaf77e059a04ebfe7ecdf804e08cea23
:10f7d000f27c04ebf27e029a00ebf1604feab10199
:10f7e0000eebb20e81eab20204ebfa7a424003eb6e
:10f7f000f0638a44424481eab00102ebf36259406b
:10f800004feab30305ebb00583eab00004ebf676ec
:10f810007144504001ebf2611e44504483eab2034c
:10f8200000ebf1604b404feab10109ebb20981ea0c
:10f83000b2022b444240079d03ebf0633244049e26
:10f8400002ebf36206ebb2080c9e8b4481eab00136
:10f8500004ebf67e59404feab3030eebb00e83ea99
:10f86000b0004944504001ebf2611d44584483ea22
:10f87000b20300ebf1604b404feab10104ebf777c4
:10f88000734481eab20203ebf0630f448ceaf67c26
:10f890004240089e81eab0012a445940069d02eb8d
:10f8a000f36241444feab30304ebf67401ebf261f7
:10f8b00005ebb0051c4483eab00083eab203504074
:10f8c0004b4038448ceaf67c2b440d9e019d109fe2
:10f8d00000ebf1604feab10106ebfc7c05ebb205f1
:10f8e0000a9e81eab202424003ebf063224474189c
:10f8f00081eab00102ebf36259404feab3030ceb2b
:10f90000b00c83eab00050400d4405ebf26512994b
:10f91000044404ebf564159821440165139901eb47
:10f92000b501416507ebb20183eab2026a40944433
:10f93000149a81650cebf4641344c464c36500201d
:08f9400017b0bde8f08f00bf15
:020000040000fa
:10f948002de9f04f934cd4e90032134389b000f00d
:10f958009280914d2f78022f00f09b80032f3ad090
:10f96800012f75d18d4b1a78002a40f0f2808c4e09
:10f978003078002860d18b4b009019688a4b3a4642
:10f988003bf038fe0246002800f08983874b186850
:10f99800002800f09284d0e9003085495b689847d8
:10f9a800844a854900231370844a33701370844a4b
:10f9b8002b700b701370834e3378002b4ed02f783a
:10f9c800002f00f0d980804b1b78002b40f08880f6
:10f9d80009b0bde8f08f714e3378002b00f09880a5
:10f9e8007a4b724adff8bc811b781168d8f800207e
:10f9f800002b00f0dc82764b76481f68764b006857
:10fa08001b68002900f03b84d1e9001ccde9007097
:10fa180060464f687149b847664b187860490022bc
:10fa28000a70002800f0d08263491a7001233270ee
:10fa38000b7001232b70c6e73bf0d4ff684b1a68a4
:10fa48005b68904261eb0301002980f2fd822f7808
:10fa58005c4e3378002bb3d1002fb4d1614a1378b0
:10fa6800013b052bafd8dfe813f0bb019e014a012b
:10fa780014017c01f60040f0f1f8474d5a4b2f78fd
:10fa8800a3fb003080090023022fc4e900037ff4a0
:10fa980065af424e3378002b00f0b480434a4b4b9d
:10faa80010681b783f4a1268002b00f07082484ba0
:10fab8001b68002800f0ed83d0e900104f684b491f
:10fac800b8473c4b1878364900220a70002800f0e5
:10fad8006b8239491a70012332700b702b7072e7f0
:10fae800434c3bf07fffd4e90023821a61eb030308
:10faf800002bfff66daf3f4a136852681b1841eba5
:10fb080002012360616009b0bde8f04f1df04abbf7
:10fb1800234e3078002840f067822f4b2c4a214929
:10fb28000290354f12681b680968019701270097f2
:10fb38003af00cfa0246002800f0b1821b4b186814
:10fb4800002800f0b583d0e900302c495b6898475d
:10fb580026e71b4a1178002900f0b2811b4b1b785d
:10fb680000211170002b40f0b9820d4a00232b7040
:10fb78001370144e337853b13bf034ff204b1a689e
:10fb88005b68904261eb0301002980f24a812f787b
:10fb980062e700bf58d300201ad600201cd60020e8
:10fba80019d6002064d5002085da04004cd5002041
:10fbb8003c73000016d6002015d6002012d600206f
:10fbc8000ed6002014d6002008d600201bd6002010
:10fbd80060d5002058d500205cd50020f07a0000c0
:10fbe80068d300200fd60020d34d6210447a00005d
:10fbf80040d3002048d30020a9da04009c7a0000f2
:10fc080060d30020964e3078002840f00582954b4e
:10fc180001901a68944b1968944b009301233bf0a8
:10fc28005bf90246002800f07b82914b1868002897
:10fc380000f03a83d0e900308e495b6898478e4ad5
:10fc48008e49002313708e4a337013708d4a2b70bf
:10fc58000b7013708de78c4c834882494ff48043b6
:10fc680023608a4c04608a480b608a490360834891
:10fc78000b6000230370804c8748012101702170bc
:10fc88008648774903700b70032104232970137089
:10fc980099e6834e3bf0a6fe3368c31a736861eb9e
:10fca8000303002bfff68faed4e9007254017b01e9
:10fcb800db1b44ead76464eb0204a40044ea9374af
:10fcc8009b00db1942eb0402d20042ea5372db00cc
:10fcd8001b1841eb0201c6e900316a4a2b78012161
:10fce8001170002b40f03c825f4a6e4810606b4aee
:10fcf800624813705a4a03702970137063e6624ca5
:10fd0800594858494ff480432360604c0460604868
:10fd18000b606049036059480b6000230370564c20
:10fd28005d480121017021705c484d4903700b70da
:10fd380004230321137029703bf054fe584b5a4a90
:10fd4800c3e9000112784a4bff2a186800f00b82b9
:10fd5800002800f0a482036854495b68406898470b
:10fd680031e649484049dff8fce0dff824c1434f59
:10fd78004a4e3b4c4ff48043036044480860454971
:10fd88003d480b600023cef80030ccf800303b70c3
:10fd980033702370032340492b700623137001230b
:10fda80003700b700fe6384c2f482e494ff4f85368
:10fdb80023603f4c046036480b60364903602f4887
:10fdc8000b60002303702c4c334801210170217013
:10fdd8003248234903700b7003232b701370f2e52c
:10fde80021493448304b086027481b78224c4ff48f
:10fdf8007f6101601b481b01036025480360254b98
:10fe08001e481960002303702348012101702170e6
:10fe18002248134903700b700321022329701370c1
:10fe2800d1e50024124b24491c602046347035f07b
:10fe38009dfb0d4a164b21481060164a1c604ff472
:10fe480060400d4b0749106001221a70134b0c607b
:10fe5800034a0a491c7002230c7014702b70b2e517
:10fe680019d6002060d5002064d5002049f304008d
:10fe78004cd50020f079000016d6002015d60020b9
:10fe880012d600200ed600205cd50020a000040069
:10fe980048d5002044d5002017d600201cd60020c5
:10fea80050d30020a1000400bfd70020d87b000059
:10feb800ac000400aa0004005c7b0000fb080300ff
:10fec800ad4e3278002a40f0ce80ac4bac4edff815
:10fed80004831b783068d8f80020002b00f0a88134
:10fee800a84bdff80093a8491a60a84b0f70d9f8ff
:10fef80000101960d9f80030002800f03c83d0e9e0
:10ff080000104f68a249b847a24f3b7823b3a24bd1
:10ff1800d9f80010d3f800c0a04bd8f800201b680f
:10ff280030680cea030301ea0c01994200f00983e6
:10ff3800dff8d4e24ff0030a8ef800a0002800f0a2
:10ff48003983d0e9000ecde9001c9549d0f804a00a
:10ff58007046d04700233b70d8f80020914b9a4256
:10ff68007ff403aed9f800203368c2f34232002b85
:10ff780000f00583d3e90010042a98bf8a4b4e6825
:10ff880094bf53f82230894b8949b047ede50028e2
:10ff980000f07181d0e9003086495b68984786494e
:10ffa800864a00230b70137000232b70e1e50029ab
:10ffb80000f05c81d1e9003081495b6898477e494f
:10ffc8007e4a00230b7013707e4a1378002b48d0aa
:10ffd80000231370684a3370012111707a497b4af3
:10ffe8000b70c8f8002024e53bf0fcfc784b1a683d
:10fff8005b68904261eb03010029fff628ad604a77
:020000040001f9
:10000800744b10681a68002800f07281d0e900303b
:1000180071495b689847c3e43bf0e4fc6c4b1a6891
:100028005b68904261eb03010029fff610ad544a6a
:10003800684b10681a68002800f05f81d0e900302a
:1000480066495b689847fae54d4a624b10681a683a
:10005800002800f05681d0e9003061495b68984774
:10006800ede52b70a7e4454a1278002a00f0ce800f
:10007800554f5c4a5c48d2f800c03a7840f822c034
:100088000132d2b2092a3a7000f27a81574c5148ab
:1000980054f82240494a04601970117093e43bf007
:1000a800a1fc3770d4e90062b31942eb020c9b192a
:1000b80042eb0c0c4feacc0c4cea537cdb009b194e
:1000c80042eb0c02d20042ea5372db001b1842ebef
:1000d80001023f492f78c1e90032b9e4414b1b685e
:1000e8001e0600f1ef8058067ff53fad404a4149b2
:1000f800c3f3c20313700a78002a00f01d823e4a37
:100108001078984200d913703c4a1078984200d26f
:1001180013703b4a01230b7013680133136024e505
:100128003bf060fcd4e90072fb1942eb020cdb19ce
:1001380042eb0c0c4feacc0c4cea537cdb00db198d
:1001480042eb0c02d20042ea5372db001b1842eb6e
:1001580001021f492f78c1e900320123337077e487
:10016800002313702fe4002800f0cf80036825498e
:100178005b684068984726e412d600201bd600200a
:100188004cd5002054d5002018d6002050d500208a
:10019800c878000015d6002044d5002048d5002096
:1001a8002c790000fb0803005cf304004870000091
:1001b80074790000747a000016d6002019d6002041
:1001c800347b000011d6002013d6002003ca040097
:1001d80068d3002064d50020c87a00001c7a00008b
:1001e8006873000068d50020d0d0002008d404002f
:1001f8000dd6002009d600200cd600200bd60020f2
:1002080040d50020947b000017d60020414a424b7d
:1002180010681a68002800f0a681d0e900303f492c
:100228005b6898473e4a0023337013702b70a0e434
:10023800002800f09c81d0e900303a495b68984773
:10024800394f3b78002b3ff490ac384b3068d8f8e6
:10025800002003211970002800f0a881d0e900309f
:1002680033495b68984700233b707ee40846314970
:1002780035f07cf9a3e6304935f078f98fe6cde919
:10028800007008462d4935f071f92d4b1878fff7a5
:10029800c5bb2c4935f06af9294b187813e42a496b
:1002a80035f064f9fff78fbb284935f05ff9c6e4ec
:1002b800274935f05bf9fff773bb264935f056f946
:1002c800fff76ebb24490a68013203f007030a608e
:1002d800224a23491370052b96bf224a224a52f814
:1002e8002320002035f042f9204b05221a703ce407
:1002f8001f4935f03bf9fff753bb1e4935f036f976
:100308009de41d4935f032f999e41c4935f02ef980
:10031800fff759bb4cd5002064d500209478000025
:1003280019d600209079000015d6002017d6002095
:10033800b8790000347b0000747a0000f07a00007d
:1003480016d60020447a0000d87b0000f07900001f
:100358009c7a00003c7300003cd500200ad600209f
:10036800907300002ced0400246b00000fd60020d1
:10037800c87a00001c7a000068730000947b0000b3
:10038800a34b31701970d0e90032297005920169c8
:10039800828ab0f81c809f4e90f820a0b0f8249074
:1003a80042ea014207928269316848ea0248d0e984
:1003b80002b203f4004c0692c3f3c033002900f0e4
:1003c800ea80d1e90020526893491746934abcf164
:1003d800000f08bf0a469249b847069b3068c3f326
:1003e8000722002800f0f080d0e900308d495b68d2
:1003f80098473068079a4346002800f0e180d0e922
:100408000010d1f804808849c0471bf0ff0208d0cb
:100418003068002800f0f380d0e9003083495b6839
:100428009847059b590508d53068002800f0d78003
:10043800d0e900307e495b689847baf1000f09d0cf
:1004480030685246002800f0ce80d0e90030794963
:100458005b689847b9f1000f09d030684a46002810
:1004680000f0c580d0e9003073495b689847059b68
:100478009a0608d53068002800f0bd80d0e9003021
:100488006e495b689847059bdb0608d530680028ed
:1004980000f00481d0e9003069495b689847059b02
:1004a8005f0608d53068002800f0fc80d0e90030ed
:1004b80064495b689847059b180608d5306800288a
:1004c80000f0f480d0e900305f495b689847059bed
:1004d800190708d53068002800f0ec80d0e9003012
:1004e8005a495b689847059b5a0708d53068002821
:1004f80000f0cc80d0e9003055495b689847059bef
:100508001b0508d53068002800f0c480d0e9003009
:1005180050495b689847059a40f6fc431a427ff4b5
:1005280096aa306800286ed003684b495b6840681b
:1005380098472f78fff78cba484a1370484a1370c7
:10054800e7e5484b4ff0020e83f800e000283fd063
:100558000b46d0e90001cdf800c0d0f804a0084649
:100568004149d047f6e4414935f000f85ae6404998
:1005780034f0fcff64e63f4934f0f8ffc4e4042a91
:1005880096bf3d4b3d4b53f822303d49002034f097
:10059800edfffff7eaba0846204a1f49bcf1000ff1
:1005a80008bf0a461e4934f0e1ff16e7354934f022
:1005b800ddff58e6cde9001c334934f0d7ffc9e424
:1005c800194934f0d3ff20e7164934f0cfff10e77c
:1005d8000b46cdf800c0244934f0c8ffbae41449ea
:1005e80034f0c4ff29e7134934f0c0ff32e7124959
:1005f80034f0bcff3be7114934f0b8ff43e70b493f
:1006080034f0b4ff0de7144934f0b0fffff71fba18
:1006180019d600204cd500202c7300002073000050
:10062800c0730000e47300003c7400008074000094
:10063800e874000064750000fc7500008076000016
:10064800cc76000010770000547700008c7700000b
:10065800d87700002c780000647800000cd60020c1
:100668000bd6002017d60020f478000094780000fc
:1006780090790000c87800005cf30400487000001e
:1006880074790000b87900002c7900000b4934f027
:100698006dff34e70a4934f069ff3ce7094934f053
:1006a80065fffce6084934f061ff04e7074934f0c8
:1006b8005dff0ce7064934f059ff14e7d8770000ce
:1006c8002c780000cc7600001077000054770000ea
:0406d8008c7700001b
:020000040000fa
:020000040001f9
:1006dc00a0d100201c00000000000000c4cc0020b1
:1006ec006c00000000000000e45e0020040000002c
:1006fc0000000000cccb0020040000000000000033
:10070c002bd60020dd00000001000000ffec770478
:10071c0000000000000000000000000000000000cd
:10072c0000000000000000000000000000000000bd
:10073c0000000000000000000000000000000000ad
:10074c00000000000000000000000000000000009d
:10075c00000000000000000000000000000000008d
:10076c00000000000000000000000000000000007d
:10077c00000000000000000000000000000000006d
:10078c00000000000000000000000000000000005d
:10079c00000000000000000000000000000000004d
:1007ac00000000000000000000000000000000003d
:1007bc00000000000000000000000000000000002d
:1007cc00000000000000000000000000000000001d
:1007dc00000000000000000000000000000000000d
:1007ec0000000000000000000000000000d6002007
:1007fc0001000000000000003cd1002004000000bb
:10080c0000000000c0ce00204400000000000000ea
:10081c00d0cb00208000000000000000fcd50020a0
:10082c00010000000000000008780020d01100003a
:10083c000000000010d300200800000000000000a1
:10084c0090cd002050000000000000005cd2002081
:10085c00040000000000000098d3002004000000f9
:10086c00000000009fd100200100000000000000eb
:10087c0045cf00200100000000000000a0c50020b2
:10088c0010010000000000009cd3002004000000b8
:10089c000000000068c90020a40000000000000057
:1008ac0060d20020100000000000000050cc00209e
:1008bc00740000000000000000bb002018020000c3
:1008cc0000000000a0d30020040000000000000085
:1008dc00b0d200201800000000000000acca0020bc
:1008ec009000000000000000a4d3002014000000c1
:1008fc000000000059d200200100000000000000a0
:10090c00e6d500200200000000000000ead500201f
:10091c000200000000000000b8d300201800000006
:10092c0000000000a4d70020060000000100000019
:10093c00ffffffffffff000030ce0020480000004b
:10094c0000000000d0d300202400000000000000b4
:10095c00eed50020040000000000000048d200206a
:10096c00110000000000000080d100201f000000da
:10097c0000000000f4d30020040000000000000080
:10098c0072d700200200000001000000640000008b
:10099c00e8930020d007000000000000f8d30020ee
:1009ac000c00000000000000bed700200100000079
:1009bc00010000000100000004cf002041000000f5
:1009cc000000000004d4002008000000000000001b
:1009dc00e1d5002001000000000000000cd4002034
:1009ec000c00000000000000bcd10020180000002a
:1009fc000000000018d400200400000000000000db
:100a0c00e9d5002001000000000000001cd40020eb
:100a1c000c00000000000000b8c70020e800000037
:100a2c0000000000b89b0020400600000000000001
:100a3c00c8cf0020340000000000000028d40020a3
:100a4c000c0000000000000070d20020100000001c
:100a5c000000000034d400200c0000000000000056
:100a6c00c8d200200c0000000000000080d2002042
:100a7c00100000000000000040d40020080000001e
:100a8c0000000000f2d50020020000000000000071
:100a9c0048d40020080000000000000058d00020be
:100aac00280000000000000008d7002028000000eb
:100abc0001000000bb010300d10101004b02010049
:100acc00330203007c020300dd030300de0303009a
:100adc00e0030300e1030100b3220100f4d5002080
:100aec00020000000000000050d4002008000000ac
:100afc0000000000d4d200200c0000000000000018
:100b0c0058d400200400000000000000edd50020a7
:100b1c0001000000000000003ccb00209000000011
:100b2c0000000000e8b3002070020000000000008c
:100b3c005cd400201000000000000000acd70020a6
:100b4c000400000001000000ffffffffd4d10020d3
:100b5c0030000000000000006cd400201c000000dd
:100b6c0000000000fad50020010000000000000089
:100b7c0088d400200400000000000000f6d50020fe
:100b8c0002000000000000008cd4002020000000b7
:100b9c000000000058b600206c02000000000000ad
:100bac00acd400200c0000000000000004d3002096
:100bbc000a00000000000000b8d400201000000063
:100bcc000000000018c300206801000000000000b5
:100bdc00c4b800203c02000000000000c8d4002073
:100bec0008000000000000001cd1002020000000c4
:100bfc000000000040d10020400000000000000078
:100c0c00f8d500200200000000000000fbd50020f9
:100c1c0001000000000000002cd000202c0000007f
:100c2c0000000000e8a70020000800000000000001
:100c3c0048cf0020400000000000000018d3002026
:100c4c000800000000000000fdd50020010000009d
:100c5c0000000000d0d400200400000000000000c0
:100c6c0080c400202001000000000000d4d400202b
:100c7c000800000000000000e8af002000040000a5
:100c8c000000000020d30020100000000000000035
:100c9c00fed500200200000000000000a0c80020cb
:100cac00c800000000000000e0d200200c00000092
:100cbc0000000000dcd40020080000000000000050
:100ccc0086d7002002000000010000000100000097
:100cdc000cca0020a00000000000000088cf0020fb
:100cec004000000000000000e4d400200c000000d4
:100cfc000000000001d600200100000000000000f0
:100d0c00f0d400200400000000000000b0c6002059
:100d1c00080100000000000098d700200c00000023
:100d2c0001000000f4010000d007000001000000e9
:100d3c004cd700201400000001000000080008003f
:100d4c000200010002000800000600060101540028
:100d5c00ecd500200100000000000000e8d50020c8
:100d6c00010000000000000060d70020120000000d
:100d7c000100000030303a30343a32353a31433adf
:100d8c0041303a303300000074d7002012000000cc
:100d9c000100000030303a30343a32353a31433abf
:100dac0041303a303200000088d70020100000009b
:100dbc0001000000010100003577040071ad040052
:100dcc0000800100b8d700200200000001000000e4
:100ddc000001000080d0002028000000000000006e
:100dec00f8d000202400000000000000a8d0002053
:100dfc00280000000000000030d700201c0000007c
:100e0c000100000000004f4e52000000c0e1e40061
:100e1c0002000006400508008001010100000000ee
:100e2c0030cd00206000000000000000f4d4002051
:100e3c000400000000000000f8d4002014000000a2
:100e4c000000000030d3002008000000000000006b
:100e5c000cd50020040000000000000004d200208b
:100e6c00180000000000000010d500200400000055
:100e7c0000000000b0d700200400000001000000ba
:100e8c00ffffffff38d30020080000000000000027
:100e9c00e2d50020040000000000000002d6002073
:100eac00010000000000000014d500200400000028
:100ebc000000000003d60020040000000000000029
:100ecc0000000020e45e000000000000d889002033
:100edc00100a00000000000018d500201c000000c3
:100eec0000000000e0d50020010000000000000020
:100efc0007d60020010000000000000034d50020bf
:100f0c00080000000000000078ce0020480000001f
:100f1c000000000040d30020100000000000000082
:100f2c0008d6002006000000000000003cd5002080
:100f3c0008000000000000000ed600200100000098
:100f4c000000000050d3002008000000000000004a
:100f5c00bfd700200100000001000000ff000000ce
:100f6c000fd60020010000000000000058d3002024
:100f7c00080000000000000010d600200400000053
:100f8c0000000000d0d0002028000000000000006d
:100f9c00c0d700200200000001000000080500007e
:100fac0060d30020080000000000000014d60020d0
:100fbc00010000000000000044d5002008000000e3
:100fcc000000000015d60020030000000000000007
:100fdc004cd50020040000000000000018d60020b2
:100fec00010000000000000050d5002008000000a7
:100ffc000000000019d600200100000000000000d5
:10100c0068d30020080000000000000058d5002024
:10101c0010000000000000001ad6002001000000a3
:10102c000000000068d50020040000000000000053
:10103c001bd6002002000000000000006cd5002030
:10104c00040000000000000070d300200800000025
:10105c0000000000c2d700200100000001000000c9
:10106c00010000001dd6002003000000000000005d
:10107c0070d500200400000000000000e6a700204e
:10108c0002000000000000000ed30020020000004f
:10109c000000000020d6002001000000000000002d
:1010ac0074d500201c0000000000000090d200202d
:1010bc00100000000000000021d6002002000000fb
:1010cc0000000000f8a10020ee0500000000000068
:1010dc0090d50020080000000000000046cf002042
:1010ec0002000000000000005ad2002002000000a4
:1010fc000000000018bd00200002000000000000ed
:10110c0098d500200800000000000000aad700209d
:10111c000200000001000000be150000bad700203c
:10112c000200000001000000ffff000023d6002099
:10113c0001000000000000001cd200202c00000068
:10114c000000000078d30020080000000000000020
:10115c00a0d50020040000000000000080d3002077
:10116c00080000000000000024d600200100000050
:10117c000000000088d300200800000000000000e0
:10118c00a4d50020080000000000000025d6002097
:10119c000100000000000000acd50020040000009d
:1011ac0000000000a0d20020100000000000000091
:1011bc00b0d50020040000000000000018bf002083
:1011cc000002000000000000b4d500201000000058
:1011dc0000000000bcd7002002000000010000004d
:1011ec00ffff000026d600200400000000000000d5
:1011fc0090d300200800000000000000c4d500209f
:10120c00040000000000000018c1002000020000d3
:10121c00000000002ad600200100000000000000a1
:10122c00ecd200200c00000000000000fccf0020dd
:10123c003000000000000000e85e002020190000d3
:10124c0000000000c8d500200c00000000000000c9
:10125c00b4d70020040000000100000001000000d1
:10126c00d4d500200400000000000000e0cd0020d8
:10127c005000000000000000d8d50020080000003d
:10128c0000000000f8d200200c000000000000005c
:10129c000000000000000000666666666666666612
:020000040000fa
:020000040001f9
:1012ac002de9f04f8db0d2f800b09a46169b0beb9f
:1012bc000309179b994500f27c8490f8247216461a
:1012cc0004468846002f60d15146204621f044f850
:1012dc000546002855d194f84012102959d0d4f85d
:1012ec003412b34a0a40202a00f05781b1498a428d
:1012fc0000f0a08094f834c21cf0600140f095809e
:10130c0094f83f22002a40f09080baf1010f40f08f
:10131c00a480e068002800f0828494f83821032a25
:10132c0000f04c810cf06001202900f07e81baf1b4
:10133c00160f00f29a80dfe81af05901a30098000a
:10134c0098009800980098009800980098009800d1
:10135c00d70098009800c1002801f8009800980068
:10136c00980017009800df00179b00930022019251
:10137c00169b3246414620462ef07cfc024682b338
:10138c00154628460db0bde8f08fd0f820128944e0
:10139c009ae7baf1000f60d1d4f83412844b0b40a9
:1013ac00202b68d094f8341211f0600100f01981f0
:1013bc00169b002b40f0b7805fb194f8713043b1ad
:1013cc00d4f8202233681344179a002a40f01d8168
:1013dc00336064220121204636f01cf90246002ab3
:1013ec00ced13368994540f0118494f88c30002ba1
:1013fc00c7d094f82432002b71d094f87130002ba4
:10140c006dd0d4f82062d4f88430b342c0f050844c
:10141c009b1bc4f88430002120462cf05fffd4f8cd
:10142c0084303344c4f88430abe7baf1000f7ff456
:10143c0070afdbe0baf10e0f7ff45caf94f83e2294
:10144c00022a0ad994f834c21cf0600f7ff461af01
:10145c0094f83f22002a7ff45caf0a220221204636
:10146c0036f0d8f86ff4ba758be76ff49975284697
:10147c000db0bde8f08f94f83e32002bedd091e723
:10148c00169b3246414620460ff0d4fc94f8243289
:10149c000246002b3ff473af94f87130002b3ff4ed
:1014ac006eafd4f8201233680b44dde9161081427c
:1014bc0002d09842c0f0fc83336060e7082384f8c4
:1014cc003e3294f82432002b8bd094f87130002be0
:1014dc0087d03368d4f820221344336082e700218c
:1014ec0020462cf0fbfe4ce73246169b414620462c
:1014fc0003f00efb024642e7169b032b13d932680e
:10150c00511c08eb01003160437818f801508178c8
:10151c001b02043243ea054332600b43169a043330
:10152c009a4200f02d83244d2be7002394f83f22a0
:10153c0084f84532cde90633cde90a3333680b2afa
:10154c00cde9083340f2e7831cf0800f78d1b4f872
:10155c00342202f49062b2f5906f00f00683a76813
:10156c00d7f804a0baf1000f00f0268394f84721b5
:10157c00013a062a00f29c80dfe812f08b009a00f8
:10158c009a000f019a009c008b003246169b414634
:10159c00204612f0e1fb0246f1e694f83e22002ac6
:1015ac007ff4a8aebaf1020f3ff44caf55e700bf81
:1015bc006000040020000400b8feffff94f83921fd
:1015cc00022a7ff6afae169babf104014144d83032
:1015dc001a1d22f04ffd002840f0c58294f834c249
:1015ec00a0e694f83f32002b3ff437af169b002b4c
:1015fc0099d194f824326bb194f8713053b1d4f87a
:10160c00202233681344179a1ab1179a9a42c0f0e1
:10161c004f83336000297ff4dcae0a22022120467e
:10162c0035f0f8ff6ff49c75abe6aaf10b03032bb6
:10163c003ff67dae94f83532d8063ff50eaf76e620
:10164c0094f83922920604d494f8352297077ff542
:10165c007eaf94f83722500681d4a7686ff4ac7231
:10166c00d7f804a0baf1000f0bd0b96841b15144be
:10167c00002000bf8af800000af1010a5145f9d197
:10168c00a76802920023bb60204636f04dfd029afb
:10169c0075e6012184f84512062a00f29781dfe8ed
:1016ac0012f09701950195011c0295011100c601dc
:1016bc00b24adae7d4f82c22002a00f0298301225e
:1016cc0084f84522169a012a40f2b48238f8032095
:1016dc0052ba92b203f1020a802acdf820a000f28d
:1016ec0029831698911c8842c0f0a48208eb0a0149
:1016fc0007f11800039302923df036fb029aa7689b
:10170c00039b0aeb02003a444ff0000ac3f10101bb
:10171c0082f818a0169a089001448a42c0f08a8276
:10172c0018f800100130c31a0b449a42cde9071087
:10173c00c0f0808294f860324ff4c0720a92002b91
:10174c0000f0f582d4f86472002f00f0cb8294f88c
:10175c006132002b40f08182d4f85c321b693a462e
:10176c005b68404428f008fc002840f0dd8201232f
:10177c0084f8613294f847310222013b84f8452207
:10178c00062b6dd8dfe813f010016c006c009c0088
:10179c006c00fc00be00d7f804a0d4f82c22002a60
:1017ac0000f0b682012284f84522169a012a40f2f2
:1017bc00418238f8032052ba92b20233802a08933d
:1017cc0000f2b8821698911c8842c0f0338208eb64
:1017dc00030107f11800039202933df0c5fadde90d
:1017ec000232a168029113440a444ff0000b82f8b4
:1017fc0018b0d4f82c72089301f58d72402318316f
:10180c002046b8470299a76848617a69531e3f2b56
:10181c0000f27e8294f8393243f0400384f8393276
:10182c008af801208af800b0a3680af1020a5a6902
:10183c00002150463df0dcfda3685a699b8a0aebf7
:10184c0002005bba20f8023ba1684a6901f58d7170
:10185c003df08afaa268536902335b00936089e712
:10186c00a768464afce6a268089b079952680b4495
:10187c00002094f83a1108930b9b0b901170a268fe
:10188c0094f83b1152685170069abab19178a268db
:10189c0050688278db0f013b5140dfb20b405a405d
:1018ac0082700323a2685068069ac15cd25c4a40dd
:1018bc003a405140c1540133302bf3d130230a93b9
:1018cc00042384f8453294f824323bb194f87130f7
:1018dc0023b1089bd4f820221344089320463ef0f1
:1018ec00a1fc024660b9089b052184f845123360bf
:1018fc0094f934320d21002b84f83f12c0f2e381ad
:10190c00a768ade694f84b31d4f85c0203b1a06b38
:10191c00a368d4f864125a68083332f0e9f9024625
:10192c00d4f8640260b102923bf018fad4f8640265
:10193c00029a10b139f016fa029a0023c4f86432f4
:10194c00002384f86132002adad194f8473103225b
:10195c00013b84f84522062b82d801a252f823f0d1
:10196c00731801006d1801006d180100cd180100ed
:10197c006d180100f71a0100ed1a01008afeffff35
:10198c00a368d4f864125a68d4f85c0202320aab29
:10199c0032f0aef994f84b310246002bd3d1d4f887
:1019ac0064020028bfd1cbe70898a36b079906aa5d
:1019bc0040443af015ff021e40f37e810a92002348
:1019cc001a44303a94f847310b92c0e7c14a47e6c3
:1019dc0094f8e030012262f3050384f8e0300df155
:1019ec001601204616f0c4fea768024600287ff4b4
:1019fc0037ae94f93502bdf8162007923023002833
:101a0c00bb60dde90813c0f21781d31a169a0b4498
:101a1c009a427968c0f00e812e22a06902311ef024
:101a2c004bfd024600287ff46baf0690a2e694f8bb
:101a3c004b21d4f85c72002a00f0ef80d4f85822c5
:101a4c0040f26d118a4200f0e880b2f5b57f00f0eb
:101a5c00e48094f8e030032262f3050384f8e0306c
:101a6c000df11601204616f083fe024600287ff485
:101a7c0047afdde90832a76b1699581c821a9142c0
:101a8c00c0f0d78018f80310169b08900a449342b4
:101a9c000791c0f0ce8094f84b3123b994f86032a2
:101aac00002b00f04a81d4f86422002a00f0248133
:101abc0094f86132002b40f0e4803b6940445b6851
:101acc0028f05afa002840f02f813b691a68a36865
:101adc009a60012384f861324ce6d7f804a064e6de
:101aec00dde9072313440893eae6a36807985968cd
:101afc00089bbdf828200344089352ba0a9b0a801d
:101b0c00d4f808a0d4f82c729bb2023301eb030872
:101b1c00caf808300af58d7240230af118012046e4
:101b2c00b847a768caf814007a69531e3f2b00f215
:101b3c00ef8094f8393243f0400384f839320023b3
:101b4c0088f8003088f80120a16808f102004a6981
:101b5c0001f58d713df008f9a268936851690b4449
:101b6c0002339360ace605460be494f83722510639
:101b7c003ff5f5ac94f83822d2073ff5f0ac6ce5a4
:101b8c0071220221204635f045fd94f82432002bb9
:101b9c003ff4c9ac94f87130002b3ff4c4acd4f8ca
:101bac00202233681344169a9a42c0f08180336025
:101bbc00b9e4494dfff7e5bb4ff4c172ba6010466a
:101bcc00029335f0b1fd029b78604ff4c17200288e
:101bdc0000f0b780514602933df00afc94f847217f
:101bec00029b013a062a3ff6f1ae01a151f822f010
:101bfc009f160100d9190100d9190100a317010082
:101c0c00d9190100c11601009f16010094f8363253
:101c1c005b0708d5314dfff7b4bb1a462ce76ff0c4
:101c2c00ac05fff7aebb32220221204635f0f2fca8
:101c3c00f0e7a7682a4a13e5169801f1020eaeebfd
:101c4c00030c6045f6d338f80110cdf820e049ba02
:101c5c0089b28a425ad17146d7e638463bf07ef8b3
:101c6c00d4f87822616a384637f0a2ff84f861a272
:101c7c00024600287ff444aedde90710d4f8647204
:101c8c006ae5104602923bf069f8029a616a1046c6
:101c9c00d4f8782237f08cff002384f861320246a6
:101cac0000287ff42daedde90710d4f8642204e798
:101cbc006ff08305fff765bb12f1ad0f3ff420ae5b
:101ccc0013460a9a7ce6e1682046343138f0aaffc4
:101cdc00024615e68afeffffcafeffff60feffff0d
:101cec00b8feffff04f519722521204632f0cafe1a
:101cfc0002460028c0d003e604f5197225212046bf
:101d0c0032f0c0fe02460028cdd0f9e5114aa7e416
:101d1c006ff4a672a4e40a220221204635f07afc64
:101d2c00a7686ff4ba729be4a7680b4a98e46ff447
:101d3c00b07295e46ff4a57292e4a7686ff4b07278
:101d4c008ee4b860204636f0eff96ff07c05fff7b3
:0c1d5c0018bb00bfc2feffffa0feffff8f
:020000040000fa
:020000040001f9
:101d68002de9f04fd0f8105191b0044675b125f027
:101d780004026ff4a3739a4208d0012903d02846bd
:101d880011b0bde8f08f15f59a7ff8d1d4e9427605
:101d98007eb994f83b32082b00f24583dfe813f054
:101da8001900430374015100eb02e802dc02e3026c
:101db800aa034821204628f057fb05460028ded113
:101dc8003a46314620462bf04dfa05460028e0d029
:101dd800d5e794f836325d0740f14f81042194f835
:101de800302194f838319a4200f0ae8294f83432b7
:101df80013f0600300f08a82b4f8342202f4066219
:101e0800b2f5026f00f00983002900f0c88494f845
:101e18002f21162a40f0c384b4f82c3144f24642ec
:101e2800934200f2c58494f82f21002b40f0c08221
:101e3800172a40f0bd840022032384f8252284f861
:101e48003b3294f83632580740f1a9820025002326
:101e5800d4f88460c4f82032052384f83b3294f81f
:101e68002432002b00f0e18094f87120002a00f061
:101e7800478294f82532002b40f0c98294f8383113
:101e880094f83911032b00f0ba8294f84521b4f87c
:101e98002c7194f84931012a00f0a883022a00f035
:101ea8002c839f42c0f08e8494f8363213f00203dc
:101eb80040f0c982d4f88420e56f94f8448184f80e
:101ec80070301544a8f10702012a00f2af82a36e10
:101ed800002b00f03d84e26e002a00f02d840022e1
:101ee800012184f870101a605a609a601a73ad4b19
:101ef800ad4a2046b8f1070f14bf91469946a26e25
:101f08002cf0e8fca36e94f82f211a72a36e94f8b3
:101f180030215a72a36e94f831219a72b4f8422192
:101f2800a36ea7f108018a1a52baa3f80b20e36e30
:101f3800d4f800221a60e36e2a68d5f804e0c3f8e2
:101f480008e04ff00d0c0c205a60cdf814c0019039
:101f5800b4f842310393ff1a2f440297cb1aa16eab
:101f68000491e16e009105f10802606e1146c847c0
:101f7800054694f84431073b012b40f26d836ff41a
:101f8800987300229d4284f8702000f02284002d6e
:101f9800c0f2598294f8362294f84511d4f8843066
:101fa800d70702d5012900f07f83022994f824225b
:101fb80006d194f8441109291cbf0833c4f88430a9
:101fc800062184f83b1292b394f871207ab394f8fe
:101fd800252262bb94f8382194f8390194f82f111e
:101fe800032a00f0af8294f84591e26f94f84971a2
:101ff800b9f1010f02eb030ab4f82c3100f0a98201
:10200800b9f1000f00f0218200208346b9f1020fd8
:1020180000f0e9820beb00084744c4f82072002561
:102028000122c4f81c3284f82522d4f8843008220e
:1020380084f83b22d4f880709f4240f2738294f86f
:10204800381194f839c1032900f04881b4f82c21db
:10205800d4f82002121a3244d21ab2f5804f00f294
:10206800618294f82f21143a032a00f2a581dfe84f
:1020780012f09d00f600480024000521204623f0b8
:10208800d3fe051efff67bae94f8363213f004013a
:102098007ff4a5aed4f88430e26fd018d258c4f8d3
:1020a8002f21027984f83321b4f83221053352ba4a
:1020b800c4f88430a4f82c2191e6e16f002304f1e0
:1020c800840220462ff096fc054600287ff457ae80
:1020d800d4e920730022bb4284f83b22bff44fae00
:1020e800b4f82c119a1b8a42bff473ae082284f804
:1020f8003b2294f82422002a40f0f580d4f884305a
:1021080098e794f83622500700f11581032900f06a
:102118000582d4f87c90a56804f1840209eb030ccd
:10212800002d00f07782d5f80c80a7eb030ab8f1f0
:10213800000f40f0c18104339f42c4f88430c0f0de
:1021480053839cf802009cf80130000240ea0340e7
:102158009cf8033044f61e01184388429cf800306e
:1021680000f24583aaf10401884240f285820430d6
:1021780085f8eb31e86035f0d9fa2860002800f0de
:102188003983d4f884100439494452463cf0eefdb2
:10219800c5f810a0d4f88430043b53444546c4f82d
:1021a800843097e76943020021f70100b4f82c2135
:1021b800002a00f0fd82e16fc95c012940f0f88235
:1021c80094f82412b1b194f8711099b194f84112ad
:1021d80081b194f84511022900f08d82d4f82012bb
:1021e8000b44c4f88430b4f83e31d31a5b1a9ab25f
:1021f800a4f82c21012a40f0db82d4f88430013382
:102208003721c4f88430204620f0a8f8054620b1cc
:1022180094f836325b077ff5b2ad012384f8243297
:102228000221204600f060ff054600287ff4a7ad94
:1022380094f83432be4abf48e16803f06003202bab
:1022480018bf024694f93532002bbff641af20463d
:1022580027f040fb054600283ff43aaf8fe594f895
:102268002452e26fb4f82c118db194f8710070b15a
:1022780094f84501012800f04881022800f03182d5
:102288004ff0000cd4f82002081aa0eb0c01022928
:1022980040f06a82591cc4f8841003f1020cd05c27
:1022a800c4f884c0525c0228c4e93e2066d094f881
:1022b80047320133dbb2042b84f8473200f27e82c6
:1022c800002a7cd0002d60d1022800f08980332ab2
:1022d80000f08680d4f884300025fbe6bcf1030fbb
:1022e8003ff6bfaeb2e694f87120002a3ff406af7d
:1022f800d4f820229a4273d89a1ac4f88420fde6aa
:102308000622d4f8843084f83b2290e694f84422dc
:10231800032a7ff681adb4f8342202f40662b2f5de
:10232800026f00f0c08021b194f82f31162b3ff4d2
:1023380073ad814d23e5002d00f0f6806ff4a37393
:102348009d423ff4c5ae1ae594f8312194f839312d
:102358009a427ff44bad5fe50026d4f8843094f8b8
:10236800242235462fe60026d4f8843035465ee62a
:102378000026354673e5002635466de594f8363275
:1023880043f0100384f8363291e794f87130002b4b
:102398009ad0d4f820326344c4f8843094e7b4f86f
:1023a8002c11204623f040fd051ebff650ade6e493
:1023b800143a032a7ff63fad6ff49b75dfe494f877
:1023c800363243f0200384f8363265b194f8713020
:1023d8004bb1d4f8203202286344c4f8843004d1c5
:1023e8006ff49c75cbe40228fad06ff4ab75002328
:1023f800c4f8847084f83b32c4f81051bfe4032950
:102408007ff643ad94f82f31142b7ff43ead0621af
:10241800d4f8843084f83b12d8e594f84322032a90
:102428007ff6faacf0e46ff49675a8e40122b8f1ef
:10243800040f84f8702000f02f81b8f1060f00f027
:10244800238184f870303d4d99e4a3eb07080123fc
:10245800cde902334ff0ff3301910093a56c434659
:10246800524608a92046a847afb108ad08f1ff3386
:102478000aeb03024946844605eb070e15f8013bb3
:1024880012f8010f754583ea000341ea0301f5d10b
:1024980060460029d7d10028d5d194f84591b4f8e1
:1024a8002c318346b2e594f84322032a7ff6b4ac74
:1024b80000297ff4acac3ce72b692868a8eb03053e
:1024c800554528bf5546614618442a463cf04efcff
:1024d800a26813692b441361d4f884302b44c4f8e0
:1024e8008430d2e90310884200f04281d4f8807029
:1024f8000025efe50026354600e694f84421b4f8b7
:102508004231092a18bf0833cbe494f8360210f098
:10251800010c3ff4b7aeb4f840c1b3e6bcf1030f09
:102528007ff6f7ad064d2ae484f83b52d8e500bfa4
:10253800440105004c010500bafeffffc8feffff7d
:10254800b8feffff03287ff64ead14297ff44bad8c
:102558006de594f83622d5074abfb4f840211a46eb
:102568009a1a0aeb020010f801bc94f93502002807
:10257800c0f2d280013ba3eb0709cb45019100f2e1
:102588009b800123cde90233a9eb0b0908abcdf8f9
:1025980000b019460793a56c4b4652462046a847fb
:1025a800002f00f009810022079909f1ff39d14471
:1025b80007eb010e8446002511f8013b19f8010fbd
:1025c800714583ea000345ea0305f5d16046002d0d
:1025d8007ff439af02437ff436af94f84591b4f8ed
:1025e8002c31012012e5b4f8427116e5b4f8402107
:1025f800b7fbf2f102fb1171002940f0e3800133cf
:1026080094f83612934238bf1346c9077ff549ac90
:10261800134446e404339f42c4f88430c0f0e48095
:102628009cf8003001979cf802009cf801500002c9
:1026380040ea05409cf8035028430090494620464c
:10264800fef730fe0546002d3ff442ad94f83632d1
:102658005a077ff594ab71e6e36e33b103f10c00d2
:102668000021197001338342fbd1002dc0f2ae80e6
:10267800002384f870308de4cde9000749462046f0
:10268800fef710fe0546dee72a462946606e3b4601
:1026980025f008fb05466ce42a462946206e3b4691
:1026a80027f07afe054664e4b4f840211344c4f8e0
:1026b800843094f8242283e44ff00108cde902889d
:1026c8004ff0000b08abcdf800b0194607935246ff
:1026d800a56c4b462046a8474246002f7ff464afbe
:1026e800b1e694f844c1bcf1090c18bf4ff0010cd5
:1026f8004feacc0cc6e594f84411092918bf083aea
:10270800b4f8421118bf92b2521a92b21944c4f8de
:102718008410a4f82c216de5cde900213b465146f3
:102728005a46204616f0cefc051e3ff456affff67b
:102738008aaeb4f82c3173e40c2034f0f7ffa36ea2
:10274800e066002b3ff47fae00287ff4c8ab7ae642
:102758000d2034f0ebffe26ea0660346002aebd0b2
:1027680000287ff4bcab6ee66ff08305fff707bb6c
:102778000423089392f8eb31116801900438009013
:1027880008aa2046fef78efda3680546186810b112
:1027980038f0eafaa36800221a60da6053e7202bbf
:1027a8007ff4c7ad46220221204634f035ffc0e54c
:1027b8006ff4aa75fff7e3ba3a460be76ff4d575dd
:1027c800fff7ddba6ff4bb75fff7d9ba002384f8b9
:1027d800703094f836325b073ff535ae142202218b
:1027e800204634f019ff2ee6044dfff7c8ba044d11
:1027f800fff7c5ba6ff07c05fff7c1bacefeffff41
:042808006cfeffff64
:020000040000fa
:020000040001f9
:10280c0070b590f9945084b00446002d52d0022d2e
:10281c0004d094f808318bbb04b070bd637f002bdf
:10282c0040f02d81d4f8ec30002b40f0168194f957
:10283c000b50c5f34a1000f5020000f58070c00182
:10284c003df09cfc05f01f05e84010f00105e0d1bf
:10285c003df09efc2379ad4e012b307008bf2571e5
:10286c002946d4f8f00011f0f9fe012323713078d9
:10287c003df090fc94f80831002bcdd03df088fc55
:10288c002179a24e01294ff00003307006bf23714d
:10289c0084f8083184f80831d4f8f00018bf01210d
:1028ac0011f0dcfe30780123237104b0bde87040d8
:1028bc003df070bc3df06cfc2379944e94f8d8102c
:1028cc003070012b08bf2571042900f25281dfe81a
:1028dc0001f07aa54f17030094f80031d4f8f010ea
:1028ec000a2b00f25c83dfe813f0f801e701d90151
:1028fc00ca01bb01ad019f01240200021b02900121
:10290c0094f80031d4f8f0102e2b00f23281dfe86d
:10291c0013f0690169016901690169013001300134
:10292c003001300130014d014d014d014d014d0182
:10293c0030013001300130013001340134013401f7
:10294c0034013401300130013001300130012002fa
:10295c00530036035300260353001603530006039b
:10296c005300e702d102b5027a025e023e022c024b
:10297c0094f800316649d4f8f000c3f1200201eb61
:10298c0003110023009392b2624b2af0ddfe94f8ff
:10299c0000310344dbb2202b84f800315bd194f876
:1029ac00d83030780133dbb20022052b84f80021bb
:1029bc0084f8d83000f0f982012323713df0eafb52
:1029cc0094f9945023e794f90c3094f800515a1c64
:1029dc0079d0012d00f0fb82022d33d0002d40f078
:1029ec00f28203f01f01c3f34a1303f5020000f552
:1029fc00807001232a46c00103fa01f13df008f969
:102a0c003df0c2fa3bf0f0fd94f800310246013380
:102a1c003078c4f8e02084f80031cde794f8003128
:102a2c00d4f8f050042b00f2a48001a252f823f049
:102a3c005d2b0100c5290100312b0100c5290100c6
:102a4c00f12a01003df0a0fa3bf0cefdd4f8e030c5
:102a5c00c31a062ba3d83078aee73df095fa3bf0bd
:102a6c00c3fdd4f8ec30c01a63287ff6e0ae002327
:102a7c00d4f8f000c4f8ec303df052f8d7e63df055
:102a8c0083fa3bf0b1fdd4f8e430c31ab3f57a7f86
:102a9c00fff4c8aec4f8e4003df07afb22791b4e7b
:102aac00012a307000f08582002200921a4b1b49db
:102abc00d4f8f00001223bf033f901233078237174
:102acc003df068fbaee6002d00f0a882012d00f071
:102adc00968284f894300023013184f8003184f814
:102aec00d81069e7d4f8e83003f00f0384f802310a
:102afc00002bf0d118460a4932f036fdff2294f82b
:102b0c00d830307884f894204ce700bf9fd1002057
:102b1c004cb5020071f504006ddd040003ca04001d
:102b2c003c090000d4f8e8309a0ab2f5f87fc3f3f8
:102b3c00091302d11b2b00f09d820020c04932f0fa
:102b4c0013fdff2294f8d830307884f8942029e7cc
:102b5c000022bc4b0092284601213bf0e1f80028f2
:102b6c003ff479af94f800313078013384f80031b8
:102b7c0022e7ff2384f894301ee7143bdbb200936a
:102b8c0003aa1f23082120462df004fc00283ff443
:102b9c0062af039b3078da0648bf43f0e0035bb2c8
:102bac001e2284f8f53084f8002105e70a3bdbb2dd
:102bbc00009303aa1f23042120462df0ebfb0028d1
:102bcc003ff449af039bd90648bf43f0e0035bb227
:102bdc0084f8f4300533c0f260821423307884f822
:102bec000031e9e6009303aa4023052120462df08d
:102bfc00d1fb00283ff42faf0398002800f045824a
:102c0c000a23307884f80031d6e68f4b0022cde9c8
:102c1c000032084601230c224ff480313bf090f82f
:102c2c0000287ff4bcae16e70022884b0192d4f842
:102c3c00982000930846012385493bf081f8002831
:102c4c0090d108e70022814b0192b4f89a200093ae
:102c5c00084601237f493bf073f8002882d1fae63d
:102c6c0000227a4b0192d4f8962000930846012357
:102c7c0079493bf065f800287ff474afebe6734bb1
:102c8c000022cde900320846012374494ff400427a
:102c9c003bf056f800287ff465afdce66b4b002266
:102cac00cde90032084601236d4983223bf048f8f8
:102cbc0000287ff457afcee6b4f81b20002352ba9d
:102ccc000193624b009308460123664992b23bf094
:102cdc0037f800287ff446afbde6637f002b40f049
:102cec00ab81042384f8003166e694f82030e57f4c
:102cfc0049f2262208465b4249f2260103f480730e
:102d0c00002d08bf0a461a43504b00930023019331
:102d1c00042101233bf014f800287ff423af9ae63a
:102d2c0094f82130002b40f096810a2384f800316e
:102d3c0042e6a27f00230193444b009308460123f3
:102d4c0012014ff001113af0fbff00287ff40aaf9b
:102d5c0081e60022009208463a4b434901223af0a0
:102d6c00dfff00287ff4feae75e60023cde90033cb
:102d7c00084601233d494ff440423af0e1ff034637
:102d8c003078002b3ff418ae94f8d8300ae694f85b
:102d9c0002c1002343f6317545f62172cde90033ab
:102dac000846bcf1010f18bf2a46314901233af0fd
:102dbc00c7ff00283ff44fae94f802313078012b56
:102dcc00e2d094f80031013384f80031f4e594f941
:102ddc00f420b4f8fe3092b223f47c5323f03f037a
:102dec00084602f116010b43113243ea022200237a
:102dfc00cde900331f49012392b23af0a1ff00281c
:102e0c007ff4b0ae27e694f9f420b4f8fc3092b21b
:102e1c0023f47c5323f03f03084602f10e010b43cd
:102e2c00093243ea02220023cde90033124901237f
:102e3c0092b23af085ff00287ff494ae0be600bf07
:102e4c001409000049d0040065f0040071f5040079
:102e5c0022000100250001002400010001ca040029
:102e6c008700040005ca040084000400e00004008c
:102e7c00d0000400af000400ae00040094f9f4206c
:102e8c00b4f8fa3092b223f47c5323f03f03084693
:102e9c0002f109010b43053243ea02220023cde97a
:102eac0000338249012392b23af04aff00287ff4a2
:102ebc0059aed0e5b4f8f82094f9f530c2f3090214
:102ecc00283342ea83220023cde90033084601234c
:102edc00774992b23af034ff00287ff443aebae55a
:102eec0094f9f430d4f8e800b4f8f620a4f8fe0015
:102efc009bb2084603f10e010901093341ea832311
:102f0c0002f00f021a430023cde900336949012373
:102f1c0092b23af015ff00287ff424ae9be5d4f86a
:102f2c00e820a4f8fc20002300930846624b634978
:102f3c0001223af0f5fe00287ff414ae8be5d4f8ac
:102f4c00e820a4f8fa200023009308465a4b5c4969
:102f5c0001223af0e5fe00287ff404ae7be5d4f8bc
:102f6c00e820a4f8f820002300930846524b4f4960
:102f7c0001223af0d5fe00287ff4f4ad6be5d4f8cd
:102f8c00e820a4f8f6200023009308464a4b484951
:102f9c0001223af0c5fe00287ff4e4ad5be5002287
:102fac00052384f8002184f8d830022384f8943067
:102fbc0002e5002121710091424b4349d4f8f00005
:102fcc003af0aefe79e5ff2384f8943083e53cf0cb
:102fdc00dbff3bf009fbd4f8e03098423ff43bad0b
:102fec0094f90c3003f01f02c3f34a1303f50200eb
:102ffc0005fa02f200f58070c0011146fee4334b75
:10300c000022cde900320321d4f8f0002b462a46e9
:10301c003af096fe00287ff4c2ac1ce52b4bcde9b0
:10302c0000350122d4f8f0002b4603213af088fe3b
:10303c0000287ff497ad0ee50022254b0192b4f8e1
:10304c00192000930846012322493af079fe002802
:10305c007ff488adffe41e4b0022cde90032084618
:10306c0001231d494ff480423af06afe00287ff498
:10307c0079adf0e40022104b1849009228463af042
:10308c004ffe00287ff46eade5e4154932f06cfa82
:10309c00ff23307884f8943076e60020104932f023
:1030ac0063faff23307884f894306de6ad000400a9
:1030bc008a0004008400040049d00400af0004001e
:1030cc00ae0004006ddd040003ca04001dec030017
:1030dc0071f5040002ca0400f908030094000a0008
:0430ec005409000083
:020000040000fa
:020000040001f9
:1030f0002de9f04f022985b0044634d003292dd0a4
:10310000012940f0938000f14c05002694f83472b8
:1031100094f8443194f83682a269d4f824a0d4f803
:1031200078920392c7f3411b042b5f46c8f3400813
:1031300000f0e880062b00f01b81072b00f04b818c
:10314000082b78d015b10023c4e9853316b10023cc
:10315000c4e98333002005b0bde8f08f00f14c05d1
:1031600000f16006d2e78369039390f8443190f848
:10317000347290f83682d0f824a0d0f87892042bdc
:1031800000f16006c7f34117c8f3400800f08180e2
:10319000062b4ff00005d0d17068002800f05c824b
:1031a0003bf070fd70684ff4d67200213cf026f9b8
:1031b00035b168684a4651463bf058fd002863d156
:1031c00070684a4651463bf051fd034600285bd1ea
:1031d000012fb4f83c2100f07b82002d00f0cd815e
:1031e0006868009304f5d67104f5ee733af09eff1b
:1031f000f0b94ff0010b7068cdf800b0b4f83c2185
:1032000004f5e67304f5c6713af090ff80b985f8cd
:1032100011b086f811b094f84431072b00f0de802d
:10322000082b0bd00023c4e9853390e76ff0ac0086
:1032300005b0bde8f08f002d00f0d182686800284d
:1032400000f0c4823bf01efd68684ff4d672002186
:103250003cf0d4f8002e00f031837068002800f0b4
:10326000ac823bf00ffd70684ff4d67200213cf049
:10327000c5f8002d00f0228168684a4651463bf0af
:10328000f5fc002800f01a816ff0b50005b0bde82c
:10329000f08f056e002d00f0c18128464ff4da72e0
:1032a00000213cf0abf8002530684a4651463bf01f
:1032b000f5fc0028e8d1012f00f0d781002d00f0a7
:1032c0004381034604f5ee72286804f5d67127f0b1
:1032d000cdfc0028acd13068012304f5e67204f57a
:1032e000c67127f0c3fc0028a2d101236b7473744c
:1032f00094f84431062b3bd0072b6fd0082b7ff47a
:1033000022af9be72868002800f07b824ff4da7236
:1033100000213cf073f886b13068002800f07e810f
:103320004ff4da7200213cf069f828684a465146a9
:103330003bf0b4fc0028b7d0a6e728684a465146bf
:103340003bf0acfc00289fd1012fe06c00f06282c2
:10335000334604f5ee7204f5d67127f087fc002899
:103360007ff466af01236b7494f84431062bc3d10c
:103370006868002800f065813bf084fc68684ff4c1
:10338000d67200213cf03af8002e7ff405af686851
:103390004a4651463bf06afc00287ff475af012f86
:1033a0006868b4f83c2100f09782009604f5ee734b
:1033b00004f5d6713af0bafe00287ff439af012344
:1033c0006b7494f84431072b08d0082b3ff436afc8
:1033d000c4e98566bee6002d00f0eb816868002830
:1033e00000f06d813bf04efc68684ff4d67200210e
:1033f0003cf004f8002e00f0f6817068002800f020
:1034000055813bf03ffc70684ff4d67200213bf0d1
:10341000f5ff3db168684a4651463bf027fc00285d
:103420007ff432af70684a4651463bf01ffc0028db
:103430007ff42aaf012fb4f83c2100f07281002df7
:1034400000f0ae80686804f5d67132f0a1f900286a
:103450007ff4eeaed4f8dc31c4f8f431d4f8e031c6
:10346000c4f8f831d4f8e431c4f8fc3104f5ee7254
:10347000b8f1000f00f0c780002e00f01682b4f8fb
:103480003c21706804f5c67132f082f900287ff49f
:10349000cfaed4f8cc31c4f80032d4f8d031c4f86f
:1034a0000432d4f8d431c4f8083201236b74737435
:1034b00094f84431082b7ff4b5aebfe670684a46f5
:1034c00051463bf0d3fb00287ff4deae012fb4f869
:1034d0003c2100f0b181002d7ed0686804f5d671e2
:1034e00038f064fb00287ff4a3aed4f8dc31c4f8d4
:1034f000f431d4f8e031c4f8f831d4f8e431c4f848
:10350000fc3104f5ee71b8f1000f00f09280002e4e
:1035100000f00181b4f83c21706804f5c67138f000
:1035200045fb00287ff484aed4f8cc31c4f80032d7
:10353000d4f8d421d4f8d031c4f804320123c4f82b
:1035400008226b7473746de63068012304f5e6722b
:1035500004f5c67127f08afb00287ff469ae0123c9
:10356000737494f84431062b3ff416ae072b3ff4e6
:1035700044af082b7ff4ebad6fe64ff0010b7068a2
:10358000cdf800b004f5e67304f5c6713af0cefd4f
:1035900000287ff44dae86f811b094f84431e5e789
:1035a000706804f5c67132f0f3f800287ff440ae7d
:1035b000d4f8cc31c4f80032d4f8d031c4f8043295
:1035c000d4f8d431c4f808320123737494f8443128
:1035d000082b7ff4bcad40e6706804f5c67138f086
:1035e000e5fa00287ff424aed4f8cc31d4f8d01119
:1035f000d4f8d421c4f800320123c4f80412c4f86a
:1036000008227374a3e5039b686800930c210423cc
:1036100034f038fd00283ff42faf09e601214ff4c4
:10362000da703bf08ff8306098b1002d3ff43cae7b
:103630007be668680c2238f03ffe00283ff467af55
:10364000f6e54ff4d67034f075f8686000287ff422
:1036500096ae6ff07c00ebe54ff4d67034f06af86c
:10366000706000287ff49fadf3e7002d00f04581e6
:10367000034604f5e672286804f5c67127f0f6fae9
:1036800000287ff4d5ad30683b4604f5ee7204f5b2
:10369000d67127f0ebfa00287ff4caad6f74777407
:1036a00094f84431062b7ff427ae61e64ff4d670d0
:1036b00034f040f8706000287ff4a6aec9e74ff4fc
:1036c000d67034f037f8686000287ff48eaec0e71b
:1036d000002d00f024816868009304f5c67104f59c
:1036e000e6733af023fd00287ff4a2ad70680097de
:1036f000b4f83c2104f5ee7304f5d6713af016fdea
:1037000000287ff495ad6f74777494f84431072bdb
:103710007ff486ad62e601236b740023c4e9853330
:1037200018e5002d00f00d81686804f5c67132f0cf
:103730002ff800287ff47cadd4f8cc31c4f8f431f4
:10374000d4f8d031c4f8f831d4f8d431c4f8fc310d
:1037500004f5e672b8f1000f21d0002e00f00c81c4
:10376000b4f83c21706804f5d67132f011f80028e5
:103770007ff45eadd4f8dc31c4f80032d4f8e03127
:10378000c4f804320127d4f8e431c4f808326f7465
:10379000777494f84431082b7ff444ad4ee5039bd5
:1037a000686800930c21042334f06cfc0028d4d00a
:1037b0003ee5002e7ff421aecce44ff4d67033f01a
:1037c000b9ff706000287ff44fad42e74ff4d67028
:1037d00033f0b0ff686000287ff437ad39e7002e82
:1037e0007ff43badb6e468684a4651463bf03efa8a
:1037f00000287ff449ad012fb4f83c217ff422aebc
:1038000092e74ff4da7033f095ff286000287ff4d8
:103810007dad1ee7334604f5e67204f5c67127f068
:1038200025fa00287ff404ad85f811b094f84431ee
:10383000062b7ff461ad9be5002d00f0a580686844
:1038400004f5c67138f0b2f900287ff4f1acd4f871
:10385000cc31c4f8f431d4f8d031c4f8f831d4f80c
:10386000d431c4f8fc3104f5e671b8f1000f15d07d
:10387000002e3ff450afb4f83c21706804f5d671c7
:1038800038f094f900287ff4d3acd4f8dc31c4f8d4
:103890000032d4f8e421d4f8e0314de668680c2217
:1038a00038f00afd0028e3d0c2e401236b7494f8d9
:1038b0004431082b7ff431af0026bfe468684a46e4
:1038c00051463bf0d3f900287ff4deac012fb4f869
:1038d0003c217ff402aeb2e7009604f5e67304f5ee
:1038e000c6713af023fc00287ff4a2ac6f7494f800
:1038f0004431072b7ff469ad70e530683b4604f531
:10390000ee7204f5d67127f0b1f900287ff490ac7f
:10391000777494f84431062b7ff428ae3ce4706849
:10392000009704f5ee7304f5d6713af0fffb00281a
:103930007ff47eac777494f84431072b7ff419ae92
:103940005be5706804f5d67131f022ff00287ff442
:103950006facd4f8dc31c4f80032d4f8e031c4f8ec
:103960000432d4f8e431c4f80832777494f844315e
:10397000082b7ff4ecab70e401276f7494f84431aa
:10398000082b7ff4caae97e7706804f5d67138f05b
:103990000df900287ff44cacd4f8dc31d4f8e021e8
:1039a000c4f80032d4f8e431c4f80422c4f8083270
:0839b0007774fff7ccbb00bfe8
:020000040000fa
:020000040001f9
:1039b8002de9f04f044697b0002780f84572302271
:1039c80039460aa83bf016fd94f84731072b77d003
:1039d800042b14d0062b77d00b9818b137f0c4f904
:1039e80000230b930c9818b137f0bef900230c9301
:1039f800204634f09bfb384617b0bde8f08f012312
:103a080084f84532a66896f8997009230e93002f1a
:103a180000f0b581993630463bf0b4f98028054668
:103a2800109000f2c18394f82432871c0b30109751
:103a380014902bb194f85d3013b105f15100149036
:103a480033f074fe03460d90002800f0f58394f8d7
:103a58003622b4f83811a0f8011012f004024ff021
:103a680016010a90017000f0f4822a46b81e00255b
:103a78009872dd715d720b200c251f720e90a3f8f1
:103a88000550181831463bf071f994f84731022275
:103a9800072b84f8452240f0cb80636893f85831af
:103aa800012b00f01d83032b00f0a9800d986ff007
:103ab8008407002890d037f057f900230d938be73f
:103ac80094f84b31002b87d1d4f85c32002b00f0ee
:103ad800af8294f86022002a7fd094f847310122ff
:103ae800062b84f8452240f04c814ff4807009225f
:103af80004230e921093139033f018fe01460b9096
:103b0800002800f09d83d4f85c0213aa22f030fe4e
:103b1800002840f04383a168109b139a01f199088b
:103b28009d18404610953bf02df98028074600f275
:103b38003b832b189a1c109294f8242203f10b0053
:103b4800149022b194f85d20002a40f0868233f068
:103b5800edfd06460d90002800f06e830e9d0a903c
:103b68004319414602354ff000085f7083f8008022
:103b78003a4628443bf0faf8ea190a99531c0320fc
:103b8800b05402320e9201f803800e990a9ad4f8c2
:103b98005c32481c0e900a4473b11b6963b1db6a3e
:103ba800d32b00f0d78200f25c82d12b00f0d482b4
:103bb800d22b14bf4346182313700e9b0a9a1399ed
:103bc800581c0e90d1540e9b0a98139a0b991844be
:103bd8003bf0ccf894f8473159e7d4f85c1220460a
:103be80036f03afc0746002800f02d8217f16c0fda
:103bf8000d987ff45eaf252384f8603259e7a06bf7
:103c0800a1690e9b0a9dcde900109a1cd4e93101e7
:103c180011ab2a4426f0f4fe0746002f40f0af808f
:103c280094f847310322072b84f8452200f02782b5
:103c38009a1f0421012a0a9b84f8451200f208837e
:103c4800002b00f0c8821620bdf84010109a18709a
:103c580094f83801587094f83901987094f836023d
:103c6800400749ba00f15182101d40baa3f8030079
:103c7800ddf82880a3f80710120c0c219a715971ed
:103c88000522109e84f84522b8f1000f00f08f82bb
:103c98000436d4f89830b6f5804fb146a8bf4ff433
:103ca8008049434505d8d4f8a42013449845c0f06a
:103cb8007e8294f83a32d90740f1fa81d4f8280183
:103cc800864240f2a78194f83a3200f1050b43f09e
:103cd8000103301a484584f83a3294f8243228bf50
:103ce80048460746c34400f1050a83b194f85d309d
:103cf8006bb194f84531022b00f08381b4f8402170
:103d0800b4f83e31134494f8492113449a44514677
:103d1800204626f0a9fb88bbd4f89850002d00f067
:103d2800f681d4f89c301d4494f82432abb394f84f
:103d38005d3093b3cde90400cde902001620524668
:103d4800019000975b46294620460af0adfeb0f187
:103d5800000ac0f22082d4f89c30d4f828015344d9
:103d6800c4f89c3094f8383238445b06c4f828010b
:103d7800a6d420462df0f8fd00289fd007460d98c0
:103d880097e6072b1ed0042b3ff43caeddf82880c5
:103d9800109e052384f8453276e716232b7094f895
:103da80038316b7094f83931ab7094f836325a0761
:103db80002d47bbaa5f803305946681d3a463af052
:103dc800d5ffc8e74ff48070092204230e921093a0
:103dd800139033f0abfc01460b90002800f03082c2
:103de800d4f85c0213aa22f0c3fc0546002840f070
:103df800d581109e139ad4f8dc30ddf8388016444b
:103e08001096002b00f0ea81636893f85831012b73
:103e180002d0032b7ff44aae94f8e02063f3050246
:103e280084f8e0200df12601204614f0a3fc074693
:103e38000028a4d1109abdf8263094f838110f93b1
:103e480013449a1c0329109200f0128194f824322a
:103e580002f1090014902bb194f85d3013b102f10e
:103e68004f00149033f062fc0d90002800f0e481bc
:103e78000e9ad4f85c320a9003218152511802320a
:103e880010440e9173b11b6963b1db6ad32b00f048
:103e9800808100f26381d12b00f07981d22b14bf8d
:103ea8000023182303700a9b139a481c0e905a5437
:103eb8000e9b0a98139a0b9918443af057ff0e9bd9
:103ec800139a134494f838210e93032a7ff4eead25
:103ed80094f83921022a7ff6e9ad62680a9992f8c6
:103ee800587192f85701012f194401d0032f05d1b9
:103ef80008704f7062680e9b92f8570102330328ce
:103f08000e9300f04e8104287ff4d0ad062306936b
:103f18000a9b069892f858a198443af08bfe031e23
:103f2800079340f3588106f14009484633f0fefbf9
:103f38000746c4f8bc00002800f0e980d4f808c09f
:103f4800c4f8c090dcf85e11dcf86221dcf8663158
:103f58008346dcf85a01abe80f00dcf86a01dcf8ac
:103f68006e11dcf87221dcf87631abe80f00dcf872
:103f78007a01dcf87e11dcf88221dcf8863107f161
:103f8800200eaee80f00dcf88a01dcf88e11dcf8b0
:103f98009221dcf89631aee80f003246414607f12f
:103fa80040003af0e3fe0af0fd03092b1ed0079b00
:103fb800c4f8c830184633f0b9fb0346c4f8c40047
:103fc800002800f0a480079a0092394606984a46cd
:103fd8001ff0fcfa0746d4f8bc0008b136f0c4fe5e
:103fe8000023c4f8bc30002f7ff4c9ae67680f9a6d
:103ff80097f858311192012b00f0dd8094f8473181
:1040080045e594f84421b4f84231092a3ff47eaedc
:1040180008337be694f83a320d98002767f30003db
:104028000722c4f8287184f83a3284f83e2240e521
:1040380004f517722521204630f026fd0746002892
:104048003ff447ad9be6252294f8473184f8602277
:1040580045e5c270aa1d027107e503f151001490ed
:1040680075e540f20e218b420cbf17230023a3e510
:1040780094f83911022984bf1a1d1092e6e6656882
:1040880095f85831012b46d093427ff40fadbdf817
:1040980044300a990e9a5bba8b520fa80bc8149a2f
:1040a8001b1a19441a44109194f847311492bfe529
:1040b800e06800287bd094f83831032b7ff4feadfc
:1040c80094f83931022b7ff6f9add830324608f131
:1040d80005011ff0d1ff074600283ff4efad4ee67b
:1040e800a169a36b0a980e9acde900310244119b8d
:1040f800d4f8c810d4f8c40038f05efe071e7ff765
:104108008cad94f8473111978ce59846b2e50d9837
:104118006ff07c07cde40c9ed4f83880119f26b34d
:10412800cdf80c80d4f8dc00049095f85701029083
:10413800d4f8c800cde900033a46d4f8c430314673
:10414800204634f0c3fb074600287ff418ae94f8e5
:1041580047316de519232fe515232de540f20e2291
:1041680093420cbf172300239ce6002f60d03846eb
:1041780033f0dcfa06460c900028c8d00e9b0a994a
:104188003a4619443af0f2fd95f85831c8e7152334
:1041980088e6192386e60d9857468ae40d982d4f30
:1041a80087e405230693b3e60d982b4f81e40d9819
:1041b8006ff0ac077de494f83831032b12d0bdf8ca
:1041c80044300e9a0a995bba8b520e9a94f847318a
:1041d80002320e925be40d98204f6ae40d986ff45a
:1041e8009e7766e494f83931022be8d94ff40070d1
:1041f80033f09cfa0646002889d097f85731d4f84e
:10420800c410d4f8c820023b022b9cbf144850f8b5
:10421800235030462b462ff0f9fbd4f8c430c4f8ad
:10422800c80013b1184636f09ffdc4f8c460c6e74d
:104238000d986ff0e5073ce46ff07c07fff7ccbb07
:104248000d986ff07c0700287ff435acfff7cabbe8
:1042580098469de59efeffffb4feffffb8fefffff8
:04426800c4fc04008e
:020000040000fa
:020000040001f9
:04426c00704700bfd8
:020000040000fa
:020000040001f9
:104270002de9f04fbb4b1b789bb0002b40f0ab807f
:10428000b94d2b78013b062b00f2a280dfe813f03a
:104290000702d000d000e400a000070098013bf026
:1042a000e1fc0446002800f0938037f09ffbaf4efe
:1042b000326803464ff4fa700f46a4fb00019c1ac3
:1042c00073684ff47a7267eb0307002338f04efbf4
:1042d000a042b9417cd238f0dffea549a54bd1f808
:1042e000fc2042f08072c1f8fc201a6842f0010202
:1042f0001a600020d3f804803af0ccff39f0b4fa09
:104300004ff4f82039f09efa3bf0d2f90028fbd1a7
:1043100039f0aafa10f04e0f40f05e824ff4fc2004
:1043200039f090fa3bf0c4f90028fbd139f09cfa3f
:1043300010f04e0f40f050823af016f98e4b8f4f2e
:1043400001229a604ff47c2421464ff400723846d3
:104350003af010fda4f50021384636f0c9fa00bf46
:104360003bf0a6f90028fbd139f07efa10f04e0f91
:1043700040f0328204f50074b4f5801fe4d13af0c5
:10438000f3f87d4b01229a604ff47c214ff4804278
:104390004ff4f82039f029fc002840f01d82754bbd
:1043a000774a5b68a3eb0803a2fb03239b094ff446
:1043b000967100934ff47c224ff4f82301917149d8
:1043c00031f0d8f807232b7037f010fbc6e9000155
:1043d0001bb0bde8f08f6c4dd5e90032134340f0bf
:1043e0008d816a4cd4e90032134300f0828134f0ad
:1043f0000ffe00287ff444afb422654931f0baf8cb
:104400003bf030fc044637f0f1fa06464ff4967064
:10441000a4fb00040b464ff47a7221461c4600238d
:1044200038f0a4fa801944eb0104c5e9000427e739
:10443000584cb4f9000037f04dfa30b9b4f9000027
:1044400037f064fa002800f0d381534906201bb0ee
:10445000bde8f04f2ef02eba3bf02af90028b7d174
:10446000dff85881d8f8003063b939f0fdf910f061
:104470004e0f40f0ae813af077f83f4b01229a6040
:10448000d8f800304548464fb0f800a0d7f8009063
:10449000444ea9eb030e6fea8a42bef5805f6fead5
:1044a000924228bf4ff4805e92b2994531680280f3
:1044b0001ffa8afa03f5002019d03b4c9b460eebfd
:1044c000000c02460130127882ea010303f00f0368
:1044d000844554f8233083ea111181ea121202f064
:1044e0000f0254f8222082ea1111ead15b4673448c
:1044f0002a4a9945a2f800a0c8f8003031603ff67a
:1045000067af2a4acb43116833608b4200f0328197
:10451000204c0091264a602102a83af0abf9b4f988
:104520000060711c14d002a83af030fc02a982b2db
:10453000304631f0dbfbb4f9000036f0c1fdb4f9d0
:104540000000421c04d02df049fd4ff6ff7323807c
:10455000184b1949002008221a70287031f00af807
:1045600036e700bf24d6002027d6002088d30020bd
:1045700000ed00e0001000e00060004118bf0020e6
:10458000898888885098000078d3002080d3002044
:10459000cc950000bcd70020589600000040004198
:1045a000c0d50020a4d50020b0ac0400bcd50020ac
:1045b000e896000026d6002010970000a8d500201d
:1045c0003bf050fb044600283ff402af37f00efaf0
:1045d000a54a03464ff496700e46a4fb00011468ea
:1045e0001c1b53684ff47a7266eb0306002338f005
:1045f000bdf9a042b141bff4ebae9c4b9c4a1b6895
:104600009c48c2f8e0000121c2f8e410013392a1f5
:10461000d1e90001c2f8e83002f1c34202f5c0124c
:10462000954c0493cde9020102f5d5720df109060e
:1046300005a800bf16f8013b83ea020101f00f0153
:10464000534054f8211081ea131303f00f0381ea59
:10465000121154f82320864282ea1112ead1844ec4
:10466000d243c6f8ec20bff34f8f3bf029f8834bc1
:1046700000240722c6f8e040c6f8e440c6f8e84047
:10468000c6f8ec401a7005232b7039f0edf87c4920
:10469000024620461bb0bde8f04f30f06bbf794cae
:1046a000b4f9000037f0faf830b1b4f9000037f08f
:1046b00065f9002840f0b9803bf0d4fa04460028a0
:1046c0003ff486ae37f092f9674a0b46116852689c
:1046d000451a6d48a4fb000163eb02044ff47a72a3
:1046e000002338f043f9a842a141bff471ae6749f5
:1046f000ace637f07bf9c4e90001c1e537f076f9a3
:10470000d5e9002390429941fff4baad574a584b7e
:104710001168584ac3f8e02051a5d5e900450222a6
:10472000c3f8e420c3f8e810594a0491cde90245e2
:10473000514c0df1090505a815f8013b83ea02016a
:1047400001f00f01534054f8211081ea131303f0d4
:104750000f0381ea121254f82330854283ea1212c1
:10476000ead1434bd243c3f8ec20bff34f8f3af06a
:10477000a7ff85e5434c0093464a4b46602102a8bb
:104780003af078f8b4f90080b8f1ff3f14d002a8ed
:104790003af0fcfa02a982b2404631f0a7fab4f925
:1047a000000036f08dfcb4f90000431c04d02df05d
:1047b00015fc4ff6ff732380304933683a680020b8
:1047c00008700521297034491bb0bde8f04f30f066
:1047d000d1be324907203ae6284a3149092005234b
:1047e000107000202b701bb0bde8f04f30f0c2be3f
:1047f0003bf038fa064600285ad037f0f7f81a4a44
:10480000074647f230500b46a6fb00011668bf1b57
:1048100056684ff47a7263eb0606002338f0a6f868
:10482000b842b14144d21f4910e6b4f9000037f054
:1048300051f81d4a0223002414602b7037f0d6f87b
:10484000094b06460f46c3e90067184941f2bf52bb
:1048500020461fe7aff3008052504c420100000099
:1048600052504c420200000088d30020a0d5002006
:10487000001f004752504c42b0ac040026d6002026
:10488000b4980000bcd70020c0d4010044960000ba
:10489000aa2098a85497000078970000dc960000a2
:1048a0000498000068960000acd500201c9600001b
:1048b0002b78022b00f09880854edff81c824ff495
:1048c00000573368b3f5007f4ad0b4f9000032f0e6
:1048d00065fd3168c1f5007200283ff479adba4238
:1048e00028bf3a468242dff8f49128bf024692b2ce
:1048f000b4f90000494426f021f800283ff468addf
:104900003368dff814a203443360daf8003003445c
:10491000caf800303f1a37f069f86e4bdaf8002019
:104920001b68dff8e8c19a42cce9000108d332687d
:10493000b2f5007f04d26849096811448b4202d95c
:10494000002fbed144e509eb0200ff21c2f5007241
:104950003af054fd4ff400733360002fb1d137e5c6
:104960003af0a6fe00287ff433ad38f07dff10f05a
:104970004e0b7ff42eafdff884a1d8f800109af820
:10498000009001f50021b9f1000f40f095805348e7
:1049900035f0aeffd8f80030c6f8009003f500738c
:1049a000c8f80030c3f30c03b3fa83f35b098af849
:1049b000003037f01bf8474bd8f800201b68dff8b1
:1049c0004ca19a42cae90001fff47baf444b454a2f
:1049d000c3f800904ff0ff31042311602b7037f0c3
:1049e00005f8cae90001f3e4b4f900003e4f32f0e3
:1049f000d5fc3968034600283ff4eaacc1f1100247
:104a00009a423a4eb4f9000028bf1a4692b2314495
:104a100025f094ff3b6803443b60002845d10f2bf1
:104a20007ff6d6ac324b32689a423bd12f49314c9b
:104a30004ff0ff3301f10c0711f8012b82ea03005c
:104a400000f00f00b94254f8200080ea131383ea03
:104a5000121202f00f0254f8222082ea1313ebd153
:104a6000f268db43934230d11a4b72681b689a425a
:104a700028d1214bb1681b68994223d11f49204b93
:104a800001200870032129705b8a1e4913f0100f62
:104a90000cbf42234123009300204ff4002330f049
:104aa00069fd95e418490520d1e436f09fff174ac7
:104ab0003b68c2e90001b2e7084638f0c3fe8af855
:104ac00000b085e412490520c1e412490520bee486
:104ad000b0d50020c0d50020b8d5002018bf0020d8
:104ae000a8d50020a4d50020acd50020a0d200205d
:104af00052444c42b0ac0400bcd5002025d6002066
:104b000000400041989600007096000088d3002075
:0c4b10008496000078960000b4d50020c8
:020000040000fa
:020000040001f9
:104b1c002de9f04f93b00024154680f845420392de
:104b2c00074620220e4609a821469846cde90544a1
:104b3c003af05efcd5f8009001214820cde90a99a5
:104b4c0039f0fafd0890002800f0ff83b8f1020f4d
:104b5c00034640f29d8206eb090216f809105578bf
:104b6c0092782d0245ea0145154344f61e0209f1df
:104b7c00030a9542cdf828a000f28a82ea1c42452d
:104b8c0040f08682002d00f07f81d64697f82eb13a
:104b9c0002900146ba461fe0092c04f1010425d00d
:104bac00424530d89cf8013016f80ee09cf802c053
:104bbc001b0243ea0e4343ea0c031a446ff0020c47
:104bcc004245aceb030c00eb030e1cd815eb0c05ab
:104bdc004b6041f8087b1dd00ef10300a34506eb9a
:104bec000e0ca0eb090206eb0007d5d1029bb34dce
:104bfc00184636f0b7f85746384633f095fa28463b
:104c0c0013b0bde8f08f029b1846574636f0aaf851
:104c1c00ab4df1e7cde90c44029bcdf828e05746ab
:104c2c0001214ff45870029339f086fd029b0990d4
:104c3c00002800f0878301239c4287f845320df150
:104c4c00200840f389800df1180a0df114091ee0bb
:104c5c0000f5b573012b099e6bd910f1b30f68d019
:104c6c000546002868d00f9ac7f810510ab90f955d
:104c7c001546304626f030fe0d9c9df84020013c38
:104c8c0022f00402012c8df840200d9461dd97f880
:104c9c003532db430022cde9009a013c03f00103dd
:104cac00414638460e9428f05fff0246b8b997f893
:104cbc003532db0713d40999cb6940f206208342c5
:104ccc003cd040f28520834209d1b7f94832002b01
:104cdc00c0f2ee824968994238bf6ff4cc723968e1
:104cec004346c86a39461af0affe97f83532de07ec
:104cfc000446add4099e002800f0938004f197037c
:104d0c00012b40f28c8014f1bc0f00f055816ff434
:104d1c00ac7294420cbf28222a220221384632f06f
:104d2c0079fc97f8362242f01002254687f8362295
:104d3c0099e70023c7f8103100259ae7b7f94a32f2
:104d4c00002bc0f2b38248685e49984238bf0a46cd
:104d5c00c5e7002d40f03d810223012c87f8453238
:104d6c0000f0b2809df84030d80700f13781042361
:104d7c000f9d87f845323a684346d06a39462a4631
:104d8c001af062fe97f83532da07054600f1928187
:104d9c00002800f0848100f19703012b40f28482fb
:104dac0010f1bc0f00f0ad826ff4ac7290420cbfee
:104dbc0028222a220221384632f02cfc97f836326f
:104dcc0043f0100387f83632c7f8105197f82422b5
:104ddc000a9b32b197f871201ab1d7f820221344ec
:104dec000a93052287f84522039a0898099e1360b6
:104dfc0018b135f0b7ff00230893002e3ff4fcae3a
:104e0c009df840305b0700f13f81304635f0aaff3a
:104e1c00384633f089f9284613b0bde8f08f2d22bf
:104e2c007be796f85c33dd0686d5069b089a0292e2
:104e3c000e9a002b80d1029b079003ebc20b07a8a4
:104e4c007b6adbf80410052233f066f8051ec0f20d
:104e5c00e281079bdbe90012186839f085ff3a689c
:104e6c002346d06a07a9022214f002f8012805464d
:104e7c003ff462af00283ff45faf97f83522d407b8
:104e8c003ff5f1ae044639e797f834220d9512f050
:104e9c00600240f0938097f8392212f0200240f023
:104eac00c58097f8351211f0020104d097f838112b
:104ebc00032900f0b6800024b2e600bf90feffff8d
:104ecc00b8feffff66feffff97f8353206a9019189
:104edc00db4305a90022009103f00103414638464b
:104eec000e9228f041fe054600287dd020f00803e4
:104efc008c3300f005813b6a9df84020002b00f0bc
:104f0c00f481530863f300028df8402012f0010283
:104f1c0040f0d1810d9b0321002b87f845123cdd1d
:104f2c00099e96f95c33002bc0f2cf8096f85d3366
:104f3c00d9070dd597f8343296f8fa1203f06003be
:104f4c00202b00f03c81bd4b11f0050f08bf1d4616
:104f5c00002a40f0d18097f8373243f0400387f8ad
:104f6c00373297f83532db070cd4d7f8ac1049b18f
:104f7c00736a002b00f05881304631f051f801284b
:104f8c0000d0af4df36940f20622934200f0e0806e
:104f9c0040f28522934200f0bc809df84030d90746
:104fac0019d4042387f845320f9b002b3ff4e3ae52
:104fbc00002d08bf1d46dee63022aee6202a03d1c6
:104fcc0097f83821032a53d02c4629e6002c00f000
:104fdc001e8108980ce7002d40f0ee800f9b0422f8
:104fec0087f845221d46c6e697f8343213f0600f59
:104ffc0006d1099b1b6a022b1cbf6ff08c030f930d
:10500c009df8403013f0020200f0d0800f9d43f069
:10501c0001038df84030002d40f0ce800d9b012215
:10502c0079e797f83921032a7ff645af2822022128
:10503c003846029332f0eefa97f8362242f010021c
:10504c0087f83622029b029301214ff4587039f0f5
:10505c0073fb029b09900646002800f07381012225
:10506c0087f84522184635f07dfe6ff4ac75c7e61f
:10507c0097f83921032aa7d9029032220221384607
:10508c0032f0c8fa029bdee7304626f025fcbce67f
:10509c00184635f067febbe50023c7f8103197f8ca
:1050ac00343203f06003202b02d1052387f83e3203
:1050bc0000258be600f5b573012bedd910f1b30f7c
:1050cc00ead000287ff480aee9e797f84731012b4e
:1050dc007cd097f84831012b06d0d7f848316ff3c4
:1050ec001723032b7ff422afb6f8f83213f0800f9e
:1050fc0008bf6ff4bf7519e70898c7f8105177e629
:10510c009df840300898099e43f001038df840301b
:10511c006ee6d7f84c424ff00009cdf81c90002ced
:10512c0000f0bb8097f85032002b40f09d80224657
:10513c00d6e9000307a935f005f99df8404004f0c5
:10514c000104002853d0002c69d008983d4d4fe63f
:10515c00d7f868424ff00009cdf81c90002c00f0f5
:10516c00958097f86e32002b6ed1d6e9000322465b
:10517c0007a919f0abf8c0bb012387f86e3225b92b
:10518c0097f83532d80740f1be8097f8343203f0e7
:10519c006003202b7ff401afd7f85832002b7ff43b
:1051ac00fcaed6f8fc32c7f85832f6e662f30003d0
:1051bc008df840300d9baee6dde9080618e611f0df
:1051cc00030fa3f5d17308bf1d46c1e697f834321f
:1051dc0003f06003202b7ff47cafb6f8f83213f0a9
:1051ec00200f08bf6ff4c07573e7164dcde7012390
:1051fc0087f85032002d7ff4e9ae97f83532dd0791
:10520c0040f18c800f9d2b46002c7ff4e8ae0423dc
:10521c0087f84532afe50298eae5d40795d4042225
:10522c00084d87f84522a6e50a46d6e919012af069
:10523c00a9fa00283ff4a5aea4e600bf7efeffff4e
:10524c00befeffffaafeffff204637f087fdd7f812
:10525c007822796a204634f0abfc87f86e920028ed
:10526c00c3d1d7f8684280e720462bf0b5fdd7f8bc
:10527c007822796a20462df051fa87f850929df8e1
:10528c0040200028c9d1d7f84c4250e707f51a72d4
:10529c00252138462ff0f6fbe1e707f513720a21ba
:1052ac0038462ff0effbeae72d2283e5284a16e576
:1052bc006ff4cc7213e500f19703012b1dd915f196
:1052cc00bc0f1cd06ff4ac7295420cbf28222a2262
:1052dc000221384632f09ef997f836320898099e2a
:1052ec0043f0100387f8363282e500f1970342f061
:1052fc000102012b8df84020e1d82d22e8e7302265
:10530c00e6e7302256e5d7f868023af0bdfc104bc0
:10531c00b7f94a229042b8bf1d4636e7d7f84c027f
:10532c0038f03efbb7f948329842bff66baf1cb170
:10533c0008986ff4cc755be5042387f845326ff45d
:10534c00cc7518e5184635f00dfd6ff07c0553e46f
:04535c0066feffffeb
:020000040000fa
:020000040001f9
:10536000000401010000000000000100040401012c
:105370000400010104040100040000000000010019
:105380000004000000040101040401010004000005
:1053900004040001040001010000000104000000f9
:1053a00004040000000400010004000100040100e6
:1053b00000040100000001010000010104040001db
:1053c00004000100040000010400000104000100c9
:1053d00000000000040400000404010000000001bb
:1053e00000000100040401010400000000000101ac
:1053f00000040101000000010000000100040000a1
:10540000040001010000010000040100040000018b
:105410000004000004000000040400010404010072
:105420000404010104000100000001010404000162
:105430000400000104040000040401000004010150
:10544000040400000004000100040001000000004a
:10545000040001000004010000000000040001013c
:1054600020801080008000800080000020801000dc
:10547000000010002000000020001080208000802c
:1054800020000080208010800080108000000080bc
:10549000008000800000100020000000200010802c
:1054a000008010002000100020800080000000001c
:1054b00000000080008000002080100000001080ac
:1054c000200010002000008000000000008010007c
:1054d00020800000008010800000108020800000ec
:1054e000000000002080100020001080000010004c
:1054f000208000800000108000801080008000006c
:1055000000001080008000802000000020801080bb
:1055100020801000200000000080000000000080bb
:10552000208000000080108000001000200000801b
:10553000200010002080008020000080200010004b
:10554000008010000000000000800080208000002b
:10555000000000802000108020801080008010005b
:105560000802000000020208000000000800020813
:10557000000200080000000008020200000200080b
:1055800008000200080000080800000800000200ef
:1055900008020208080002000000020808020000d9
:1055a00000000008080000000002020800020000dd
:1055b00000020200000002080800020808020200bf
:1055c00008020008000202000000020008020008b1
:1055d00008000000080202080002000000000008a5
:1055e0000002020800000008080002000802000093
:1055f0000000020000020208000200080000000093
:105600000002000008000200080202080002000870
:105610000800000800020000000000000800020866
:10562000080200080000020000000008080202084a
:105630000800000008020200000202000800000842
:10564000000002080802000808020000000002082a
:105650000802020008000000080002080002020020
:1056600001208000812000008120000080000000d7
:105670008020800081008000010080000120000067
:1056800000000000002080000020800081208000b9
:105690008100000000000000800080000100800008
:1056a00001000000002000000000800001208000b8
:1056b0008000000000008000012000008020000029
:1056c0008100800001000000802000008000800038
:1056d00000200000802080008120800081000000e8
:1056e0008000800001008000002080008120800078
:1056f0008100000000000000000000000020800089
:1057000080200000800080008100800001000000f7
:105710000120800081200000812000008000000026
:1057200081208000810000000100000000200000b6
:1057300001008000012000008020800081008000a6
:105740000120000080200000000080000120800077
:105750008000000000008000002000008020800009
:1057600000010000000108020000080200010042e0
:1057700000000800000100000000004000000802d6
:10578000000108400000080000010002000108407c
:105790000001004200000842000108000000004033
:1057a0000000000200000840000008400000000067
:1057b000000100400001084200010842000100020f
:1057c000000008420001004000000000000000420c
:1057d0000001080200000002000000420001080071
:1057e000000008000001004200010000000000026b
:1057f00000000040000008020001004200010840d3
:105800000001000200000040000008420001080200
:1058100000010840000100000000000200000842f2
:105820000001084200010800000000420001084297
:1058300000000802000000000000084000000042d4
:105840000001080000010002000100400000080003
:1058500000000000000008400001080200010040b4
:1058600010000020000040200040000010404020b8
:1058700000004020100000001040402000004000c8
:1058800000400020104040000000400010000020b8
:1058900010004000004000200000002010400000e8
:1058a00000000000100040001040002000400000f8
:1058b0000040400010400020100000001000402078
:1058c0001000402000000000104040000040402038
:1058d0001040000000404000004040200000002038
:1058e0000040002010000000100040200040400058
:1058f0001040402000004000104000001000002038
:105900000000400000400020000000201040000087
:1059100010000020104040200040400000004020c7
:1059200010404000004040200000000010004020d7
:105930001000000000400000000040201040400027
:105940000040000010004000104000200000000057
:1059500000404020000000201000400010400020c7
:1059600000002000020020040208000400000000e3
:1059700000080000020800040208200000082004bb
:1059800002082004000020000000000002000004c3
:1059900002000000000000040200200402080000d1
:1059a0000008000402082000020020000008000493
:1059b000020000040000200400082004020020006f
:1059c0000000200400080000020800000208200473
:1059d0000008200002000000000000040008200071
:1059e000000000040008200000002000020800045d
:1059f000020800040200200402002004020000004b
:105a00000200200000000004000800040000200044
:105a100000082004020800000208200000082004fa
:105a20000208000002000004020820040000200414
:105a3000000820000000000002000000020820040e
:105a40000000000002082000000020040008000000
:105a5000020000040008000400080000020020000a
:105a6000401000100010000000000400401004105e
:105a70000000001040100010400000000000001066
:105a80004000040000000410401004100010040046
:105a9000001004104010040000100000400000003e
:105aa0000000041040000010001000104010000022
:105ab0000010040040000400400004100010041016
:105ac0004010000000000000000000004000041032
:105ad00040000010001000104010040000000400fe
:105ae000401004000000040000100410001000002a
:105af00040000000400004100010000040100400ae
:105b000000100010400000004000001000000410d1
:105b100040000410000000100000040040100010bd
:105b2000000000004010041040000400400000107d
:105b300000000410001000104010001000000000d1
:105b40004010041000100400001004004010000079
:105b5000401000004000040000000010001004107d
:020000040000fa
:020000040001f9
:105b60002de9f04f9d4c844289b040f0ad80dff8c4
:105b70008c8298f90000431edbb2012b00f2a48056
:105b8000974f3d68002d00f09880012800f09f801d
:105b90002388002b00f0b280b946002606e0238857
:105ba00001369e4205f1800580f0a280e86c002855
:105bb000f5d0ab6dab42f2d16b6c9b69984795f811
:105bc00043305b06ebd56b6ce86c5b69984700284b
:105bd000c0f20c820228e2d140f20113adf81e306f
:105be0006b6c286d1b6c002740f2dc52069704a9f1
:105bf000adf81a20cde90477adf81c7098470498e9
:105c0000e863bdf81420a5f84020bdf81ac0bdf81f
:105c10001620a5f86ec09df81d109df81f003b468c
:105c200061f307039df81c1061f30f239df81e100c
:105c300061f31743d21b60f31f63b5f842102b6763
:105c400018bf012248f2400343ea423341f6bf72d3
:105c50000a401343a5f84230eb6d05f13c011bb936
:105c60009de700bfb5f86ec095f8750083f8750024
:105c7000086893f84320d8638888d5f84ce0a3f8e7
:105c8000400002f03f02286d186562f07f02686de7
:105c9000586502f00c000428c3f84ce0a3f86ec06d
:105ca00083f8432005d193f8422042f0400283f864
:105cb0004220db6d002bd5d171e74a4b04a81b684d
:105cc0009847002840f3d68009b0bde8f08f464ed3
:105cd0003368013300f062822388002b7ff45cafcd
:105ce0000223424988f80030002036f037fd05e0f5
:105cf00098f900e0bef1010f4f463ed000202ff092
:105d000025ff3b4e3b4a3368dff8f4a011680b4394
:105d1000daf800100b43d7d01568002d40f0d98178
:105d200031683b68228800294ed1002a00f0bf80ec
:105d300010460d460022304f40f28666144605e0bc
:105d40000132904203f1800340f2ae8093f842109a
:105d50004906f5d5996d9942f2d1b3f86c100e420f
:105d600002d039680131396093f8741011f0020fd4
:105d700040f0bc80a3f86c40e2e7d9f80060002b4b
:105d8000aed04ff000093046a446b246494607e07f
:105d900049ea060901318b4200f1800000f0af8032
:105da000856d95f8432002f00c04042c0efa01f6e0
:105db000eed112f0800f87d095f842205506e9d534
:105dc00049ea0609e6e701250023336098463e6864
:105dd000002a00f0c280a9461ce000bfecd10020e0
:105de00080d4002058d40020acd700208037000099
:105df00078d4002074d4002070d40020edd5002089
:105e00005cd40020238808f10108434506f1800690
:105e100040f2a28096f842305b06f3d5b36db342f0
:105e2000f0d1736c306d5b6db6f86a5098470543de
:105e30003af0b4f9b6f86a30adb223ea0503a6f831
:105e40006a303af0adf9b6f86c30306d2b43a6f8f5
:105e50006c30736c29461b6d984715f0160f40f097
:105e6000b08096f843309806ccd5736c306d9b6b40
:105e70009847c7e740f073810498002800f06f81cd
:105e800005f01cfd20e7019d3af088f9b9f81830bb
:105e900023f00103a9f818303af082f9bbf80000aa
:105ea0003b6800287ff446af002d40f0dc80ae4d0b
:105eb000ae4c236813b1228902b198471034ac422a
:105ec000f7d1daf80030002b3ff4feaea4f51c70d9
:105ed0004469002c3ff4f8ae00234ff48072012196
:105ee0001030a44609b0bde8f04f604721f0020130
:105ef00083f874101946c96d0029fcd13ae70122d4
:105f000002fa03f3013b9945564664463ff4e8ae76
:105f1000002544f2400a00bfb6f842301aea030fe7
:105f200003d0b36db34200f00681238801359d4252
:105f300006f18006f0d3ff2388f8003039f08cfe9c
:105f400000283ff4c1ae39f081fe89494a4609b0c4
:105f5000bde8f04f2ff00ebb4d460023dff8349222
:105f6000dff8108202930195a346404637f04effba
:105f70000546002887d00269806a936896899c89c3
:105f80006b610e3e9681066e0e3362baab6192b2c1
:105f900026b1436e2946b0470028e6d1284603f0d3
:105fa00065f90028e1d1b4f5c16f00f04f81082cec
:105fb00000f02381284601226ff00c0136f03afef2
:105fc000d3e76c4d02e09e6238f054fd736c306d87
:105fd0005b6b002211469847034601462846002b7a
:105fe000f1d1654a1368013313603ae7032363482c
:105ff000042229462ff0defd95f8433063f0730349
:1060000085f84330cbe503f24d13136023883d68d8
:10601000002b00f0588100bf95f842305a0611d588
:106020006b6c286d5b6a984795f8743003f0010239
:1060300043f00203904260f382031cbf60f300034d
:1060400085f87430228808f10108904505f1800533
:106050001046e1d331683b6800297ff4b4ae0125d6
:10606000002a7ff467ae414ca4f1200904f51475b1
:1060700003e0a3811034ac4220d02368002bf9d078
:10608000b4f90a203e49002af4d0a38909685b1ab2
:1060900098b21bb2002becdc23896668a4eb0901e3
:1060a000104443f00203c1f30f11a0812381002e9d
:1060b000e0d0002302222046b047dbe73af06ef83a
:1060c000b9f8083023f00203a9f808303af068f86c
:1060d000eee64ff00008c2f8008035f087fc294b4f
:1060e000dff8b4b01a68019243460d46814636f097
:1060f0003dfc254b019acbf80000a3fb0232294658
:1061000092094346484636f031fc204a1c4b204d4c
:106110001968136828605b1a434513607ff773aff3
:10612000316822883b6800297ff44dae002a9ad05e
:1061300010460125fee5f76d57b1dff840b039464e
:106140000323042258462ff035fdff6d002ff6d1b2
:106150000a480323042231462ff02cfde5e60023f4
:1061600088f80030b0e500bf58b6002008b4002021
:10617000b037000048cb00206cd40020ecd10020c8
:1061800064d4002068d40020d34d621060d4002075
:1061900050d40020e8b3002054d400204d4a002100
:1061a00037f094ff3060013013d036f0c7fd4a4b12
:1061b00000f2e732a3fb0232484b92094ff47a71a6
:1061c00001fb02f2b2fbf0f21a6047f6fe739a424c
:1061d0004bd939f041fd002840d125f0a7ffff231e
:1061e00088f8003039f038fd00283ff46dad39f003
:1061f0002dfd3b494ff0ff32a9e63a4a0392029a3d
:1062000003465608242001242a6a22f47c121343f0
:106210002b62354b2946184438f02cfc16f001034c
:106220007ff4a3ae039a528809eb02101201018990
:10623000466841f00101018116b111090122b04700
:10624000029a0123a3401a4302928ee6274b03933e
:106250000446029e18204ff48033d5e739f0f6fc4f
:10626000234901222ff086f9b7e72248224b02f595
:10627000a671b1fbf2f102fb01f1016011b203f56d
:10628000147002e01033834212d053f80a2c002a13
:10629000f8d0b3f90020002af4d08a42b8bf0a46e9
:1062a0001546002265f30f0265f31f421a60e9e705
:1062b00023883d68002b7ff46fac98f90030012be8
:1062c0003ff40ead1ae53268002a3ff4ccae3360dd
:1062d000012542e64db70400d34d621064d400207e
:1062e0004037000038f604003ccb002030f60400b4
:0c62f0001037000060d4002012b4002021
:020000040000fa
:020000040001f9
:1062fc002de9f047012986b0044640f3b280576877
:10630c000d463846a149164638f0bdfd002833d05d
:10631c009f49384638f0b7fd002800f0a9809d4908
:10632c00384638f0b0fd002800f0c4809a49384651
:10633c0038f0a9fd002800f0b0809849384638f0b4
:10634c00a2fd0346002800f0f8809549384638f045
:10635c009afd8046002800f0b0819249384638f00a
:10636c0092fd002800f0be8123688f495b6860684d
:10637c0006b0bde8f04718478c4d22686b8a52680e
:10638c008b49606803f01003002b0bbf412642269b
:10639c004227412790476b8a226886495568606876
:1063ac00c3f300133a46a847226800965568824bff
:1063bc00824960684ff40022a847206880494568ec
:1063cc0060684ff400234ff4f822a84720687d4bf7
:1063dc0045687d4960684ff47c22a84720687b495a
:1063ec00456860684ff400724ff40053a847d4e935
:1063fc0000365d6839f006fc754902463046a84700
:10640c00d4e9003041f2bf525b6872499847724b35
:10641c0022681b7855686668002b3cd06f4ad2e91d
:10642c000032134356d132f0edfd6d4a034618216c
:10643c006c4838f019fa6b4a6b4b6c491b6800932b
:10644c003046b423a8476a4a2368d2e90310cde941
:10645c000110916800915d6866496068d2e900237b
:10646c00a847d4e9000106b0bde8f04725f03cbdd3
:10647c00614f3b7823b3052b22d021685f4a604dd6
:10648c0052f823204b685f49606801242c7006b0d9
:10649c00bde8f04718475c4acee7574a1378052bfe
:1064ac0000f010812168554a554d52f823204b6855
:1064bc005649e9e7504f3b7873b92368544955e77f
:1064cc00032d1adc23684e4a5b685249606802252a
:1064dc0015704de7504aafe7504db5f90000431c1d
:1064ec004dd12268464d526860684d4900233b707f
:1064fc002b7006b0bde8f047104700221146b0687b
:10650c0038f094ff102205460021f06838f08eff19
:10651c006b1eb3f5f82f8046c0f08c80384b226888
:10652c0060685668032119703e492a464ff4f823d7
:10653c00b44606b0bde8f0476047274925680a789d
:10654c0060686c68002a00f0ac80374a234d0b70f1
:10655c0000260027c5e900673449c2f8e030c2f8cc
:10656c00e430c2f8e830c2f8ec300593a047059b44
:10657c002f49184606b0bde8f0472ef0f5bf2bf0ba
:10658c0027fd4ff6ff732b80abe700bf44260000be
:10659c005c9100001092000040920000b09200004c
:1065ac003c930000ac930000589500000040004163
:1065bc00108f0000548f0000ffbf0f00988f000059
:1065cc00d08f0000ffff0f001490000054900000cb
:1065dc007c900000b490000024d6002078d30020da
:1065ec00648e00001cd20020a0d50020d0900000aa
:1065fc0034d200200491000027d60020ece10400e6
:10660c0026d60020609100003c2600004892000035
:10661c001892000084910000588e0000bcd7002016
:10662c0030920000b8910000001f0047b8920000a3
:10663c00e8920000002641f2bf530122cde900662a
:10664c002621304618f0b0f8a44a034601331080d6
:10665c0000f0a480a24ba34a1d60a34b1660c3f8a4
:10666c000080a24ba24a1e60a24b16601e60a24b79
:10667c00a24a1e70012316703b7035f0b1f9a04b85
:10668c00894680463046c3e9008938f0fdfdd4e9df
:10669c00002054689b494ff4f82341f2bf52a446a2
:1066ac0047e7994b9949c3f8e020c3f8e420c3f8b5
:1066bc00e820c3f8ec2023465ae6032d1fdc2368a0
:1066cc00934953e60623137035f08af90646d4e94c
:1066dc0000308b4a5b680f46c2e900678d494ff466
:1066ec00fa72d4e68c4b1b780bb3052b1fd02168a8
:1066fc008a4a606852f823204b688949c7e60246eb
:10670c000146b06838f092fe102205464146f0680a
:10671c0038f08cfe6b1eb3f5f82f064646d3236873
:10672c0080495e6860684ff4f8232a4600e7022d22
:10673c007dd14ff400267c4b22685b8a55687b49df
:10674c00606813f0100f08bf4222334618bf412275
:10675c00a847002038f098fd37f080f87449754b45
:10676c00d1f8fc2042f08072c1f8fc201a6842f08b
:10677c0001021a603046d3f8048037f05df800bf90
:10678c0038f090ff0028fbd16a4b5f6837f066f851
:10679c0010f04e0560d023686749e7e52368564a38
:1067ac005b686649606804251570e1e537f0d6fe34
:1067bc00634a5d49dff8b4c1012090600f886fea2d
:1067cc0087426fea924292b20a804346bfb24ff0c0
:1067dc00ff311a460133127882ea010000f00f00f3
:1067ec00ab425cf8200080ea111181ea121202f02f
:1067fc000f025cf8222082ea1111ead14a4ac943fd
:10680c001780528ad4e90050761ab6fa86f612f03e
:10681c00100f4fea56166c6808bf4222cde90016dd
:10682c0018bf41224749a04706b0bde8f087b068c1
:10683c001022002138f0fafd434ba0f500229a42b9
:10684c00064640f2cb802268404b55684049606850
:10685c004ff40022ac466ce637f080fe384b012238
:10686c009a6006f5007133461a680433013218bf7a
:10687c0001359942f8d155bb364a374b374900bfe1
:10688c0042f8043f01338b42fad12949294bd1f804
:10689c00fc20334842f08072c1f8fc201a6842f0a8
:1068ac0001021a603146d3f804a034f01bf800bf83
:1068bc0038f0f8fe0028fbd11e4bd3f8049036f0cc
:1068cc00cdff10f04e0f53d0236826494ee52368b8
:1068dc0025495e68606880232a4629e6bcd70020db
:1068ec00c0d50020b8d50020bcd50020b4d50020e0
:1068fc00b0d50020acd5002026d6002025d600200f
:10690c0088d30020f4910000001f0047189300006a
:10691c00449300007092000027d60020ece10400a4
:10692c00b8930000b891000000400041149400009e
:10693c0000ed00e0001000e058940000dc91000035
:10694c00006000417893000000be070000be0f00fd
:10695c00d493000014bf0020000007b0800007b0e3
:10696c0018bf0020b894000084940000b0ac040060
:10697c0037f0f4fd1c4b1d4801229a601c4b32462b
:10698c001168994203f1010318bf0135834202f1ea
:10699c000402f5d11749a9eb0a03a7eb0802a1fbe6
:1069ac000303a1fb02123168d6f8fc01cde90010fb
:1069bc00216860684e6810499b099209b0472368aa
:1069cc000e490f4a5e686068002d18bf0a462b46b8
:1069dc000c49b0470c4b00221a6025e7c0f30c039e
:1069ec00002b3ff4a8ae2ee700600041800007b0fa
:1069fc00000007b089888888e8940000088f0000a0
:0c6a0c00008f00002c950000b0d5002089
:020000040000fa
:020000040001f9
:106a18005478204279746520436f756e742d6c6fbd
:106a2800776572203332626974732854784f544cf6
:106a38004f29000011f90400547820427974652028
:106a4800436f756e742d757070657220313662698a
:106a580074732854784f5448492900001df90400dc
:106a68005478204672616d657320772f6f206572a8
:106a7800726f722854784654434e5429000000001f
:106a88000000000029f9040054782042726f616404
:106a980063617374204672616d657328547842434c
:106aa80046542900000000000000000035f90400e9
:106ab8005478204d756c74696361737420467261f3
:106ac8006d65732854784d46542900000000000075
:106ad8000000000041f90400547820506175736586
:106ae800204672616d657328547850465429000019
:106af8000000000000000000000000004df9040044
:106b080054782036342d62797465204672616d653b
:106b18007328547842465436342900000000000097
:106b28000000000059f9040054782036352d313220
:106b3800372062797465204672616d657328544206
:106b480046543132372900000000000065f904007e
:106b58005478203132382d323535206279746520e9
:106b68004672616d657328544246543235352900a2
:106b78000000000071f904005478203235362d35b4
:106b880031312062797465204672616d65732854cd
:106b98004246543531312900000000007df90400d7
:106ba8005478203531322d31303233206279746592
:106bb800204672616d657328544246543130323331
:106bc8002900000089f90400547820313032342d2e
:106bd800313531382062797465204672616d65738c
:106be80028544246543135313829000095f90400bb
:106bf8005478204672616d6573203e3d20313531f1
:106c0800382062797465284754424631353138292d
:106c180000000000a1f90400547820556e646572e4
:106c280072756e204672616d6573206e6f742054a4
:106c3800586564285478545552290000adf9040069
:106c480054782053696e676c6520436f6c6c697368
:106c5800696f6e204672616d657328547853434698
:106c680029000000b9f90400547820322d3135206c
:106c7800436f6c6c6973696f6e204672616d6573e2
:106c88002854784d4346290000000000c5f9040047
:106c9800547820313620436f6c6c6973696f6e20ad
:106ca8004672616d65732854784543434e542900f4
:106cb80000000000d1f904005478206c617465204c
:106cc800436f6c6c6973696f6e204672616d657392
:106cd8002854784c43434e5429000000ddf9040041
:106ce8005478204465666572726564204672616de9
:106cf80065732854784454462900000000000000b9
:106d080000000000e9f904005478204361727269b8
:106d180065722053656e7365206572726f722046c6
:106d280072616d657328547843534529f5f9040059
:106d38005278204279746520436f756e742d6c6f9c
:106d4800776572203332626974732852784f524cd7
:106d58004f29000001fa0400527820427974652016
:106d6800436f756e742d7570706572203136626967
:106d780074732852784f5248492900000dfa0400cc
:106d88005278204672616d657320772f6f20657287
:106d9800726f722852784652434e54290000000000
:106da8000000000019fa040052782042726f6164f2
:106db80063617374204672616d657328527842432b
:106dc80046522900000000000000000025fa0400d7
:106dd8005278204d756c74696361737420467261d2
:106de8006d6573202852784d465229000000000036
:106df8000000000031fa0400527820506175736574
:106e0800204672616d6573285278504652290000f9
:106e18000000000000000000000000003dfa04002f
:106e280052782036342d62797465204672616d651a
:106e38007328527842465236342900000000000078
:106e48000000000049fa040052782036352d31320e
:106e5800372062797465204672616d6573285442e3
:106e680046523132372900000000000055fa04006c
:106e78005278203132382d323535206279746520c8
:106e88004672616d65732854424652323535290081
:106e98000000000061fa04005278203235362d35a2
:106ea80031312062797465204672616d65732854aa
:106eb8004246523531312900000000006dfa0400c5
:106ec8005278203531322d31303233206279746571
:106ed800204672616d657328544246523130323310
:106ee8002900000079fa0400527820313032342d1c
:106ef800313531382062797465204672616d657369
:106f080028544246523135313829000085fa0400a8
:106f18005278204672616d6573203e3d20313531cf
:106f28003920627974657328544d584246522900b5
:106f38000000000091fa04005278204672616d65e5
:106f480073203c2036342062797465732852785552
:106f58004652290000000000000000009dfa0400cd
:106f68005278204672616d6573203e203135313884
:106f78002062797465732852784f465229000000c0
:106f880000000000a9fa04005278206572726f723e
:106f9800204672616d6573203e203135313820629c
:106fa800797465732852784a52290000b5fa0400aa
:106fb800527820435243206572726f722046726184
:106fc8006d65732852784643534529000000000038
:106fd80000000000c1fa04005278204c656e677406
:106fe80068206669656c64206572726f72204672eb
:106ff800616d65732852784c46464529cdfa0400e0
:1070080052782073796d626f6c206572726f72208e
:107018004672616d65732852785253452900000005
:1070280000000000d9fa0400527820616c69676e8c
:107038006d656e74206572726f72204672616d653f
:10704800732852784145290000000000e5fa040041
:107058005278205265736f75726365204572726f3e
:107068007220285278525245290000000000000082
:1070780000000000f1fa04005278206f7665727201
:10708800756e206572726f72204672616d65732825
:107098005278524f4529000000000000fdfa040014
:1070a80052782049504864722043686b73756d208c
:1070b8006572726f72204672616d657328527849e5
:1070c8004843452909fb0400527820544350204383
:1070d800686b73756d206572726f72204672616d90
:1070e80065732852785443452900000015fb0400b5
:1070f8005278205544502043686b73756d20657233
:10710800726f72204672616d6573285278554345d7
:087118002900000021fb040026
:020000040000fa
:020000040001f9
:107120002de9f04fc36ce04a056de04fd1f81ca08b
:10713000d1f83080dff8bcb3d0e915468db01a44e1
:107140000b6800931a4484ea06032b4073401344ef
:10715000d74a4c6801943244466d05eb7363224470
:107160002c4675401d4075401544d24a0b9432445c
:107170008e68029603eb3555324484ea03062e40ae
:1071800066401644ca680392274405ebf636174456
:1071900083ea050232405a403a440f693c46c64fe2
:1071a0000494274406ebb2221f4485ea06031340e9
:1071b0006b403b444f693c46c04f0594274402eb6b
:1071c00073632f4486ea02051d4075403d448f6974
:1071d0003c46bb4f0694274403eb3555374482eabf
:1071e00003062e4056403e44b64f574405ebf63654
:1071f000174483ea050232405a403a440f6a3c463b
:10720000b14f0794274406ebb2221f4485ea0603d8
:1072100013406b403b444f6a3c46ac4f08942744b4
:1072200002eb73633d4486ea02071f4077402f4418
:107230008d6a0a95a5f5244e03eb375782ea030cb5
:10724000aef14f0ecd6a0995b6440cea070ca04e7c
:107250008cea020cf4442e4407ebfc3c164483ea0f
:10726000070202ea0c025a4032449a4edff888e2e2
:1072700046440cebb2221e4487ea0c0313407b40c9
:1072800033444e6bb64402eb736377448cea020ed0
:107290000eea030e8eea0c0ebe44d1e90e978e491b
:1072a000019c069d494403eb3e5e614482ea030c67
:1072b0000cea0e0c8cea020c8c44884939440eeb23
:1072c000fc3c114483ea0e0202ea0c025a400a44d2
:1072d00083490cebb222214419448cea020303eaed
:1072e0000e0383ea0c030b447e4902ebf36329444b
:1072f0008e4482ea030101ea0c015140099d714468
:10730000dff8f8e103ebf151ae44e64483ea010c07
:107310000cea020c8cea030c009df444dff8e0e177
:1073200001ebbc4cae44964481ea0c021a404a4040
:10733000059d7244dff8cce10ceb3232ae449e4442
:107340008cea02030b4083ea0c030a9d7344dff8c6
:10735000b8e102ebf363ae448e4482ea030101ea32
:107360000c0151407144dff8a4e1049d03ebf1519d
:10737000be44e64483ea010c0cea020c8cea030cde
:10738000f444dff88ce101ebbc4cae44964481ea56
:107390000c021a404a40089d7244dff878e10ceb79
:1073a0003232ae449e448cea02030b4083ea0c0363
:1073b0007344dff864e1039d02ebf363ce448e4433
:1073c00082ea030101ea0c0151407144dff84ce10b
:1073d00003ebf151ae44e64483ea010c0cea020ce3
:1073e0008cea030c079df444dff834e101ebbc4c5c
:1073f000ae44964481ea0c021a404a407244dff8d7
:1074000024e1029d0ceb3232b6449e448cea020326
:107410000b4083ea0c037344dff80ce102ebf363e7
:10742000ae448e4482ea030101ea0c0151407144ea
:10743000dff8f8e0079d03ebf151d644e64483ea18
:10744000010c0cea020c8cea030cf44401ebbc4c7a
:10745000c344934481ea0c0202ea030e8eea010e51
:10746000de440ceb3e3e82ea0e0b059aa2f5b822f2
:10747000a2f2be621a441c4b5a442b440eeb3272e9
:1074800019448cea0e035340099d0b4417492944c3
:1074900002eb735361448eea020c8cea030c8c44b9
:1074a0001349049d44e000bf78a46ad7eecebdc165
:1074b00056b7c7e8db702024af0f7cf52ac6874794
:1074c000134630a8019546fdd8988069aff7448be4
:1074d000bed75c892211906b8e4379a62108b449ee
:1074e00062251ef640b340c081f6718722619d6d12
:1074f0000c38e5fd8a4c2a8d937198fd515a5e2611
:10750000aac7b6e95d102fd65314440281e6a1d86c
:10751000c8fbd3e7e6cde121d60737c3870dd5f405
:10752000ed145a4505e9e3a9f8a3effcd9026f670a
:10753000494403eb3c4c8e4482ea030181ea0c018e
:107540007144dff8a8e2a6440ceb7121964483ea6b
:107550000c024a407244dff898e2009cae4401eb12
:10756000327273448cea010e8eea020e9e44924bf4
:107570000a9d534402eb7e5e9c4481ea020383ea47
:107580000e036344dff86cc2ac440eeb334361443a
:1075900082ea0e0c8cea030c8c448849314403ebdc
:1075a0007c2c11448eea030282ea0c020a448449cc
:1075b00021440ceb32728e4483ea0c015140039c4f
:1075c0007144dff834e2a64402eb71519e448cea28
:1075d00002034b40069c7344dff820e2a64401eb13
:1075e0003343e64482ea010c8cea030c089cf44421
:1075f000dff80ce2a64403eb7c2c964481ea0302fc
:1076000082ea0c027244dff8fce1029cc6440cebf7
:1076100032728e4483ea0c0151407144dff8e8e194
:10762000be4402eb715173448cea020e8eea010ee5
:107630009e44644b234401eb3e4e9c4482ea01038a
:1076400083ea0e03009c6344dff8c0c10eeb732392
:10765000a444944463ea010282ea0e026244dff821
:10766000b0c1059c03ebb262d4448c4462ea0e01c3
:1076700059406144dff89cc102ebb151cc44f44461
:1076800061ea030e8eea020ef444dff88ce101ebae
:107690007c4ca6449e446cea02034b407344dff8e2
:1076a0007ce1039c0cebf323c644964463ea01029d
:1076b00082ea0c027244a5f58015dff864e103eb61
:1076c000b262a5f683356544a64462ea0c0c8e448a
:1076d0008cea030cf44402ebbc5c6cea03015140fd
:1076e000019c2944384d0ceb714125441d4461ea4d
:1076f000020383ea0c03079c2b44344d01ebf32374
:107700002544154463ea0c024a402a44304d069c45
:1077100003ebb2623d4462ea01075f4065443d44c9
:107720002c4f02ebb55527440f4465ea0301514045
:107730003944294f05eb7141374461ea02061f4481
:107740006e403e44254b049f01ebf6263b441a4411
:1077500066ea05034b401344c26c06ebb3631a445c
:10776000c264099f1e4a029c3a44154463ea01021e
:107770007240876d2a4403ebb252bd188565194dde
:1077800025440d4462ea06015940294402eb714147
:1077900061ea03030b9c089d5340426d0c44114465
:1077a000114a41652a443244134404ebf32404652e
:1077b00000200db0bde8f08f604bbbf6c67e9b2865
:1077c000fa27a1ea6556acc4d15d84854f7ea86fc7
:1077d000e0e62cfe144301a3a111084e827e53f76c
:1077e00035f23abdbbd2d72a91d386eb44eabea488
:1077f000a9cfde4b70bcbfbe8530efd4051d880419
:1078000039d0d4d9e599dbe6f87ca21f442229f4cb
:1078100097ff2a43a72394ab39a093fcc3595b6518
:0478200092cc0c8f6b
:020000040000fa
:020000040001f9
:107824002de9f04f9046ae4a8bb089461168426804
:1078340002920023cde90633cde9083383460029bb
:1078440000f00082a74a154604e08b4205f1e805e2
:1078540000f0f88195f8da40012c03f10103f4d12a
:10786400aa1ad210c2ebc21302ebc303c3eb8333d5
:1078740002eb0312dbf800309b495b68029802ebd1
:10788400820298470023c5e90a33c5e90c33c5e9e8
:107894002533c5e92933c5e92b336b602b75c5f84e
:1078a400a03085f8d930c5f8b430c5f8c0308f4b56
:1078b400c5f8d0b01b682b6003eb83035b00ab609f
:1078c4008b4bab6102232b7441f289336b8240f200
:1078d400be53eb604ff03443c5f8db30052385f825
:1078e400df3000220023b9f1010fc5e908230bd8ca
:1078f40016e17378732b0ed1b37863b9012385f83d
:10790400dd3001344c4518d258f8246037782d2fd7
:107914004fea840aedd07749304637f0b8fa0028a8
:10792400ecd02d2f14d17378752b11d1b3787bb98a
:10793400013401234c452b74e6d395f8dd30002b3c
:1079440000f0ee80012b00f090800bb0bde8f08fca
:107954006949304637f09bfa0028e9d02d2f65d1cc
:107964007378622b62d1b378002b5fd10123c244b8
:107974002b74daf80460304637f006fa431e0134fb
:10798400f25c4d2a06eb030140f0a0804f78002ff3
:1079940040f09c804b2a594a08bf4ff47a720392f4
:1079a400002b00f09481b31e00274ff0010acde9ab
:1079b400044518443a46731e5446039e0ce0504d49
:1079c40007eb870ea5fb06ac002c7ad101eb4e0722
:1079d4004feadc06984212d013f801cfacf1300123
:1079e4005ffa81febef1090fe9d9bcf12e0ff1d186
:1079f4000399984201fb02f24ff00004ecd1039981
:107a04008a4238bf0399dde9044507fb06f338bf12
:107a14004a439e180096dbf80010dbf804004f6818
:107a24003849cde90623b847ae616ae7364930469e
:107a340037f02dfa002899d02d2f40f0ae807378be
:107a4400782b40f0aa80b378002b40f0a680c24483
:107a54000134daf80400002800f03c81012206a970
:107a64002bf02cf90698a8614be7029cdbf8003058
:107a740026491b6820469847dbf8003024491b68d8
:107a8400204698472b7c012b00f0bc80022b00f091
:107a9400c180d5f8d0306a8a1b681e495b68029899
:107aa4001d4c984795f8da30012b00f0e4802378d8
:107ab400002b00f0b680022385f8da300bb0bde865
:107ac400f08f02eb820201eb420283e74b2a5dd086
:107ad4003046012206a92bf0f1f8069eae6110e7ac
:107ae40024d40020b8c70020ec2c00001cd40020b3
:107af400809698005c2b0000682b000040420f0029
:107b0400cdcccccc7c2b0000702b0000802c000052
:107b1400bc2c0000e02c0000e9d50020000000008f
:107b2400002105f180002ff049f8c5f8d4000028a1
:107b34007dd02b7c022b5ed0012b09bfab895fed7e
:107b4400096a06ee903af8ee666aab69a94aaa4c4d
:107b540092ed007adb0807ee903af8eee77ab8ee99
:107b6400477a87eea66a95f8da30012bc7ee067ad3
:107b7400fceee77ac5ed247a73d02378002b6ad023
:107b84000a2385f8da300bb0bde8f08f4a78002a72
:107b94009ed14ff47a72039202e79849304637f047
:107ba40076f900283ff453af2d2f6ed09449304618
:107bb40037f06df900286ed02d2f40f08f80737848
:107bc400742b40f08b80b378002b40f08780c24444
:107bd4000134daf80400002800f09e80012206a98e
:107be4002bf06cf80698834b1b6800fb03f3ab6027
:107bf40000236b6085e6b5f8de3006ee903af8eec9
:107c0400666aa2e7dbf800307e491b680298984751
:107c14002b7c3be7dbf800307b491b6802989847d4
:107c240037e74ff480711f2035f09efd43e7dbf802
:107c3400003076491b680298984737f0b7ffc5f8bb
:107c4400d40076e7dbf8003071491b6802980bb06a
:107c5400bde8f04f18474ff480711f2035f084fdc4
:107c64008ee72378002201334ff480711f202370a4
:107c74002ff034f881e72378002201334ff4807128
:107c84001f2023702ff02af811e77378632b8dd10e
:107c9400b378002b8ad1c244002385f8dd30daf8aa
:107ca40004000134c0b1042206a92bf007f89df8a2
:107cb4001800079a002360f3070362f30f23089a5e
:107cc40062f31743099a62f31f636b6419e61e4655
:107cd4001a469fe60690c6e60690eae74d49304606
:107ce40037f0d5f800283ff472af2d2f16d17378f2
:107cf4006e2b13d1b3788bb9c2440134daf8040083
:107d0400002800f0e080012206a92af0d7ff069b94
:107d14006b600023ab60f4e5069064e73e493046af
:107d240037f0b5f80028e7d03c49304637f0aff8d3
:107d3400002800f0aa803a49304637f0a8f8002815
:107d440000f0a3803749304637f0a1f8002800f04e
:107d54008b803549304637f09af8002800f084804b
:107d64003249304637f093f800286dd03049304618
:107d740037f08df8002867d02e49304637f087f861
:107d8400f0b12d49304637f082f8c8b12b4930465e
:107d940037f07df830b12a49304637f078f80028ba
:107da4007ff4afadc2440134daf80400a0b101227b
:107db40006a92af083ff069b332b0dd9eb60a0e5bf
:107dc400c2440134daf8040088b1012206a92af079
:107dd40075ff069b6b8294e5d5f8d03019491b6872
:107de40002985b6834220bb0bde8f04f1847069048
:107df400efe700bf1cd40020e9d50020982b000039
:107e0400a42b0000d82c0000dc2c0000582c00000f
:107e1400302b0000b02b0000b82b0000c02b00005a
:107e2400c42b0000f82b0000fc2b0000042c0000e5
:107e3400082c0000142c0000182c0000202c00003a
:107e4400242c00002c2c0000c2440134daf8040075
:107e5400b8b1012206a92af031ff214a069b126813
:107e640002fb03f32b604ce5c2440134daf804004e
:107e740048b1012206a92af021ff069ba5f8de30ad
:107e84003fe50690e9e70690f7e7c2440134daf8e3
:107e940004004378782b1cd0012206a92af00eff97
:107ea4009df81820a02a12d0c02a0ed0a2f12001d9
:107eb4004b424b41db002b75dbf8001002984e68f7
:107ec4000849b0471de5069021e71023f3e7202376
:107ed400f1e7408840ba80b233f0e4ff0246e1e7bc
:087ee4001cd40020cc2b00008f
:020000040000fa
:020000040001f9
:047eec00704700bf1c
:020000040000fa
:020000040001f9
:107ef0002de9f04f2ded028b4b68adf58b5d83b016
:107f0000012b099200f00482d1f800b08946cde936
:107f100003b35e46bbf1000f00f0fa8102680192e4
:107f20008246002a00f0f481bbf1000f04dd8a686c
:107f300012f0010800f074819fedb78b08930df5e6
:107f4000906318460df5d5644ff408720021029332
:107f500037f054fa04ed028b4ff4087200210594b7
:107f600020460df50d6437f049fa254607940df6c5
:107f7000c8044ff408720021284684ed008b0df5eb
:107f80002f6537f03bfa85ed008b0df6f8254ff4a1
:107f90000872002128460df6185537f02ffa4ff4d5
:107fa0000872002185ed008b0df5526037f026fa3e
:107fb0000df5746282ed008b0df648721046069244
:107fc00000214ff4087237f019fa4946504629f05b
:107fd000fdfb0130089b0df58f670df5d46840f06f
:107fe000dd80c7e900b34ff4087209f10801029877
:107ff00036f0c0fe019b0598c8f800304ff40872b7
:108000000af1080136f0b6fe039b23604ff0000b27
:10801000049bc8f804b0029963604ff40872079893
:108020000df52f6836f0a6fe019bc8f800300599c3
:108030004ff408720df6f82036f09cfe594606986b
:108040000df5746b4ff4087237f0d8f90123cbf8b3
:108050000830cbf80030002e40f38b80a368d9079e
:1080600000f18780214620462af0a0fb2b68002bd8
:1080700003ddab68d80700f1c380294628462af003
:1080800095fb2668002ee9dcd8f80030002b74dc64
:108090004146204629f09afb013000f09f8022469d
:1080a000414620462cf080fc002850d12a465946f3
:1080b00028462cf079fc002849d12668002ecad128
:1080c000d8f80030002b00f02381d8f80420012ad2
:1080d00000f01e81012b00f31b81d8f80830012b22
:1080e00040f01681daf8044005e000bf2bf0a8f854
:1080f000002840f02d82dbf80430012b5a46494617
:108100005846f3d0a04600bfdbf80060d9f8003035
:108110009e4215dcc0f21182731e11d4b01c0beb11
:10812000800509eb800003e0c0f007825a1c07d0ed
:1081300055f8044d50f8047dbc4203f1ff33f3d9e8
:108140005a46494658462cf02ffc0028dcd00df545
:108150008b5d03b0bdec028bbde8f08f5a4639460b
:1081600058462cf021fc0028f1d1594658462af0f7
:108170001dfbd8f80030002b8addd8f80830db076b
:108180004146404684d42af011fbdbf80030002b36
:10819000ebdddbf80830da07e0d4e6e7504642468c
:1081a00049462df0bffa0028d1d1d8f80030002b75
:1081b00000f0ae80d9f80420d9f8006004927a600b
:1081c00002983e604ff4087209f10801039636f0f8
:1081d000d1fdd8f800300193c24615e7424621464a
:1081e00040462cf0e1fb0028b1d15a4629465846ba
:1081f0002cf0dafb0028aad1002e7ff42caf5fe729
:108200002a46394628462cf0cffb00283ff435afec
:108210009de700bfaff300800000000000000000f9
:108220001fed038b0aa84ff408724146a0ec028ba5
:1082300037f0e4f84ff40872414696a837f0def8bc
:108240000df58f670df590634ff40872414618469f
:1082500087ed008b029337f0d1f80df5d56303ed70
:10826000028b4ff408724146184605930df6c80478
:1082700037f0c4f80df50d6318464ff40872414607
:1082800084ed008b079337f0b9f80df6f8204ff422
:108290000872414600ed028b0df6185537f0aef826
:1082a0004ff40872414685ed008b0df5526037f0b2
:1082b000a5f80df5746383ed008b0df64873414608
:1082c0004ff408721846069337f098f80aaa494600
:1082d00050462df027fa00287ff439afd9f800a0d6
:1082e000d9f80480cdf850a24ff4087209f10801c2
:1082f00096a8cdf8548236f03dfd0a9e002e0add88
:10830000baf1000f07dd0c9b969a1343d90702d4ec
:108310004ff0ff301be70b9b7b604ff408720ca9fa
:1083200002983e6036f026fd059896a940e902a81d
:108330004ff4087236f01efd4ff001084ff408723a
:1083400000210df5746b079837f058f80698c4f8bb
:108350000880c4f800804ff40872002137f04ef80e
:10836000cbf80880cbf80080002e32ddbb68d80740
:108370002fd4394638462af019fa2368002b1edd1f
:10838000a368da071bd5224694a920462af058ff95
:1083900000287ff4dcae0df52f6632460aa9304680
:1083a0002cf002fb00287ff4d2ae214620462af0b2
:1083b000fdf9314630462af0f9f93e68d4e7ddf898
:1083c000f03a002b0df52f66efddb368db07ecd537
:1083d000d9e7ddf8a036002b0df5d4681fdc32e0bc
:1083e000ab68d90726d52a4694a928462af028ff43
:1083f0005a4600287ff4abae0aa958462cf0d4faae
:1084000000287ff4a4ae294628462af0cff9594621
:1084100058462af0cbf9d8f80030002b13ddd8f8f5
:108420000830db07414640460dd42af0bff92b68df
:10843000002bd5dcdbf80030002be4dddbf8083066
:10844000da07e0d5cfe74146384629f0bff90130d9
:1084500056d03a46414638462cf0a6fa00287ff41a
:1084600076ae2246294620462cf09efa00287ff45c
:108470006eae0df52f62104659462cf095fa002885
:108480007ff465ae3e68002e7ff46eafd8f8003002
:10849000002b3ff43dafd8f80420012a3ff438af59
:1084a000012b3ff735afd8f80830012b7ff430af00
:1084b0002b681bb16a68012a4cd000bfd9f8002094
:1084c000934213dc4edb5a1e10d4981c05eb80013e
:1084d00009eb800002e045d3541c07d051f8046d2d
:1084e00050f8044da64202f1ff32f4d92a4649461b
:1084f00028462cf059fa00287ff429ae2b68dde7d6
:108500004246394640462cf04ffa00287ff41fae11
:108510002a46214628462cf047fa00287ff417ae59
:108520005a460df52f6158462cf03efa00287ff48c
:108530000eae002e7ff418afa8e7099d06992846d5
:108540004ff4087240f8086b36f014fcc5f804804c
:108550000020fce52a46494628462af071fe0028fc
:10856000a6d0f4e509996a680b600b464a6003f1ee
:1085700008004ff408720df5526136f0fbfb002045
:04858000e5e500bf6e
:020000040000fa
:020000040001f9
:1085840000b583b00023019313600f2914d8dfe8ea
:1085940011f0230036005b0068006d001300d90061
:1085a4003901100043014a016901710184019201fa
:1085b4001700922800f0e581002003b05df804fb69
:1085c400b0f5237f00f0e58140f28d239842f3d18a
:1085d4000823ca481360f0e740f2a113984200f060
:1085e4008482b0f5d17f80f0dc81582800f081824c
:1085f400b0f5cf7fe0d10923c1481360dde740f235
:1086040092239842d8d8b0f5227fc0f0a981a0f572
:1086140022700a28d0d801a353f820f01f8a010041
:10862400178a0100bd850100bd850100bd850100db
:10863400bd850100bd8501000f8a0100bd850100d3
:10864400bd850100078a010040f20623984200f02c
:10865400a48140f285239842aed10923a94813602e
:10866400abe701a92ff088fc0198a6e7b0f5e67ff7
:1086740080f05282b0f5cf7fc0f0a481a0f5cf7016
:108684002d2899d801a353f820f000bfd78a010000
:10869400bd850100bd850100bd850100cf8a0100b3
:1086a400c78a0100bd850100bd850100bd850100ab
:1086b400bd850100bd850100bd850100bd850100aa
:1086c400bd850100bd850100bd850100bd8501009a
:1086d400bd850100bd850100bd850100bf8a010083
:1086e400bd850100bd850100bd850100b78a01007b
:1086f400af8a0100bd850100bd850100bd85010073
:10870400bd850100bd850100bd850100bd85010059
:10871400bd850100bd850100bd850100bd85010049
:10872400bd850100bd850100bd850100a78a01004a
:10873400bd850100bd850100bd8501009f8a010042
:10874400978a0100452800f0ef81803828283ff6f9
:1087540033af28283ff630af01a353f820f000bf11
:108764008f8a0100878a0100bd8501007f8a01008c
:10877400bd850100778a0100bd850100bd8501002a
:10878400bd850100bd850100bd850100bd850100d9
:10879400bd850100bd850100bd850100bd850100c9
:1087a4006f8a0100678a01005f8a0100bd850100ac
:1087b400bd850100578a0100bd8501004f8a010073
:1087c400bd850100bd850100bd850100bd85010099
:1087d400bd850100bd850100bd850100bd85010089
:1087e400bd850100bd850100bd850100bd85010079
:1087f400bd850100bd850100bd850100bd85010069
:10880400478a0100742800f0c08075287ff4d4ae34
:1088140008233d481360d0e64f287ff4cdae0823eb
:108824003a481360c9e64f2800f2678146287ff66c
:10883400c3ae473808283ff6bfae01a353f820f073
:10884400ff890100f7890100ef890100e789010030
:10885400bd850100bd850100bd850100df890100e2
:10886400d7890100b0f5257f7ff4a6ae09232848f7
:108874001360a2e640f2b513984200f09f8040f2e4
:10888400c913984200f02d8140f2a11398427ff45d
:1088940093ae09231f4813608fe6bd2800f08a8039
:1088a400b0f5e87f00f01981bc287ff485ae06237b
:1088b4001948136081e60d2830d9a0f28b200a28cc
:1088c4003ff67aae0a283ff677ae01a353f820f0bc
:1088d4003f8a0100bd850100bd850100bd85010001
:1088e400bd850100bd850100bd850100378a0100f9
:1088f4002f8a0100bd850100278a01004c00050074
:108904008cfe040050fe04001c0005001400050049
:10891400a8fd0400d8fd0400140105000d283ff64d
:108924004bae01a353f820f03f8a0100bd8501003e
:10893400378a01002f8a0100bd850100bd85010031
:10894400bd850100bd850100bd850100bd85010017
:10895400bd850100bd850100bd850100278a010098
:1089640040f20b23984200f0d380b0f5037f00f06f
:10897400cb80b0f5027f7ff41fae07236c481360f1
:108984001be604236b48136017e608236a48136048
:1089940013e60823694813600fe607236848136049
:1089a4000be640f2892398427ff406ae082365481b
:1089b400136002e6062364481360fee50923634856
:1089c4001360fae545287ff4f7ad0523604813608a
:1089d400f3e508235f481360efe508235e4813605e
:1089e400ebe508235d481360e7e508235c48136062
:1089f400e3e508235b481360dfe508235a48136066
:108a0400dbe5092359481360d7e509235848136067
:108a1400d3e5092357481360cfe50923564813606b
:108a2400cbe5092355481360c7e50a23544813606e
:108a3400c3e5092353481360bfe509235248136073
:108a4400bbe5032351481360b7e503235048136083
:108a5400b3e503234f481360afe503234e48136087
:108a6400abe503234d481360a7e503234c4813608b
:108a7400a3e503234b4813609fe503234a4813608f
:108a84009be503234948136097e503234848136093
:108a940093e50923474813608fe50923464813608b
:108aa4008be509234548136087e50923444813608f
:108ab40083e50923434813607fe509234248136093
:108ac4007be509234148136077e509234048136097
:108ad40073e509233f4813606fe509233e4813609b
:108ae4006be509233d48136067e509233c4813609f
:108af40063e505233b4813605fe597287ff45cad8d
:108b040004233948136058e508233848136054e5b2
:108b140008233748136050e5b0f5237f7ff44cad4c
:108b240008233448136048e508233348136044e5b8
:108b3400fc000500c80105002400050054000500e0
:108b4400f40005005c0005000c010500ccfd0400e8
:108b54001c010500e4ff0400ecff0400f4ff040022
:108b6400fcff0400040005000c00050068fe04007e
:108b74005cfe040074fe040080fe040084fd040016
:108b840078fd040090fd04009cfd040070020500c3
:108b94007402050060020500680205005c0205001d
:108ba4007802050054020500580205006c02050015
:108bb40064020500e4fd040008fe04002cfe040029
:108bc400f0fd040014fe040038fe0400fcfd040063
:108bd40020fe040044fe0400b4fd0400c0fd0400b3
:108be40098fe040024010500c40105003c000500b2
:0c8bf40044000500340005002c000500c2
:020000040000fa
:020000040001f9
:108c00002de9f04f90f87190b9f1010f8bb004d0bd
:108c10006ff001000bb0bde8f08f866c04460d4686
:108c20009046002e6ed0326a12f008036ad142f0ec
:108c30000802326232697365b364f36633661360a7
:108c4000938111f0010240f0348190f8843003f0f8
:108c5000030380f88430f7693b7b23f0f0033b7318
:108c600015f0060300937ad0aa0740f1b880606c33
:108c700040f20243adf81830002800f03e8135f094
:108c8000a1fb3b7b3a7bc3f303130133143863f33b
:108c9000071294f87130a4f8680040ba012badf8bf
:108ca0001a0004bf069b7b61236d3a73002b00f012
:108cb0001f8102234ff000090093a90700f0918063
:108cc0004ff0000bda4618f0010f0dd0a64aa74965
:108cd00012684ff47a7000fb02f2a1fb02129209b3
:108ce000e264002284f8722034f02afe94f8842092
:108cf000216d42f0020284f88420e26c0244626238
:108d00008a4479e09a4b04221421782033f07cffc6
:108d10000646002800f0a181036aa26cc46043f0fb
:108d2000080303620123a0f87030a0f85830914b7b
:108d30008360002a00f09a81e90794f8712000f11d
:108d4000b88094f88430012a03f0030384f8843057
:108d500081d00022137b62f307131373ffdea16837
:108d60002269b4f866b0914200f05481b4f86020f2
:108d7000aab337f0f7f920b9b4f86820934528bfb3
:108d80009346a0682169b4f8602094f871e0cdf8aa
:108d900004b0884240f2aa81a0eb010a924528bfa4
:108da0009246da4500f2e0811ffa8afbbef1010f1c
:108db00000f0b8805144216194f88510c80700f193
:108dc00086812946baf1000f09d0a2eb0b0241f0cf
:108dd0000805a4f86020edb201f0010973e7002353
:108de000009318f0020976d194f88420920700f1dc
:108df0005881216dcb468a463a7bb4f85e003880b4
:108e000022f00f02b4f85c00009b7880606d3a732a
:108e100000223a617960b8607d7305f01002c4f8f1
:108e200050a0002b00f08e80002a00f09280bb68da
:108e3000bb6094f88600030740f18d8001397960aa
:108e40004ff01808b9f1000f05d094f8863043f0c0
:108e5000040384f886302ab194f8863043f0400346
:108e600084f88630d4e907239a426ed3d21ad4e923
:108e700005135b1a9b1a9bb2fb813846a4f862303b
:108e800032f06af83b7bc3f30312053262f3071337
:108e90003b7394f87130012b6ed0bbf1000f03d0ff
:108ea000a36b002b00f0c8804ff0ff300bb0bde883
:108eb000f08f94f8853043f0010384f8853094f8fe
:108ec0008430012a03f0030305f0fe0584f88430a2
:108ed0003ff4c1ae3de794f87320d4f850a00132be
:108ee0004ff0000984f873200af1ff31cb4683e785
:108ef000204623f0bffc2065dbe694f8873004f1c0
:108f00004002c3f3800304f13c0130f05bfd606478
:108f1000002800f0a28194f8873043f0040384f81d
:108f20008730ace600203369b064002900f083810b
:108f30006bf30f006bf31f40c6e9141006f14800f5
:108f4000186037e74ff014087ce79b1a013b9bb28f
:108f500092e713466ce70af1010340f0080023652d
:108f600084f886006ce700bfacd30020d34d6210bc
:108f700006002000e9ce0300e16b002970d094f8d0
:108f80008730606c13f0040300f0d980002800f0f3
:108f9000d6803269d4f840c09389f7693064c6e955
:108fa0000ec14344938100233b8290f870200beb69
:108fb000080912f001021ffa89f900f0fc80b4f8e8
:108fc00081305bbaadf81430002730464a4605ab15
:108fd00006218df8167018f0a1fa3760304636f089
:108fe00089ff002844d10a226ff01301304633f084
:108ff00021febbf1000f01d0a36bebb14ff0ff30ae
:1090000094f87130012b7ff405ae336a23f0080326
:109010003362ffe594f88520d3077ff5e0aeb4f81e
:109020006020002a3ff4dbaebbf1000f3ff4d7ae67
:1090300045f00105edb240e640f2dc53636334f0e5
:109040007ffc884b626b1b6802fb03f3864aa2fb22
:10905000032300eb9310a063d0e76ff00200d9e583
:10906000bbf1000fc8d14ff0ff30cee7a06463e63c
:10907000bbf1000f03d0a36b002b00f0ba806a078e
:1090800001d40020c6e5a56f002dfad0b4f87630e3
:109090001b07f6d5e36f616cb4f974000822a8478a
:1090a000efe718f0010f08d194f872202ab1013ac5
:1090b00084f87220e26c5208e26434f041fce26c05
:1090c000216d02444ff0000b62628a4694e692459d
:1090d00069d0019b9a4566d045f00101c9b2baf149
:1090e000000f00f0a680b4f860206ee6636802937b
:1090f00023680393a0eb030a029b581a824492450b
:1091000028bf9246da4546d81ffa8afb504528bf49
:10911000504683b24ff0000c63f30f0cbaeb000023
:1091200063f31f4c28d0bef1010f73d00298514455
:1091300088423ff640ae039bc01a091a3be6003b4b
:1091400018bf012304f1400204f13c0130f03afc65
:10915000606400283ff44daf94f88730e16b43f032
:10916000040384f8873014e794f8840040f080000a
:1091700084f88400da4619e6bef1010fd6d1d6f89c
:1091800010e0b064002958d006f14800c6e9141c6c
:10919000cef80000cae794f884c04cf0800c84f844
:1091a00084c0da46b2e7baf1000f3ff418aeb4f863
:1091b0006020294609e64ff4c063cde907c1adf848
:1091c00024300c2199fa99f307a8adf8263027f03e
:1091d000e9fcc24392b24146384627f0e3fcbbf1ba
:1091e000000f2dd13269138a23f0080313823882cd
:1091f000e5e640f2dc53636334f0a2fb194b626b8b
:109200001b6802fb03f3184aa2fb032300eb931332
:10921000a36334e7039b1bb380b24ff0000e60f3ef
:109220000f0e60f31f4eb366c6f86ce006f16000e7
:10923000a5e70d4641e51960bce5cef8001075e7dd
:10924000c3433069316d028a42f0080202829bb248
:109250005a46304627f0eefcc9e76ff00300cfe630
:0c92600003988ce7acd30020d34d6210c3
:020000040000fa
:020000040001f9
:10926c002de9f04fdff838a3826a002395b0cde9e1
:10927c000e33cde91033cde91233daf80030002b80
:10928c0000f0e78092f87410090740f1e28092f840
:10929c007860d0f8148003f1800202eb4612074686
:1092ac0011680131116098f80620d2074fea461573
:1092bc0040f1d4800024b4490522404634f08ffca0
:1092cc0020b998f805300f2b40f28481af4b38460b
:1092dc001b68099335f004fc81461eb9a0f1040902
:1092ec001ffa89f9daf80030414618682df0d2fbe4
:1092fc0098f800300390db0740f1108188b1039b94
:10930c001b8803f44073b3f5807f0ad0a04aa149af
:10931c0040f2b73300202cf027f99f4a1368002b3a
:10932c00fcd1daf800300122069203f180022a44c3
:10933c00d1680131d16093f8682212f0020f039ac0
:10934c0000f00681002a00f0db80039a128812f4e8
:10935c00a06f40f00181069a93f819800021c2f1a8
:10936c0002025ffa82fe4ff0010c0c460d46a84536
:10937c0040f2c980cde904c1cde9077e4ff0000b66
:10938c00e8b21f46002c00f0a480864214f8012b92
:10939c0000f0a980002a00f08880042a00f089805f
:1093ac00012a00f08a800135e8b28045ead8079f8f
:1093bc00bbf1000f00f0a7802bfa06f3da0742d4ba
:1093cc000224daf8008008f12805284634f018fd4c
:1093dc00d8f83030d8f87c209342064638bfc8f80d
:1093ec007c30002800f00481002c00f05581002313
:1093fc003b863d46099badf84c90cde9113b0df1f8
:10940c00380c069badf84e30bce80f00b646d7e9d9
:10941c000287aee80f009ce80300ab078ee8030060
:10942c00c6e9017840f0a9815c4b039aab602b69cb
:10943c006e6309f10e09ea601146a3f80c902846f8
:10944c0016f07eff06e00123b3403bea030b40f02d
:10945c0011810024204615b0bde8f08f93f86822e6
:10946c00186808f10609d407494600f184802df0ec
:10947c0041fb0446002800f00881444bdaf8001048
:10948c00a6741a6888682388024443f48063626077
:10949c009a0723807ff50faf0920d1f86432002b97
:1094ac003ff409af4946984705e7049a042a7ff42c
:1094bc0077af059b83427ff476af07f26a22505d4b
:1094cc0034f0a4ff08b1b0f86e0048450ed3012269
:1094dc0005e08642e9d1089a012a7ff464afaa40dc
:1094ec004bea020b5fe7002af6d1f4e7d7f86422c7
:1094fc0012b14946042090473a6c01323a6452e763
:10950c00002c7ff428af26226ff01601384633f07a
:10951c008bfb0124204615b0bde8f08f039adaf8d6
:10952c0000307ab3128812f4007f0cbf082104219a
:10953c0003f180022a440a4400210691116801318a
:10954c00116093f8682212f0020f039a7ff4faaebe
:10955c00002a7ff4faaefee612f4807122d1039a4f
:10956c00957c05f101084ff0020e5ffa88f84ff078
:10957c00010c0c46fbe62df08dfa044600287ff416
:10958c007caf97e60821d3e704010500a0d40020a6
:10959c004ce20400ac380000a4d400201df20400fe
:1095ac00a8d4002012f4007193f819804ff0020c2b
:1095bc0062d1039d06980cfb06541334002840f02e
:1095cc00e8805105e64640f1f680a97c4ff0040c8a
:1095dc000546cce6daf8003080332b4426221c6991
:1095ec0001346ff0160138461c6133f01dfb90e717
:1095fc00d8f8643213b1014607209847d8f8743074
:10960c0098f869120133c8f8743000293ff422af7e
:10961c00d8f804000491836818229847049900280c
:10962c0000f0bc80002604940597044637460e468d
:10963c0021462846013735f017fabe4204f11804ca
:10964c00f6d1d8f8583033442846c8f85830dde9fc
:10965c00044734f0d5fb064600287ff4c5ae934a88
:10966c00934940f20c532bf07fff924a1368002b66
:10967c00fcd1efe60024a4e6039a00210cfb06249f
:10968c0013344ff0010e0d4671e6daf80010cb6c76
:10969c0001200344cb6400e7daf800a0baf81430d8
:1096ac00002b42d0baf816300e3b994500f294804c
:1096bc000af11c08404634f0a3fbdaf82430daf83f
:1096cc006c209342054638bfcaf86c30002800f075
:1096dc008f800df12c08bb690b9342464ff00008ac
:1096ec00a969cdf800804b46384625f0bbfe814574
:1096fc0082460ad0704a6e49404640f22d732bf0d8
:10970c0033ff6c4a1368002bfcd17a696b691068c3
:10971c005168d2f808c0c3f808c018605960928923
:10972c009a812b69a3f80ca064e64946224638209e
:10973c00cde90b440d9426f0c1fe0df12c08014629
:10974c0000283dd001230386404635f08df9daf828
:10975c0054300133caf85430404634f051fb0546be
:10976c000028b8d1554a524940f2de432bf0fcfe9a
:10977c00504a1368002bfcd16be6514a4c494ff40c
:10978c00027300202bf0f0fe4a4a1368002bfcd128
:10979c004ae64ff0010ef4460d46e8e5d8f864327f
:1097ac001bb10320039198470399d8f838300b4428
:1097bc00c8f838304ee6069d4ff0010c2946d6e528
:1097cc00daf8643213b1012102209847daf8343008
:1097dc000133caf834303ce6daf8643213b1494646
:1097ec0005209847daf844300133caf8443030e6a3
:1097fc00daf8643213b1014606209847daf868307b
:10980c009af818200133caf86830002a3ff421aec8
:10981c00baf81630cdf8149004930025914605e063
:10982c000b86013535f020f9a94536d00499002274
:10983c00382026f043fe0146012340460029efd193
:10984c004a46aa42ddf8149029d0daf86432521b49
:10985c0023b11146022004929847049adaf8343066
:10986c001344caf83430daf854302b44caf8543064
:10987c00002d3ff4eead404634f0c2fa0546002808
:10988c007ff427af0d4a0a4940f2c9432bf06cfe16
:10989c00084a1368002bfcd1dbe5ddf81490daf8ec
:1098ac0054302b44caf85430e5e700bf4ceb0400ad
:1098bc00ac380000a4d4002034eb040034ee0400d7
:0498cc00a8e204000a
:020000040000fa
:020000040001f9
:1098d0002de9f04f90f8383213f003038fb040f0c9
:1098e000158190f8342202f006010429044600f0a4
:1098f000ff80d0f8d830002b00f0b382d3f8089066
:10990000b9f1000f40f00781d0f828310693002b01
:1099100000f0258106210a91069b0b910a99cdf84a
:109920001890a1eb030a0b9b03200790aaeb030af4
:10993000baf1000f00f093820a9bc3f307430d9323
:10994000079bc3f307430893c9f307430c9300bf76
:1099500094f83a3294f8361294f8242243f0010332
:10996000490784f83a3200f10581d4f82831002bf8
:1099700040f06081069b0b994b4403eb010b43f6cf
:10998000fc718b4528bf8b460bf10908092592b164
:1099900094f85d207ab194f84521022a08f146082e
:1099a00000f0f880b4f84011b4f83e210a4494f86d
:1099b00049110a4490444146204620f059fd07468b
:1099c000002840f0a480d4e92662d4f82811164477
:1099d00094f8362202f00402002940f0e480002ac4
:1099e00000f099817119089b0b70079b5abaa1f876
:1099f000012094f83622530705d494f8242212b19a
:109a000094f85d2032b9e06820b194f83821032a37
:109a100000f0b781ea1cb9f1000f40f01981aaf1fa
:109a2000030aabf1030b1546069b1bb1bbf1000ffc
:109a300040f0568194f82432bbb394f85d30a3b360
:109a400094f8363213f0040f14bf0d210521a5eb55
:109a5000010bbbf1000f0991c0f2fc8100f09f8166
:109a600058462df067fe0546002800f0fc81099954
:109a70005a46314435f07ef90023cde9043303938f
:109a80004ff0010c1623cde9013c3146cdf800b072
:109a900042462b46204605f00bf80646284631f094
:109aa00067f9002ec0f2d9813546d4f89c3094f87d
:109ab00038222b445606c4f89c3040f1a880baf1f5
:109ac000000f7ff445af94f8342294f83a32002125
:109ad00023f0010312f0600f84f83a32c4f8281121
:109ae00015d10523384684f83e320fb0bde8f08f1b
:109af000d0f82891b9f1000f2ad018460321079316
:109b00000a914b460b91069081461ae00027384691
:109b10000fb0bde8f08fd4f8ec3009f1060109f17f
:109b200003000a9107901bb39b68069319441844dd
:109b30000a910790d4f82831002b00f08681062185
:109b40000b910a99a1eb030a0b9baaeb030aefe620
:109b50004ff0030acde90699cde90aaaece64ff0e9
:109b6000060a0323cdf828a00793cdf82ca0e3e63e
:109b70000693dfe7002a67d094f85d30002b00f0f1
:109b80000a8194f845210525022a4ff0000ba846ca
:109b90007ff408af94f84411b4f8422109293ff446
:109ba00009af083206e782b97eb11622327094f806
:109bb0003821727094f83921b27094f83622530724
:109bc00003d49bfa9bf2a6f80320b9f1000f3ff4ef
:109bd0002bafd4f828214a45bff426afd4f8d810cb
:109be00009681144a9eb02025a4528bf5a46701968
:109bf000099235f0bff8099ad4f828111144154498
:109c0000aaeb020aabeb020bc4f828110ce72046c2
:109c100027f0aefe0746baf1000f02d000283ff44d
:109c200097ae6ff4a3739f427ff44daf38460fb0e9
:109c3000bde8f08fbaf5804fd34628bf4ff4804b74
:109c40000bf105080525a2e605259346a846b2e6d0
:109c5000b1180c9b0b7099fa99f2a1f8012094f8b5
:109c60003622500700f1b78094f82422002a40f0f1
:109c7000a880e06828b194f838c1bcf1030f19d06e
:109c80004abbd4f8d810e26809686ab194f8380180
:109c9000032809d194f839c1bcf1020f00f2b08059
:109ca000069b002b40f0c480abf1060baaf1060a1c
:109cb00006358ee794f839c1bcf1020fe0d90322d2
:109cc000d8301af0ddf994f836225207d9d494f836
:109cd0002422002ad5d094f85d20002ad1d0e3e7d1
:109ce000d4f8ec20d4f82801116809eb0302121a09
:109cf000934528bf9346a0eb090001445a467019ca
:109d000035f038f8d4f828315b445d44aaeb0b0aef
:109d1000c4f828318ee686b11622327094f83821c4
:109d2000727094f83921b27094f83622520704d434
:109d30000bf1040252baa6f803200d9bb3710a9be3
:109d40000b2272715abaa6f8072094f8242222b185
:109d500094f85d20002a7ff445aee06800283ff4c7
:109d600041ae94f83821032a7ff43cae94f83921af
:109d7000022a7ff637ae0422711dd8301af080f91e
:109d800030e694f839c1bcf1020f7ff643aed8300b
:109d90001af076f93ee605259b46a8460be6162006
:109da0000125cde901053146cde904bbcdf80cb064
:109db000cdf800b05b464246204604f079fe0646e8
:109dc0006fe694f85d0000287ff46eafe06800282d
:109dd0007ff451af54e7e2681046002a3ff464afc5
:109de00094f838c1bcf1030f7ff45eaf94f839c129
:109df000bcf1020f3ff663afd4f8d81009684be707
:109e000002f1d8004a461af03bf9069b002b3ff4ba
:109e10004bafe268002a3ff447af94f838110329aa
:109e20007ff442afd4f8ec1094f839c1096802e02d
:109e3000d4f8ec100968bcf1020f7ff635af02f1df
:109e4000d800069a1af01cf92ee70623ddf828a0a0
:109e50000b936de56ff0830759e6374657e6574693
:109e600033e6024f53e66ff07c0750e6b8feffff83
:020000040000fa
:020000040001f9
:109e70002de9f04f8db00c46039109680493054617
:109e8000904600297ad04b1c013954f823304901ff
:109e90001bb1b3fa83f3c91a203115296edd2429c9
:109ea00068dc0326d8f808b01bf0010f00f0108220
:109eb0000123b3404ff40a7703fb07742046019354
:109ec0002df038fc8146002800f08b82b740a4f5c5
:109ed00008740744044400f108034ff0000a43e902
:109ee00002aa18464ff40872002135f087fa00f5ef
:109ef0000a73a342f3d107f108034ff4087200215b
:109f00001846c7e900aa079335f078fa4146384663
:109f10001ff0e8f90446a8bbd8f80030286883424f
:109f200015dc3cdb5a1e3ad4023308eb830184462d
:109f300005eb830302e032d3501c30d051f8040dfe
:109f400053f8044da04202f1ff32f4d9604609f5fe
:109f50000a73ab4202932dd06b68c9f82802c9f886
:109f60002c3205f108014ff4087209f50c7034f039
:109f700001ff1fe08c290cdc042693e7012691e702
:109f8000ddf81490484630f0f3fe20460db0bde8f1
:109f9000f08fb1f5e17fccbf0626052682e709f5f3
:109fa0000a7328461a46414602932bf0bbfb04462f
:109fb0000028e7d1029b4246394618462df0a6fa02
:109fc00004460028ded1731e4ff40a75029a9d40a4
:109fd0004d4495420ed01268d9f82c120593c5e96c
:109fe000002105f108004ff4087209f50c7134f0f6
:109ff000c1fe059b0bf1020a4fea4a0a0af0080a61
:10a00000da440afb0bf2c2f1020202fb0afa0afb73
:10a010000bf2c2f1020202fb0afa0afb0bf2023a4d
:10a0200002fb0afa002b3cd006974ff0000b1f46ac
:10a030000896cdf8149001e05f452dd0d5f800903a
:10a040004fea4902872a2946284600f3a88014f0df
:10a05000d7fe2e6800210446a9eb0602b01c8e42f2
:10a060004fea820205eb800003dbb14501dd35f0ec
:10a07000c5f92346524641462846002c80d113f0ac
:10a08000c9fd0bf1010b04460028d5d0ddf8149072
:10a09000484630f06dfe78e73b46089e069fddf8a7
:10a0a000149001219940019b01318b4240dd0597bd
:10a0b00006960f462e46d9f828e233680299d6f85c
:10a0c00028b29e457446a8bf1c469e45acbf74444a
:10a0d000e41805f50a75872c2a46304600f3c1803e
:10a0e00019f044fc0446d6f8280200280cdbabeb40
:10a0f0000002834500f102004fea820205eb800076
:10a1000002dd002135f07af9002c7ff43baf2346c5
:10a1100052464146284613f07dfd0137044600288b
:10a120007ff430af019bbb42c4d13946dde90576ef
:10a1300001f01f014b1c0593039bcdf820901b6879
:10a140000025013b09930695ab46a946059b013bbb
:10a1500005930bd1099a531c00f0c280931c0399fc
:10a1600051f823b0531e0993202305934feadb7364
:10a170004fea4b0bc5b9002be8d009f10102b11a27
:10a180008b400699964241ea030106913cd0059b1b
:10a19000013b91464ff002050593e7d1dae7ddf880
:10a1a00014904ff0ff34ede6012de6d1002be4d101
:10a1b0003a680b93510087290a9200f38c80394644
:10a1c000384614f01dfe044638680028dde90a23ed
:10a1d00009db824207dd121a02309200194607ebb2
:10a1e000800035f00bf9002c38d123465246414609
:10a1f000384613f00ffd04460028a7d0ddf8209064
:10a20000484630f0b5fdc0e600250a960be0524600
:10a210004146384613f0fefc6b1c04460028edd185
:10a22000a94521dd1d463e687200872a3946384619
:10a2300051dc14f0e5fd3968721a002904464fea32
:10a24000820208db8e4201f1020107eb810002dd90
:10a25000002135f0d3f82346002cd8d0ddf820902b
:10a2600090e64ff0ff348de6089b069a3d680a9e03
:10a270004ff40a7101fb02312b460a689542a8bfd0
:10a2800013469542acbf5b199b18872b23dc3a46db
:10a29000384619f06bfb3b68002b044609db9d42f6
:10a2a00007ddea1a0233920007eb8300002135f044
:10a2b000a5f8002cd2d1234652464146384613f029
:10a2c000a9fc0690002840f08f80a14601253de7bb
:10a2d0004ff0ff3459e6ddf820904ff0ff3451e69f
:10a2e000022dcdf80c90ddf8209033d1039b002b8c
:10a2f00030dddde9056500bfd7f800b04fea4b035c
:10a30000872baedc3946384614f07afd3b68002bcb
:10a3100004460adb9b4508ddabeb030202339200e7
:10a3200007eb8300002135f069f8002c7ff42aae9a
:10a33000234652464146384613f06cfc044600283a
:10a340007ff420ae019b6d002b421ad1039b013696
:10a35000b342d1d1002352464146384613f05afc4d
:10a36000049b9f4204463ff40dae04987b68436013
:10a370003b68036007994ff40872083034f0fafc28
:10a3800000e6d7f800b0d9f8282293455b46a8bf6d
:10a3900013469345acbf5b449b18872b3ff761afd7
:10a3a00002993a46384619f0e1fa3b68002b044618
:10a3b0000adb9b4508ddabeb03020233920007eb9f
:10a3c0008300002135f01af8002c7ff4dbad234622
:10a3d00052464146384613f01dfc04460028b5d0cd
:10a3e000d0e56ff00104d0e5ddf82090484630f06c
:08a3f000bffc069cc9e500bf9b
:020000040000fa
:020000040001f9
:10a3f8002de9f04fadf52f7d4ff400722ea983465d
:10a40800b0f924001ef02cfa2eab03442eaa054600
:10a4180000240590029316921893b24ab2491494f4
:10a4280040f244730120cde9124435f0d5f81db946
:10a438000df52f7dbde8f08f059e0c2e354628bf03
:10a448000c252a462ea912a834f090fc2eab1d44e8
:10a458000b2e1795ecddbdf84e10bdf84c20bdf85d
:10a46800483049ba8eb251ba89b20691bdf8521035
:10a4780049baadf852108fb2bdf850105bba98b215
:10a4880049babdf84a300990adf850108db221464e
:10a4980060f30f0406985bba9bb260f30f0163f395
:10a4a8001f4466f31f4113f0030312941391bfd1a5
:10a4b800002abdd03c4607931f46cde90b46002332
:10a4c80003930d950497cdf820b000238df87430d0
:10a4d8009a4616ae0df17408d6e901473d1be843cc
:10a4e800804a814940f24473c00f35f075f8002d59
:10a4f8009ed0254615f8013b7560002b00f08b8037
:10a5080003f0c002c02a5cd01c46b8f1000f56d038
:10a518000df1b40babeb08094b4521dda3eb0904a6
:10a52800b9f1000f40f04981704a6f4940f6de03e7
:10a53800012035f051f875686a4a6b497f1bf8436a
:10a5480040f24473c00f35f047f8bc4294bf2d1950
:10a55800ed19bc4275603ff66baf4c44a244bbe7b3
:10a5680000230193e043a7eb0509604a5e4940f6e2
:10a57800cf03c00f35f030f86fea0900594a5a493d
:10a5880040f24473c00f35f027f84c45224628bfe7
:10a598004a46002a40f0168115444c4575603ff63e
:10a5a80047afa044d84504d22e2308f8013b0af14e
:10a5b800010a019b002bd1d0a1461c46b4e7c14635
:10a5c800b2e77d1be8431f02464a474940f24473fd
:10a5d800c00f07f47c5734f0ffff002d3ff428af7d
:10a5e8006578404a40492eab023474601993029b47
:10a5f8001b93012040f2447334f0eeff059a3d446a
:10a608002eabaa4294bf9b185b19aa421a93fff477
:10a618000faf19ae60e7b8f1000f0dd01dab98452c
:10a6280007d018f8013c2e2b04bf08f1ff380af1b7
:10a63800ff3a002388f80030baf1000f7ff7f8ae30
:10a64800089b1da918682cf027fa18b1838c099a61
:10a6580093424dd0049b1bb11b8819063ff5e8ae09
:10a66800079b179c002b51d1029b1e4a1e491d1b9c
:10a67800e84340f24473c00f34f0aeff042d94bf9a
:10a6880064190434032d17947ff6d2ae039b069aff
:10a6980001339a4203937ff418afdde9073b013396
:10a6a800042bdde90b460d9d049f079300f01681ee
:10a6b800022b00f01181032b1dbf0123069607937f
:10a6c8000694069b002b7ff4f8ae079b0133042bfe
:10a6d800079300f00381022b00f0fe800323cde9ed
:10a6e8000643eee7acf804008c32000040f80400a2
:10a6f80003881a063ff59cae049b002b60d0984255
:10a708007ff496ae079b179c002badd0029b8d4a19
:10a718008d491e1b0025ae42b4bf0020012040f227
:10a728004473cde90f55adf8445034f055ff002e71
:10a738003ff47eae0a2eb04628bf4ff00a082146e5
:10a7480042460fa834f012fb4444092e17947ff6b2
:10a758006fae109abdf83e30bdf84410049f92facf
:10a7680082fabdf83c20cdf840a058baadf83e00ba
:10a7780050baadf83c000298a0eb04084ebaa845c0
:10a78800adf84460b8bf0020b6b2a8bf012017b129
:10a79800b3f5807f1dd06b4a6b4940f2447334f0a7
:10a7a8001bffb04594bf4444a419b0451794bff4a7
:10a7b8006daf0df52f7dbde8f08f01944c46d1e6c5
:10a7c80004904de7294640460a9234f0cffa0a9a97
:10a7d800e2e6b2f5807f48d0b2f5e05fdbd1b1f5b3
:10a7e800805fd8d1049a92f82a309b07d3d5089b6a
:10a7f80092f827205b8c9a42cdd20023cde91933f9
:10a80800cde91b334f4a504940f2447334f0e4fe1b
:10a81800b8f1000f3ff40cae4546102d28bf1025a7
:10a828002a46214619a834f0a1fa2544b8f10f0f99
:10a8380017957ff6fdad049e96f82730756919ac1b
:10a8480005eb03150fcc28606960aa60eb60b3695b
:10a85800534500d813b9049bc3f818a0049a92f87a
:10a868002730013382f8273010e7b1f5806f92d195
:10a87800049b93f82620089b1b8c9a428bd2314a62
:10a888003149199540f2447334f0a6feb8f1000f2f
:10a898003ff4cead4546042d28bf04252a4621465f
:10a8a80019a834f063fa2544b8f1030f17957ff619
:10a8b800bfad04981999026990f8263042f8231020
:10a8c8008269524500d812b9049ac2f818a0049aad
:10a8d800013382f82630d9e60695f2e63a46002f8b
:10a8e8003ff4a6adfb8c002b3ff4a2ad398897f856
:10a8f800263097f82700003b21f4807141f0800151
:10a9080018bf0123398087f82a3018b143f00203b1
:10a9180087f82a30936913b94ff496639361bbf8ab
:10a928002600dbf81c300849013800b2c2e90233be
:10a93800abf82600c043054a40f24b13c00f34f071
:10a948004bfe75e5acf804008c3200001cee0400e8
:020000040000fa
:020000040001f9
:10a95800c02824d0d0281ad0cc2816d0132814d038
:10a968003d2900f27f812b2940f226822c39bc48f0
:10a97800c9b201238b40034240f0258213f4025fe1
:10a9880040f0788213f0010303d1002070470129b9
:10a99800fbd1a2f10400b0fa80f0400970470339f6
:10a9a800ac29f2d801a353f821f000bf0bae010087
:10a9b8000bae01000bae0100d7ad010093a9010059
:10a9c800d7ad0100d7ad0100d7ad010093a90100b3
:10a9d80093a9010017ae010017ae010017ae0100e0
:10a9e80093a9010093a90100cfad0100cfad0100eb
:10a9f800cfad010093a9010093a9010093a901001b
:10aa080093a9010093a9010093a9010093a901004a
:10aa180093a9010093a9010093a9010093a901003a
:10aa280093a9010093a9010093a90100d7ad0100e2
:10aa3800d7ad01006bae01006bae0100cfad0100d8
:10aa4800cfad010007ae010007ae0100e3ad010084
:10aa5800e3ad010051ae010051ae010031ae01007d
:10aa680031ae010041ae010041ae010093a90100e1
:10aa780093a9010093a9010093a901009ba90100d2
:10aa880093a9010093a901009ba9010093a90100c2
:10aa980093a9010093a9010093a9010093a90100ba
:10aaa80093a9010093a9010093a9010093a90100aa
:10aab80093a9010093a9010093a9010093a901009a
:10aac80093a9010093a9010093a9010093a901008a
:10aad80093a9010093a9010093a9010093a901007a
:10aae80093a9010093a9010093a9010093a901006a
:10aaf80093a9010093a9010093a9010093a901005a
:10ab080093a9010093a9010093a9010093a9010049
:10ab180093a9010093a9010093a9010093a9010039
:10ab280093a9010093a9010093a9010093a9010029
:10ab380093a9010093a9010093a9010093a9010019
:10ab480093a9010093a9010093a9010093a9010009
:10ab580093a9010093a9010093a9010093a90100f9
:10ab680093a9010093a9010093a9010093a90100e9
:10ab780093a9010093a9010093a9010093a90100d9
:10ab880093a9010093a9010093a9010093a90100c9
:10ab980093a9010093a9010093a9010093a90100b9
:10aba80093a9010093a9010093a9010093a90100a9
:10abb80093a9010093a9010093a9010093a9010099
:10abc80093a9010093a9010093a9010093a9010089
:10abd80093a9010093a9010093a9010093a9010079
:10abe80093a9010093a9010093a9010093a9010069
:10abf80093a9010093a9010093a9010093a9010059
:10ac080093a9010093a9010093a9010093a9010048
:10ac180093a9010093a9010093a9010093a9010038
:10ac280077ae010077ae010093a9010093a9010056
:10ac3800f7ad0100f7ad010057ae010057ae0100b6
:10ac4800f7ad0100f7ad010093a9010093a9010038
:10ac5800e3ad010093a90100e3ad0100e3ad0100fc
:10ac6800088203006739cbb24e2b3ff68eae4e29d1
:10ac78003ff68bae01a353f821f000bf7dae010073
:10ac880093a9010093a9010093a901007dae0100d9
:10ac980093a9010093a9010093a9010093a90100b8
:10aca80093a9010093a9010093a9010093a90100a8
:10acb80093a9010093a9010093a9010093a9010098
:10acc80093a9010093a9010093a9010093a9010088
:10acd80093a9010093a9010093a9010093a9010078
:10ace80093a9010093a9010093a9010093a9010068
:10acf80093a9010093a9010093a9010093a9010058
:10ad080093a9010093a9010093a9010093a9010047
:10ad18009ba901009ba9010093a9010093a9010027
:10ad280093a9010093a9010093a9010093a9010027
:10ad380093a9010093a9010093a9010093a9010017
:10ad480093a9010093a9010093a9010093a9010007
:10ad580031ae010031ae010087ae010087ae0100bf
:10ad680093a9010093a9010093a9010093a90100e7
:10ad780093a9010093a9010093a9010093a90100d7
:10ad8800f7ad0100f7ad0100f3ad0100f3ad01002f
:10ad980093a9010093a901009ba901009ba90100a7
:10ada8009ba901009ba9010027ae010027ae010065
:10adb80027ae010027ae01000a2904d062d8013964
:10adc80001293ff6e2adb2fa82f040097047a2f1dc
:10add8000200b0fa80f04009704722f00400a0f1a8
:10ade8000200b0fa80f040097047012a1ad022f018
:10adf8000200a0f10400b0fa80f040097047052a6b
:10ae080010d0a2f10300b0fa80f040097047032a7d
:10ae180008d0a2f10500b0fa80f040097047012a75
:10ae28007ff4b7ad01207047002afbd0a2f10600dd
:10ae3800b0fa80f040097047032af3d0501f012868
:10ae48008cbf002001207047032aefd1eae722f0e7
:10ae58000203042be6d0a2f10100b0fa80f0400909
:10ae68007047901e01288cbf002001207047002adf
:10ae7800e4d1d7e7012a8cbf002001207047012abe
:10ae8800d4d8cfe716297ff480ad012ac1d8c9e705
:020000040000fa
:020000040001f9
:10ae98002de9f041b64c237890b0032b08d8dfe8b1
:10aea80003f00277240ab34a0521012311602370b5
:10aeb80010b0bde8f081b04ed6e90032134300f07f
:10aec800e080ae4aae4c136801331360f4f738fde6
:10aed8002378062b00f2d881dfe813f06a004201dc
:10aee8000401630030011001f300002033f090faf0
:10aef800a44ba5491a68dff8ec82054633f002f83e
:10af0800012033f085faa14ba1491a68064632f0b0
:10af1800f9ffa04900202af029fb32f0adfa2846b3
:10af280034f054fe0546304634f050fe9a4a9b4ba6
:10af38001570187034f092fe054630f053fd074640
:10af480040f2dc500e464ff47a72a5fb0001002354
:10af580031f008fd8a4bc01946eb010601221a7030
:10af6800c8e9000629f0cafd20f060ff8c498d4829
:10af780033f0befa8c4b8d4a8d49002818bf1a460b
:10af880000202af0f3fa0323237010b0bde8f08103
:10af9800784b1b68002b8bd10223237010b0bde8bf
:10afa800f0817e4b1b78002b40f02b810723237008
:10afb80017f0cafe13f0e8fff9f756f9d6e90032a0
:10afc80013433ff475af7b4c0a2511e06bb9009031
:10afd8000191bdf82a30dde908010df135022cf0a8
:10afe800ebf8bdf83010002945d1013d3ff460afc2
:10aff800d4f8042ad4f8003a9a423ff459afd4f866
:10b00800043a03eb830304ebc30cd4f8043a01338a
:10b0180003f03f03c4f8043abce80f000df1180e22
:10b02800aee80f00bce80f00aee80f009ce8030094
:10b03800d6e900238ee80300dde9060131f092fc31
:10b048009df83430022b26d0032bbfd100900191fc
:10b058009df833005849594abdf82a30002818bfce
:10b068000a4602925649089a00202af07ffabdf84b
:10b0780030100029b9d00b9b524818441ef078faba
:10b08800b3e734f0ebfd504ba3fb00239b090022f0
:10b09800c6e9003215e7009001919df83300464952
:10b0a800464abdf82a30002818bf0a460292474986
:10b0b800089a00202af05afabdf83010002994d0d6
:10b0c800d9e7002342488df8183006a92af064f819
:10b0d80000283ff46daf3f4a9df818101170072300
:10b0e800237065e73c493d4831f0eafe00287dd0f1
:10b0f8003b4a012103231170237059e703202df0e7
:10b1080041f800283ff452af34f0a8fd054630f06e
:10b1180069fc804640f2dc500f460023a5fb000185
:10b128004ff47a7231f01efc2e4d10eb080047ebfd
:10b138000107062328606f60237039e700232a4837
:10b148008df8183006a92af027f800283ff430af08
:10b158009df81830002b0cbf07230523237027e721
:10b168000d4b1b78002b6cd10323237020e700bf05
:10b17800e0d5002020d5002030d300201cd50020a9
:10b1880006d600202cd500202da1030028d50020ac
:10b1980089450400a056000005d6002004d60020ea
:10b1a80030d500202db20400345600003856000077
:10b1b800cc560000d8890020945600002c39000095
:10b1c800d058000000000020d34d6210b458000091
:10b1d800e2d5002002d6002014d5002094000a00f1
:10b1e80003d6002038d30020e4d5002030f0fafb45
:10b1f8005d4b1a685b68904261eb03010029b3da82
:10b20800d6e602202cf0beff00283ff4cfae34f083
:10b2180025fd054630f0e6fb804640f2dc500f463f
:10b228000023a5fb00014ff47a7231f09bfb4e4dd1
:10b2380010eb080047eb0107042328606f602370b8
:10b24800b6e634f0c9fa0028d0d1484830f044f8be
:10b258000028cbd034f002fd054630f0c3fb804611
:10b2680040f2dc500f460023a5fb00014ff47a7230
:10b2780031f078fb3c4d10eb080047eb0107022347
:10b2880028606f60237093e6394d2868431c1dd1f0
:10b29800384f387800b3384b187800285ed0374bd1
:10b2a800196848f25162c1f30f10904201f00f0380
:10b2b80058d0334a334d48f2506c604508bf2a468f
:10b2c8000091002030492af051f908e02df044fca3
:10b2d8004ff0ff332b60dbe72c492af047f92c4d60
:10b2e8002878f0b12b4b187868b32b4bb3f800e0f3
:10b2f8002a4b18882a4b810a41ea8e11b1f5f87f4a
:10b30800c0f3051c00f00f0821d0264acdf800c074
:10b31800cde903e0cde90181002023492af026f98f
:10b3280002e022492af022f93b780bb12b783bb98d
:10b338001f4900202af01af91e4900202af016f9a0
:10b348000023237034e61c492af010f9ece71b4a65
:10b35800bcf1110f08bf1346194ad7e719492af05b
:10b3680005f9bce7184aabe738d3002094000a0077
:10b37800b0d7002005d6002003d6002014d5002021
:10b38800645600005c56000050570000f456000058
:10b3980004d6002002d60020e4d50020e2d5002003
:10b3a8002c39000074560000e4570000885700004c
:10b3b800385800006c580000ac5700007c5600005c
:0cb3c80088560000185700005456000082
:020000040000fa
:020000040001f9
:10b3d4002de9f047924cd0f804900f46064690466b
:10b3e4000fccc2b00df1440cace80f000fccace8ac
:10b3f4000f0094e80300012f8ce8030022ddd8f845
:10b4040004a011ac00252168504633f040fd68b11a
:10b414000135052d04f10804f5d1336881495b68d1
:10b424005246484642b0bde8f047184742ab03ebea
:10b43400c50515f8c03c013b032beed8dfe803f04b
:10b444000a1c2938336878491b68484642b0bde86d
:10b45400f0471847032f00f08280336873491b6854
:10b4640048469847336872491b684846984733688a
:10b4740070491b684846e9e7022f00f0978033685b
:10b484006d491b684846984733686c491b684846b1
:10b49400dce7022f2bd13368d8f800205b686849b9
:10b4a4004846984733686749d8f800205b68b8e78e
:10b4b400042f00f09480336863491b68484698471a
:10b4c400336862491b6848469847336860491b687b
:10b4d4004846984733685f491b684846984733682d
:10b4e4005d491b68484642b0bde8f0471847d8f8a4
:10b4f400080029f0cbfc0446002800f03581d8f878
:10b50400040003786f2b39d143786e2b36d18178c0
:10b51400002933d1032f10d0d8f80c504f492846b6
:10b5240033f0b5fc002800f044814d49284633f03f
:10b53400aefcb0fa80f14909490020462ef0d4fd52
:10b54400484d494b3168d8f800204c68002863d036
:10b5540046494846a44642b0bde8f0476047d8f89b
:10b56400084004b34249204633f091fc002840f0df
:10b57400ee8042b0bde8f04728f05ab83d4933f0b8
:10b5840086fc80b9032f00f033813b49d8f80c00c6
:10b5940033f07dfcb0fa80f14909204624f0a0fc88
:10b5a400364d374bcee7336836494de741220df12e
:10b5b400c408cde91b820caa334b1d9207a803aa29
:10b5c4001e921f932ff0d2f80446002868d03368e7
:10b5d4002e491b684846984742b0bde8f0872c4c7a
:10b5e4002378002b40f0c380d8f808502b78412be7
:10b5f40040f0c0806a78002a40f0bc800123d8f86b
:10b604000c50244a2846137033f0befb402840f205
:10b61400d2803368204917e7134620492a4698e721
:10b62400b8bf0400d8230000201f0000b021000090
:10b63400d42100000c22000080220000942200008b
:10b64400481f0000801f0000dc1f000004200000d1
:10b6540034200000642000009c200000941f00009f
:10b664009c1f0000fc1e0000041f0000c01f0000ff
:10b674003c2200003c260000a41f00000c1f000018
:10b68400141f0000ac1f000005000100c4220000cc
:10b69400e1d50020bed7002054210000c81f0000bf
:10b6a40007986f4d34f08efa002814bf07462f46d2
:10b6b400089834f087fa3168002814bf03462b46f3
:10b6c4003a464d6867494846a847bdf82c20336878
:10b6d4000192bdf82a2000925d68099abdf82830cd
:10b6e40061494846a246a84751461ba819f0a2fc46
:10b6f40027460546f0b933685c495c68219b42469d
:10b704004846a047249b0137002b40f08d80bdf8ac
:10b714007e30002b71d1336855495b68002248465e
:10b7240098470af1010a51461ba819f083fc054603
:10b734000028e0d00128f4d00435f2d0002f7ff4a3
:10b744004baf33684b491b684846984744e720464b
:10b7540029f06cfe831d4dd001307ff43daf33687a
:10b7640045495b6822465ce6336844496ce63368c5
:10b77400434969e6612b03d16b78002b3ff43eaf5c
:10b784004049284633f083fb002861d03e492846cf
:10b7940033f07dfb00285bd03c49284633f077fb2f
:10b7a40028b13b49284633f072fb002852d1ff23cd
:10b7b40025e70121c1e6421c2946364833f0d8fa70
:10b7c400354a716811603168d8f808304d68314adb
:10b7d40032493046a8473249324b09681e60082274
:10b7e40022701e20c82242b0bde8f04730f0dcbe13
:10b7f4000146d2e633682c4926e6259b002b8ad0e5
:10b80400002426ad1e982c2200eb0410294627f0b4
:10b814004dff336825495b682a4648469847259b6f
:10b8240001349c42eed376e72c4626ad1d982c229b
:10b8340000eb840029462df067fd33681c495b68e2
:10b844002a4648469847249b01349c42eed35ee73f
:10b854001c23d4e6336817495b682a46e1e500bf38
:10b8640008100000dc220000082300004823000028
:10b8740074230000b8230000402200009c1c000038
:10b88400d82000000c210000142100001c2100001d
:10b894002021000004cf002000d4002080210000db
:10b8a4000cd4002010d4002068220000ac23000037
:08b8b4006823000024210000bc
:020000040000fa
:020000040001f9
:10b8bc002de9f04f856891b065b1d0f8048004464d
:10b8cc00b8f1000f06d0d8f828301bb1c6680eb1fd
:10b8dc0007692fb94ff0000a504611b0bde8f08f40
:10b8ec008646bee80f00dff804c3ace80f009ee804
:10b8fc0003008ce8030034f0aff9b14b7a1e1860ea
:10b90c00334603e0511c03f108032dd0198801299b
:10b91c0002f1ff32f6d15b6803930398002133f0f8
:10b92c0041fea84a04909060002800f03b81039be4
:10b93c00a44a1b781373049b80229b682946984762
:10b94c00a14b1860002844d004982a46414630f098
:10b95c0057fe60b934f07af968bb032434f076f9f9
:10b96c0080bb20f0ddfbb5e700230393d5e7954bb7
:10b97c001d809f80944b4ff00009d3f800b003e07a
:10b98c0009f101094d452bd059464046002215f0ce
:10b99c0011fb0bf1800b08f140080028f0d134f0ba
:10b9ac0055f9002840f0b58134f050f9002840f0ea
:10b9bc00b7810424d2e734f043f9049a834929f07f
:10b9cc00d3fdcae734f03cf98149224629f0ccfd7d
:10b9dc00c7e734f03bf9002840f0ea800224bde7c9
:10b9ec00794bd3f80090774b0021b3f802b0824624
:10b9fc004a468c46b046be46936d0cf1010c02f1e2
:10ba0c008006002b00f0ab80ac4501d23246f3e748
:10ba1c007746464611b16b4ba3f802b0c8464ff0bf
:10ba2c00000e00bfd8f818200ef1010e08f18008a6
:10ba3c00002a6dd1ae45f5d3624b664819880022b9
:10ba4c00cde90b22cde90d2202600f92b1b1cde907
:10ba5c000556904693460797d9f85830a9f868b020
:10ba6c004b4500f01581574b1b880bf1010b9b4587
:10ba7c0009f18009f0d3dde90556079f5648dff838
:10ba8c0070914ff41c72002133f0b2fc534a544baa
:10ba9c0000211160039a07ca83e8070009f1900896
:10baac00484609f10c0934f077f8c145f8d134f067
:10babc004ffa4c4b188034f04ffa424b4ff00009c0
:10bacc0083f81690404bd4f804b0d3f8008023468a
:10badc004446984609e000bf09f101094d4504f1bf
:10baec0080040bf1400b40f28580a36da342f3d18f
:10bafc00dbf8200031f040f800f0fd03012b1ed0e4
:10bb0c00039034f0a3f8002840f01b81082425e7ab
:10bb1c00ae4591d24346714601e08d4282d9986977
:10bb2c00824201f1010103f18003f6d1039234f05a
:10bb3c008df8039a002840f0fa8006240ee7214b7a
:10bb4c001a46d8751c61b4f8683093821046314699
:10bb5c003a460af0edfb0028bed10924fee6ac45be
:10bb6c0056f83c7c46f8282cbff452af334660465e
:10bb7c00059403e0854203f1800310d05c6cbc4259
:10bb8c0000f10100f6d19a6556f8241cd9650bf129
:10bb9c00010b1ffa8bfb46f8243c5146eae7059c47
:10bbac00324629e734f052f8002867d10124d5e653
:10bbbc0034f046f80c49ea0129f0d6fc0ee700bf38
:10bbcc0068d40020ecd1002080d40020083500007f
:10bbdc00783600007cd40020e8b300205cd4002030
:10bbec00d4d20020f4d50020c8340000d4d10020d9
:10bbfc003ccb00205a4bd8f804801c684ff000094d
:10bc0c00a36da3420fd0d8f8200030f0b5ff00f0a0
:10bc1c00fd03012b834622d034f018f8002840f0a5
:10bc2c0097800a249ae609f101094d4504f1800434
:10bc3c0008f14008e4d8049883699847b0f5006f80
:10bc4c000446bff449ae34f001f801287ff644ae47
:10bc5c0033f0f6ff4349224629f086fc3ce6424a83
:10bc6c00d075b4f8683014619382104631463a4668
:10bc7c000af05efb0028d6d10b246fe633f0e0ff10
:10bc8c00039b002b5bd01a78384929f06dfc8de7ab
:10bc9c0008f10103364a089399f87530a9f87680b3
:10bcac0052f8238010aa02eb83029b0052f8147cfa
:10bcbc000993304a00974346072109f179002cf08b
:10bccc0035fcd9f85c50002689f87f60c5b100bfff
:10bcdc00294b0097a3fb0623db0803eb8303a6eb9e
:10bcec004303019305f179004346244a07212cf0c4
:10bcfc001dfc002385f87f30ed6d0136002de7d15a
:10bd0c00099bddf8208040336b44013743f8147ce9
:10bd1c00a9e633f095ff1a494a4629f025fc43e67b
:10bd2c0033f08eff17492a4629f01efc41e6039298
:10bd3c0033f086ff039a144929f016fcfde6039aaa
:10bd4c00a2e733f07dff039a104929f00dfcdde6e4
:10bd5c0033f076ff0d495a4629f006fc61e700bf27
:10bd6c0080d400204c360000ecd100209834000028
:10bd7c0008f2040004360000cdcccccc0c3600000c
:10bd8c003c35000080350000c0350000183600003e
:020000040000fa
:020000040001f9
:04bd9c0001207047cb
:020000040000fa
:020000040001f9
:10bda0002de9f04f2ded028b99b0cde90e130b6804
:10bdb0000893d1e901a392ed007b0a930b69cd684a
:10bdc0001490159351ec170b002200238ded027b8c
:10bdd0002ff0ccff48b9089b580737d4089b13f0c5
:10bde0000803099334d0202306e0dde9022101f1a4
:10bdf0000043cde902232d232b700a9b013b0793bf
:10be000001230993dde9021323f00042a84b002629
:10be10009a4208bfb1421ed10f9b0998413b192b92
:10be200094bfa449a449284433f082ff284632f045
:10be3000adff089b009302460a9b1498294628f000
:10be4000d1f819b0bdec028bbde8f08f2b23d3e7fe
:10be50000a9b0793d6e78e42934108d20f9b09981d
:10be6000413b192b94bf954995492844dce7dde90e
:10be700002010022002330f0effa9fed8b7b044695
:10be80008ded047b002800f00a8134460f9833f0d2
:10be9000fefcbaf1000fc3b20b93c0f2dd81672b39
:10bea00040f04081baf1000f08bf4ff0010a211d98
:10beb000c0f23b81544580f23881002c4ff0660b74
:10bec0000fdabbf1660f0af1010a0ad1002c04da7d
:10bed0009fed757b8ded047b00240b9b672b00d0c1
:10bee000a2449ded047bdde902678ded0c7b4ff0f4
:10bef0000008dde90c23304639460ef0edfa41ec3e
:10bf0000100b1ff015fe07f10043109611939dede5
:10bf10000c1b9ded102b8ded160b32f077f953ecc9
:10bf2000102bdde90c01164603f100470022654b9a
:10bf30000ef0d2fa08f1010802460b46c245cde9df
:10bf40000c23d6d1604b002217f0d8fe32463b4678
:10bf5000804689462ff0eefe002840f0e980324608
:10bf60003b464046494630f077fa30b1dde91601ec
:10bf70002df02bfcc20740f1db80dde902014246d7
:10bf80004b460df033fd4f4bcde902010022dde9b8
:10bf9000040117f0b3fe02460b46cde90c23dde9a0
:10bfa00002232ff0d9f9002800f0c780bbf1660ffb
:10bfb00004f1010440f0c5800af1010aa0460027ff
:10bfc000099ea8eb0a0ab946d04540f0e380b9f1d2
:10bfd000000f00f02a81a8190022bbf1650f027042
:10bfe00028d1159b013b9442ea54bcbf6442012214
:10bff00002274ff00a0e591e002c40f01d81002f21
:10c0000000f31a81002a0cbf2b222d226a540f9aaa
:10c01000023b413a192a05eb030198bf4ff0450b4b
:10c020009e4281f800b001da33f082fe079b1f4484
:10c030003b1f0793089b03f00303022b7ff4f6ae2c
:10c04000079b002b7ff7f2ae284632f09ffe079b3e
:10c05000eb18099a824240f3fb800998079a302135
:10c06000284433f0cbf900230a93dfe6cde90467d7
:10c07000013442464b46dde9040117f03ffe064617
:10c080000f4602460b46dde902012ff06ffe002845
:10c09000ecd0dff8389000264ff0000836e0dff8eb
:10c0a00024904ff00008e4e7000000000000f03f9b
:10c0b0000000f07f73e2040077e204007be20400fa
:10c0c0007fe20400000024400000144000005043c0
:10c0d00014f5967f11da86b9dde9020142464b4636
:10c0e00017f00cfe4246cde902014b46dde90401a2
:10c0f00017f004fecde904010126dde904015a4be5
:10c1000000220ef0e9f9cde90401013cdde9042348
:10c11000dde902012ff02afe0028d9d1b6e64ff062
:10c12000060ac4e6ddf82cb0cbe64ff0650bd8e686
:10c130004ff000084ff000091fe79ded047b8dede7
:10c140000c7bbbf1650f14bfa0464ff0000836e72b
:10c15000b9f1000f0bd1b8f1000f08da04992e22c3
:10c160006a54079a013a013607924ff00109ea1919
:10c17000a9193244302001e001f8010b9142fbd1b2
:10c180000799ba193033cf1bab547b1e561c07934b
:10c19000002728e00e9b04961b69053bb3427ff6ff
:10c1a00016afdde90c23dde902010ef095f941ec53
:10c1b000100b1ff0bdfc51ec100bb0ee408af0eefe
:10c1c000608a2df002fb089a092802f0100203464b
:10c1d000a8bf09230243bbd10b9a672ab8d1b8f193
:10c1e000000fb5da0137029b1293039bb0ee481a99
:10c1f000f0ee681a03f1004313939ded122b9dedb1
:10c200000c0b32f003f853ec102b03f10043dde983
:10c210000c0103930022144b8ded020a0ef05cf921
:10c2200008f1ff38cde90c01cee6089bdb0642bfe2
:10c230002e23ab550136cee60b4694fbfefc0cebf1
:10c240008c01a4eb41013031e9546446013fd2e650
:10c250002a5c1a540138fce60b9b672b3ff45faf56
:0cc260009b464ff0060a2ce6000024402c
:020000040000fa
:020000040001f9
:10c26c00ad4b1b68002b40f04a812de9f04fab4dd4
:10c27c002c68b9b0002c5fd0a94f0de05a1c11b23c
:10c28c0023440329987496b2218265d0022900f3c5
:10c29c001981a468002c5bd0d4e90056eb683046b9
:10c2ac0098470028f5d02b6930469847b4f91030e0
:10c2bc008046002be2d11b2800f206811b285fd898
:10c2cc0001a353f820f000bf9fc201008dc30100f1
:10c2dc008dc301008dc301008dc301008dc301000e
:10c2ec008dc301008dc3010053c401008dc3010037
:10c2fc00f5c301008dc301008dc30100f5c301001e
:10c30c008dc301008dc301008dc301008dc30100dd
:10c31c008dc301008dc301008dc301008dc30100cd
:10c32c008dc301008dc301008dc301008dc30100bd
:10c33c008dc301009fc401007a497b4811f8012f7d
:10c34c0028f080fe002800f0a8812c68002c93d1e6
:10c35c00012039b0bde8f08f4ff00003734d6375c9
:10c36c0004f1120829680322404631f0bff8002876
:10c37c0000f094800c35bd42f4d10023238288e771
:10c38c00e16904f12009a1eb09034f2b00f3b980fb
:10c39c00a369b1eb030900f05e81c9f10100084407
:10c3ac004a46a1eb09012ef09dfce2690021501ccc
:10c3bc00e0615170a2695e494b46013204f1720092
:10c3cc0032f05ffa2146304601f8718f2b6898479e
:10c3dc00a36983f80080d4e9063201339342a36148
:10c3ec007ff657afe36154e7e3692a6804f120094b
:10c3fc004b4500f04b814f4930469047e3694ff075
:10c40c00000883f8008020224146c4e9069906a85a
:10c41c0032f0eeff63680293512249460ea833f0c6
:10c42c0087fc0ea8082206a928f07efa031e40f00d
:10c43c008d80236802981b683f4998472b683f49b9
:10c44c003046984725e7a16904f1200399427ff60d
:10c45c0020afe369994280f00181a3eb01084246c9
:10c46c00481e2ef03ffca269013aa261e26900214c
:10c47c00501ee06102f8011ca2693149434604f1e7
:10c48c007108404632f0fdf92b684146304698471a
:10c49c00ffe61b220123a2742382fae6e560ab6857
:10c4ac009e427ff4f6ae296804f1120032f0ebfce8
:10c4bc0000287ff462af6b6829462046984700231a
:10c4cc002382e6e6e568eae77f287ff459afd4e9f2
:10c4dc00060282427ff6ddae411cb2eb010803d0ae
:10c4ec0042462ef0fffbe269511ee161002102f889
:10c4fc00011c4346a269134904f17108c1e70120ec
:10c50c0070472b681049304698472b680b49c4e993
:10c51c00069930469847bce6d0d4002020d30020a2
:10c52c002c9b0400d4d40020bcf20400e49a040038
:10c53c00383c000038320000903b0000303c0000da
:10c54c00343c0000483c0000543c000040f3988010
:10c55c00d4e9332a524500f09d80daf80410c4f86f
:10c56c00d0100a605160512249460af10800039329
:10c57c0033f0defbd4f8cc20039b002a00f0a28021
:10c58c00d4f8d010caf80020caf80410c1f800a0e2
:10c59c00c2f804a0c4f8cca0dff87cb1ddf8188098
:10c5ac00cdf80c9000220bf1240ad946c4f8d42003
:10c5bc009b4600bfd9f80010404632f064fc0028be
:10c5cc0000f0858009f10c09d145f3d1ddf80c9010
:10c5dc00cdf81490cde903565b46dff840b199468f
:10c5ec00dbf80460002e44d0dbf81050a5b105999f
:10c5fc00512223a833f09cfbdbf814300093304617
:10c60c00512323aa2146a847002873d123a8082226
:10c61c0006a928f089f98146b9f1080f61dcdbe93c
:10c62c00006836b3ddf818a0002504e00135b542ea
:10c63c0008f10c081dd0d8f80010504632f023fc3d
:10c64c000028f3d1d8f8048006aa49462046dde933
:10c65c000356c047f2e684f87290b3e62b6827497c
:10c66c0030469847d4e90623013a013bc4e9062336
:10c67c000fe6234a0bf1180b9345b1d1dde90356b4
:10c68c00236802981b681f499847d7e61e49304615
:10c69c009047fee5c4e9338865e71c4e3378002be0
:10c6ac007ff453ae33f0d2fa012804d933f0c8fa30
:10c6bc00174928f059ff2c6801233370002c7ff4a4
:10c6cc00dbad45e6c4e933aacae900aa64e75b46d8
:10c6dc00082b08dcd9f8048006aa19462046c04766
:10c6ec00ace6dde90356236802985b680949082229
:10c6fc009847a3e6dde90356a0e600bf403c0000e6
:10c70c00a0c50020c83b000060390000fdd500200a
:10c71c006c3b0000f83b0000d4d8040080c400201f
:020000040000fa
:020000040001f9
:10c72c00308204a30201000282010100c681ca7c8e
:10c73c005f549e77870c23646a8e375385b7cde69a
:10c74c00698964f2ef18f938942f9a88bafa33f49d
:10c75c009f7702ea389df2fe0efa4edb31c6f922c3
:10c76c00b7f5f26600f7b0fdc9d3ec347cb6a69de4
:10c77c00f1f70254ebba3a07a025559e4d40633da4
:10c78c0070c17e31b0c6ee6309fdb28fdbb96414a3
:10c79c001d218ae0b105d868f7a9cc24570aab58fb
:10c7ac00ef6543fdefa9849fc1bda07845ee1b50fa
:10c7bc006b28a5444506c513f9a4c40ea68995eead
:10c7cc000d0822253b96d66f147437873a3c19997d
:10c7dc0039f7dc8662c1d1d82a9e414a19ab9fbd7c
:10c7ec0051d386392b532bbe247efb3303532da7f9
:10c7fc0015e274b07d55f59456f83ba7cae6ce9673
:10c80c007945dbabf132a152c79ae19818c8576948
:10c81c009388a3132437dd62fc3c3158f9dc3dcc02
:10c82c00492a40773b9e6056f2c27a1302030100fc
:10c83c0001028201001676ab965ad20aee15c9e9ae
:10c84c008611df84229f2d874f12beff3dd53c2bd6
:10c85c003fc6d7d83caed964e06d87473cd57eb295
:10c86c004d23c96efbb3c20381754b3a221196a0be
:10c87c00b5d2382431105d39b502a3b98f7deee005
:10c88c00baea2eda10844776b3863b59ef7f9a13b7
:10c89c0072010dc4e8d8ac3dc75f95e324682e9ea9
:10c8ac00d31f6bb1f3f97c4b45a62efc7c690ef2c1
:10c8bc00e3829b808ec8879c58145dfaa1146ddcb2
:10c8cc002f5602f4422620cd2b53fe9cc6d63b5647
:10c8dc0042c44dbb6f27156a0e90a7d10059b63dc7
:10c8ec00f026b76f90c679f8ce6ac82588cc97e346
:10c8fc003351efba8834bb0c6a02bbc16fd1575e9f
:10c90c00bada2178a875364bfe295931e8acb25702
:10c91c00517bf3260e1eda8cce4f35abb1b38e6540
:10c92c000e4d3aaf67710854b3be6a0730400bf432
:10c93c004060f70e8102818100f6e9da2186ad8e26
:10c94c00372f2a3482f35188fe52a21210ebedf8e5
:10c95c0038b460c722f28c3577739fd7bc92ef4600
:10c96c007edd1f58109660441ceede5f5772f0613e
:10c97c006db82bc4ee646b5c7c7819823bcd79105e
:10c98c00867d7f8f9344cb42b6c3fe421a371b87fa
:10c99c00dadcc476ee1a8d13072fd1987c2d6c2718
:10c9ac000a859f8ee8018d289eabdda6d02c5ddd1f
:10c9bc002fa5b2c0276acf00d302818100cdcfe76b
:10c9cc00f3c8b104f912ffa613824e22bc7b0fba36
:10c9dc00f3606353e1fff06567dda2795986166059
:10c9ec00e7fc0425201be848b4310fdfc850812c2c
:10c9fc00bb6601e382c2db312c9c9128a3ad1d12d6
:10ca0c00659de327a22d5678857a16821bccbde94d
:10ca1c0055e8823ca5da763e0d412f61b27cf1b12e
:10ca2c00e25d2bf3bb0c4a86e7cb5ef6cbfc6c814c
:10ca3c006b740eaa54f87c86111700d9c10281813f
:10ca4c00008626a24c2ad72af8929894b53d2be45e
:10ca5c0089812deb30e46e83b9934f2d82b0533b1b
:10ca6c004d6e35bf4a066f18571f1ec38327a0a0f3
:10ca7c0001344aff740ccfcbaf882bc7b05a40f6a9
:10ca8c009bedc8b63875b7bc21c617c35319427293
:10ca9c0039c89ce11f4b279b156f7312c6e508160e
:10caac00f985a293fd8bd44215f669ad84222ba691
:10cabc00912701a37b614f92382c07c55ce52c189c
:10cacc00df02818079be6537f8dc75d39c606b6eb4
:10cadc0018e37d7abed4e442b91ea86d0487c084e5
:10caec007b3f73c6f8215ebb7b813c30cd314f68f8
:10cafc007fa923380c1f0d45e12676dd4fc47747ff
:10cb0c002b6a567ed39561df8850e98dee81bb137d
:10cb1c0041cff4b0db20efd8e88bb9b2661311cb60
:10cb2c00a7668ec51551a766feb4541dae3c9ba6d8
:10cb3c009bcf95efbe66b4fbca102ec3caa5666c1c
:10cb4c00cf8daa410281803342a31b87b3c37b2eb6
:10cb5c002a500c59939e862b56bff53e605869e5ba
:10cb6c00309406fcc39242db0466f1af4e9b64a981
:10cb7c00fb22d969cf3b3d95963e1510dee433443c
:10cb8c002eaaf02d2f50a8fc5c7a03a7633e618b74
:10cb9c00533dbaa9f25a85cb3cb78907ee0a5d72b0
:10cbac00bee39fb81316cf5ab32697768ec573255e
:10cbbc00eacce290f55774066cd0cf140297225849
:07cbcc00863835bdfa9852ce
:020000040000fa
:020000040001f9
:04cbd4000020704786
:020000040000fa
:020000040001f9
:10cbd8002de9f04f95b0d2e900ab12930b6805939d
:10cbe8004b680a938b6807930b69cc680e900f9378
:10cbf80000220023504659462ff0b4f840b9059b4f
:10cc080058072dd4059b13f008052bd0202303e0eb
:10cc18000bf100439b462d232370079b0125013b05
:10cc2800b74a50462bf000410027914208bfb8424e
:10cc38001ad1129b413b192b94bfb249b2496019d2
:10cc480033f072f8b04832f09df8059b0093024625
:10cc5800079b0e98214627f0c1f915b0bde8f08f63
:10cc68002b23d9e7079bdbe757458a41129aa2f1a4
:10cc780041020b9208d2192a94bfa449a449601909
:10cc880033f052f8a248dee7302161550b996a1c4f
:10cc980019298cbf78215821023ba1540693002200
:10cca800002359462ff0d4fb02350646002800f031
:10ccb8007a819fed917b8ded027b3e460a9b002b8e
:10ccc800b8bf1823dde90289cde908ab0c9301331d
:10ccd8001393002742464b46dde908010df0f8fba7
:10cce80041ec100b1ef020ff424651ec100b4b4656
:10ccf8008ded100b16f0feff02460b46dde908012c
:10cd080033f0f0f9834bcde908010022404649464b
:10cd180016f0f0ff0a9b002b8046894607f10107b1
:10cd280006dadde90801002200232ff091fb20b983
:10cd3800139b9f42ced10c9f0137774b0022404670
:10cd4800494616f0d7ff8046894602460b46dde97c
:10cd580008012ff007f8002840f02a81dde90801d2
:10cd680042464b462ff074fb30b1dde910012cf040
:10cd780028fdc10740f11c8142464b4650465946a2
:10cd88000cf030fecde90801dde9081323f000427c
:10cd98005b4b4ff000089a4208bf41453ff449af4a
:10cda8000f9b053bab42109340f24e817b4212939e
:10cdb8002f46ab46c246c146dde90223dde908013c
:10cdc8000df086fb41ec100b1ef0aefe51ec100b83
:10cdd8008ded0c0b2cf0f5fc002840f0ee80b9f13d
:10cde800000f00f0ea8008f10108dde90223dde91f
:10cdf8000c0116f07fff02460b46dde9080133f00f
:10ce080071f9444bcde908010022dde9020116f071
:10ce180071ff129b09f1ff399945cde9020103d051
:10ce2800109b9f42bb46c7d3baf1000f1dd1b8f182
:10ce3800000f40f30a810a9b002b40f30681059bf3
:10ce4800da0700f10281e3192e221a7008eb0702b3
:10ce58002244302103f8011f9342fbd1069b47442b
:10ce68006fea08084344013706930f9b0022e01934
:10ce7800013b96420270b8bf7642e2544ff0010877
:10ce8800b8bf01224ff00a0e591e002e40f0cb8089
:10ce9800b8f1010f00f0c780002a0cbf2b222d2209
:10cea80062540b9a023b192a04eb03018cbf7022cf
:10ceb80050229f420a7001da32f036ff059b03f0d8
:10cec8000303022b15d1069b4344a3f10308b8f1d1
:10ced800000f0edd204631f055ff04eb0803a84291
:10cee80080f2ae8042463021601932f083fa002386
:10cef80007932046a7e600bf000000000000f03faf
:10cf08000000f07f73e2040077e204007be2040093
:10cf18007fe204000000b03f00002040cde9028914
:10cf28000136dde90223104619460cf05bfd804608
:10cf3800894602460b46504659462ef013ff0028f4
:10cf4800ecd0dff828914ff00008dde902235046c5
:10cf580059462ef007ff00283ff4b0ae424b00229e
:10cf6800dde9020116f0c6fe002200232ff070fa58
:10cf780078b1dde9020142464b4616f0bbfe424657
:10cf8800cde902014b465046594616f0b3fe82469b
:10cf98008b46dde90201344b002216f0abfe013e60
:10cfa800cde90201d1e79fed2e7b8ded027bb8e73d
:10cfb8004ff000084ff00009dee6baf1000f0bd180
:10cfc800b9f1000f08d02e2304f80b30069b013b63
:10cfd800013706934ff0010a04eb0803e2193b44ba
:10cfe800302101e002f8011b9a42fbd1069b07ebb6
:10cff800080ba3eb08080b9b0928d4bf3030573027
:10d00800192b06d840f02003613b192b01d832f0c8
:10d0180041fc08f1ff3304f80b000bf101070693fc
:10d028004ff00008e1e60b4696fbfefc0ceb8c018a
:10d03800a6eb41013031e154664608f1ff3823e799
:10d04800225c1a5401384ae72f46059bdb067ff518
:10d058000caf2e23e355013707e700bfaff300807d
:10d06800000000000000f03f0000e03f00005043d7
:020000040000fa
:020000040001f9
:10d078002de9f04f0f68adf6043dcde90423002fec
:10d0880000f02c820568af428b46804614db00f323
:10d0980082806b1e10d4aa1c00eb82010beb82026b
:10d0a80002e078d3581c07d051f8046d52f8040deb
:10d0b800864203f1ff33f4d94ff000094ff40872a8
:10d0c800494610a80df5d766cdf83c9032f092f994
:10d0d8004ff40872494630460e95cdf8b096cdf813
:10d0e800b49632f087f94ff4087249460df50e6090
:10d0f800cdf8d898cdf8dc9832f07cf9d8f804301f
:10d1080008934ff4087208f108019aa8989531f02d
:10d118002dfedbf8043009934ff408720bf1080177
:10d128000df59260cdf8887431f020fe0df591620e
:10d138007b1ccdf88c9452f82330cdf864927a1e7b
:10d14800019252016bb1b3fa83f3d31a2033b9ebce
:10d15800030202f01f0203f01f0358bf53421f2ba4
:10d168003bd0c3f11f0398aa194610461f460793e0
:10d178001ff0c4ff029058bb0df591623946104666
:10d188001ff0bcff029018bbddf88874ddf86092d0
:10d198007b1e019324e0059a6ab1904510460ad097
:10d1a800d8f8043008f10801c2e9005308304ff4f8
:10d1b800087231f0dbfd049b43b10021c3e9001183
:10d1c8004ff4087203f1080032f014f900230293b7
:10d1d80002980df6043dbde8f08fcdf81c90a946e5
:10d1e800a9eb070a51460df5916027f051f9029015
:10d1f80068b1ede70eab0df1380e53f82c30013362
:10d208004ef82c3027f0ccfb002840f03d810df57e
:10d21800916198a824f0d6fa98aa01300af1020c74
:10d228000df591611046e5d151460df5916028f054
:10d238005dfeb94540f35b81019a0697a9eb0203ad
:10d248000ea901eb8303019398a9989bcdf830b000
:10d25800cde90a5809f1ff3a904601eb89099a4548
:10d268006edd019a0af1ff3a043ad0450192a9f11c
:10d278000409f4d1dde90a58ddf830b00bb1d8f86b
:10d2880004309993049b2bb3002d00f02c81ab1c28
:10d298000eaa0d9c02eb8303002004e00120002d60
:10d2a80000f020812c4653f8041d2a46013d002930
:10d2b800f4d000b10e94049c204610a940f8082b25
:10d2c8004ff4087231f052fddde908329b1a18bf9d
:10d2d80001236360059b002b3ff478af98aa0023d5
:10d2e800079910461cf068f8dbf80030989ca342b8
:10d2f80008dae21a98a9023301eb830092000021b0
:10d3080032f078f8002c00f0f480a21c98a923468b
:10d3180001eb820202e0013b00f0e78052f8041db5
:10d328000029f8d0999c0293059b029a9aa9c3e90f
:10d33800002403f108004ff4087231f017fd45e7a7
:10d3480008f102030df59162d9f8041052f823b0e0
:10d358000391594500f09e80d9f800005a460023f1
:10d368002ff000fb451c013d4f46019b4ff0000983
:10d378004ff4087249461d603046cdf8b49632f035
:10d3880039f8c845c3bf0df59162069b52f82310c2
:10d398004946a1fb0512cdf8b8160021ebfb052183
:10d3a800cdf8bc260222cdf8b02600293fd00322b2
:10d3b800cdf8c016cdf8b02694460df5d6630cf11d
:10d3c800020103eb81016246002303e00123002ae6
:10d3d8004dd0144651f8040d013a0028f6d0002b20
:10d3e80050d0cdf8b0462246baf1010f44dd57f8c7
:10d3f800041ccdf8e0183968cdf8e4180321039b24
:10d40800cdf8e8388a42cdf8d8180edc11d10df2e3
:10d41800c4620df6ec0102e00bd3964209d052f833
:10d42800040d51f8043d9842f6d9013d9de7944614
:10d43800c3e70df5d66229460df59160b94620f08f
:10d44800e5fa08bbaaeb080303f1ff3b594610466f
:10d4580027f01ef8c0b998aa0df5d661104627f036
:10d468009ffa88b9999b012b16d0989bf9e6baf1d7
:10d47800010fcdf8b026badc4ff00001cdf8e01866
:10d48800bad1b8e76246afe7029002980df6043dbc
:10d49800bde8f08f002566e7ddf88c34cdf8b436aa
:10d4a8004ff40872ddf88834cdf8b0360df5926186
:10d4b800304631f05bfc59460df5d66026f0e8ffa2
:10d4c8000346c0b998aa0df5d661104625f0b4fefa
:10d4d800034680b9019b013d1d60c6e74ff0ff334d
:10d4e800029375e60e950022e5e61c461ce7989b1c
:0cd4f800c4e6029418e702936ae600bf45
:020000040000fa
:020000040001f9
:10d504002de9f04f91b0804616460391002940f072
:10d51400158100f16d03049300f14c07d8f878529b
:10d52400b54280f00082d8f87442002c00f0848167
:10d534006b1c9e42c0f08081615d0893062900f057
:10d5440067814ff0010a0893cdf800a0334607aa7b
:10d5540008a9204625f0f2fc0028c0f26d81dde91f
:10d5640007361e443a46711b60190b9529f0a6fc38
:10d57400002840f06181cde9006a09ab0baa302193
:10d5840020462cf07dfe0028c0f25681039b0b9fa1
:10d59400099a012b04d1e119c8f81423c8f810130f
:10d5a40002eb070ebe45cdf824e040f2bf804ff0f9
:10d5b4000009f246012500270aab0baa3121cde967
:10d5c400006520460d972cf05bfecde900650aaba3
:10d5d4000baa302120462cf053feb84240f32c8194
:10d5e400cde900650cab0baa062120462cf048fec1
:10d5f4000028c0f2a0800b9bd91cb14200f21c8110
:10d60400e05ce218552892f801c092f802b050d0bc
:10d614002a280c9953d0092803d1bcf1920f00f0a9
:10d624009380bb4601330b440b93012300930daa53
:10d6340033460ba9204625f081fc0028c0f2fc806b
:10d644000d9bc9f580708342d4bf4ff0000e4ff09c
:10d65400010e002f58d0bbf1120f00f09380bbf1e4
:10d66400190f00f08780bbf1050f40f0e58003f14e
:10d67400100282427cdcdff8d4c20b9910270d46dd
:10d68400bef1000f49d104eb010b0593049b6146e5
:10d6940003eb09003a4631f06bfb059b1a46049be9
:10d6a400b94403eb0900594631f062fb059b9944e8
:10d6b40033e0bcf1040f6dd00c99bb46b2e7bcf16a
:10d6c400860faed101330b440b93009533460daa5c
:10d6d4000ba9204625f032fc0028c0f2ad800d9b3a
:10d6e400c9f5807003f10e02904235db039adff82e
:10d6f40060c29842acbf4ff0000e4ff0010e012af9
:10d704002fd00b990e2701e00b99bc46da199042f1
:10d714000d4602dbbcf1000fb1d12b449a450b93ab
:10d724003ff648af1f46049b4b440493049b0020e0
:10d734001870c8f8787211b0bde8f08f00f26d135c
:10d74400049300f13807e9e60a4412f8017c012f3a
:10d7540075d0bb462f4665e7039a012abc46ae4600
:10d76400cfd10b99c8f81c336218c8f81823c9e73d
:10d774000b9dd2e71a1d8242fadcdff8d8c10b995f
:10d7840004277ce75a1d8242f2dcdff8ccc10b99f6
:10d79400052774e704339e420b914dd3675c0e93c7
:10d7a400009533460faa0ea9204625f0c7fb002892
:10d7b40042db0f9b0e9d0d93002b0b953cdbabf1d5
:10d7c400030bbbf10f0fa8d801a252f82bf000bf36
:10d7d4000bd9010049d8010061d801007bd80100b0
:10d7e40093d80100abd801001fd70100c3d80100b2
:10d7f400dbd801001fd701001fd701001fd701008c
:10d804001fd701001fd701001fd70100f3d8010063
:10d814000123019300960fab0eaa20460e952cf01f
:10d824002ffd002808dbdde90e531d446b1c9e42ce
:10d83400c8f87852bff485ae6ff08b007be74ff0e9
:10d84400120befe61a1dc9f580718a423ff765afe6
:10d85400dff808c104eb050b042716e703f10e02f9
:10d86400c9f580718a423ff758afdff8f4c004eb82
:10d87400050b0e2709e7da1cc9f580718a423ff7c8
:10d884004cafdff8e0c004eb050b0327fde6da1c20
:10d89400c9f580718a423ff740afdff8ccc004eb92
:10d8a400050b0327f1e61a1dc9f580718a423ff77b
:10d8b40034afdff8b8c004eb050b0427e5e6da1c47
:10d8c400c9f580718a423ff728afdff8a4c004eba2
:10d8d400050b0327d9e61a1dc9f580718a423ff763
:10d8e4001cafdff890c004eb050b0427cde65a1dee
:10d8f400c9f580718a423ff710afdff85cc004ebd2
:10d90400050b0527c1e603980128c9f5807203f1c8
:10d9140004010bd091423ff700afdff85cc004eb89
:10d92400050b0427b1e66ff0830004e704eb050b55
:10d93400914288f86c70c8f86830c8f864b03ff752
:10d94400ecaedff834c004279fe600bf843d00003e
:10d954006c3d0000983d00007c3d0000d43d00007b
:10d96400c43d0000a83d0000ac3d0000b03d0000f7
:0cd97400b83d0000bc3d0000a03d0000dc
:020000040000fa
:020000040001f9
:10d980002de9f04fd0f8f0305b0897b00646581eee
:10d990000628139200f229820a684f68d1f808b06d
:10d9a000c8683168dff848c4149312ba82ea010edd
:10d9b000726815963fba5740b2689bfa8bfb8beaa8
:10d9c000020bf26800ba504006f110095a000392a7
:10d9d000ca46c1b24fea1e631cf801501cf803305e
:10d9e00045ea0365039bc7f30742013b1cf802406d
:10d9f00003935ffa8ef23b0e1cf802201cf80330f2
:10da000042ea03624fea1b63c0f307481cf80310a5
:10da10001cf80880fbb2c7f307271cf803301cf87a
:10da2000076043ea01635ffa8bf7010e1cf8077089
:10da30001cf8011047ea0167cbf30741c0f3072048
:10da40001cf801101cf8000042ea014242ea0020e2
:10da5000c0f307200990cef30740cef3072e1cf841
:10da60000000cbf3072b47ea00471cf80e001cf818
:10da70000b100b9143ea084343ea0020c0f307214f
:10da800047ea062645ea04400891c6f3072684ead9
:10da9000106105960291c6b2d1b20a960e46c3f342
:10daa00007415ffa83fe06910b99cdf81ce0bb4657
:10dab000c7f3074effb2384684ea01070a99cdf84a
:10dac00004e081ea156e714687ea156e8eea410e12
:10dad00086ea1269099d1091cdf848e00f960699e3
:10dae000089e049081ea060e0799059ecdf834e061
:10daf00081ea136e0199cdf838e0cdf844b081ea9f
:10db0000060e80ea1b6b10990b98cdf830b041f3ec
:10db1000c01b4140129e0b9101460a980bf01b0b53
:10db2000414086ea0b0b029e4c4084ea46040b9e61
:10db300086ea470647f3c01707f01b0777400646fb
:10db40000298464086ea410640f3c01041f3c011f6
:10db500000f01b0001f01b01c2f3074844404e4097
:10db6000f8b288ea05050a90f0b20b9049f3c011ab
:10db700085ea126080ea490001f01b0141400294ed
:10db800009980f9c079e89ea0009604088ea1262a2
:10db900088ea0008cfb288ea420889ea450982eaa1
:10dba000040145f3c01542f3c01205f01b0502f055
:10dbb0001b0289ea050588ea020281ea400140f376
:10dbc000c01009970f920d9f069ceab200f01b004f
:10dbd0000e9d109241405ffa81f845f3c01287ea2a
:10dbe00013610898cdf8488081ea450102f01b02d4
:10dbf0004a4085ea00017040d5b247f3c01284ea7a
:10dc0000136381ea4701444002f01b0284ea4304a3
:10dc10004a4083ea060143f3c01303f01b03634049
:10dc2000069381ea4001119f019c049b40f3c010c0
:10dc300000f01b0084ea176448408eea17610c9fcd
:10dc400047f3c01681ea470106f01b0671403e46c5
:10dc5000059f7e405f40019b86ea4e0683ea0709e6
:10dc60004ef3c01e049b0ef01b0e89ea440986ea9f
:10dc70000e0684ea030e44f3c01404f01b0489ea80
:10dc8000040947f3c018daf80040069b8eea470ef5
:10dc90005ffa8bfb08f01b088eea08088bea040e7b
:10dca000029c099f8eea046e0a9c8eea044e0b9c2d
:10dcb0008eea042edaf804407c400f9f84ea076461
:10dcc000109f84ea0744129f84ea0727daf8084085
:10dcd000654085ea0365d2b2daf80c30c0b2c9b249
:10dce00085ea024b8bea002b81ea0300039bf6b224
:10dcf00080ea09605ffa88f880ea0640012b80ea32
:10dd000008200af1100a7ff464ae5ffa8bf1dde9b6
:10dd100014361cf801a04fea1e6106eb43151cf8ef
:10dd20000190390ec3b21cf801801cf803404fea81
:10dd30001b615ffa8ef31cf801100191010e1cf8b3
:10dd400003201cf801602968fbb24c4069681cf88c
:10dd500003304a40a9684b40019983ea0163e968ae
:10dd60008aea010ac7f3074184ea09641cf80150f2
:10dd700084ea0545cbf30744cbf3072b1cf804409a
:10dd800082ea086282ea04441cf80b2085ea022237
:10dd9000139d12ba2a60c0f30742c0f307201cf893
:10dda000022083ea02421cf8003084ea03231bbaf3
:10ddb0006b60cef30743c7f30727cef3072e1cf89b
:10ddc00003301cf80e001cf807108aea066a8aea7b
:10ddd000034382ea002283ea012312ba1bbaaa6033
:10dde000eb60002017b0bde8f08f6ff0e100f9e7bd
:04ddf000786803004c
:020000040000fa
:020000040001f9
:10ddf4002de9f04f04460d46b5b00020d4f8049048
:10de0400904631f01bfc012d40f3bd80d8f804701e
:10de140079490646384631f03af8002800f0ca80bd
:10de24007649384631f033f88246002800f02281e2
:10de34007349384631f02bf8002800f08881714985
:10de4400384631f024f88246002800f0bf806e493d
:10de5400384631f01cf8002840f09580022d00f07f
:10de640092806a49d8f8080031f011f80546002874
:10de740040f089803046d4f8048030f04dfe2368a9
:10de840063495b688146024640469847b9f1000ff2
:10de940054d1ade05f4a13f0010f0df1440a5e4b1b
:10dea4004ff0280108bf134650465c4a2af042fb53
:10deb4009df822305a4a13f0020fc0f12801594b41
:10dec400074608bf13465044574a2af033fb9df8cf
:10ded4002230564a384413f0040fc0f12801544b41
:10dee400504408bf1346534a2af024fb226852497f
:10def40057689df8222053464046b8479df8223083
:10df04005a0708d523689df823205b684b4940468f
:10df140098479df822302768db07d7f804a000f162
:10df24003581099a46494046d04723680a9a5b6876
:10df34004449404698470135a94559d007aa29467e
:10df4400304620f06ffd0028f5d123683e495b6818
:10df54002a464046984714220ca907a82cf066fcd0
:10df640023683a495b680caa404698479df82230da
:10df7400002b8fd10df1440a354b364a28215046e7
:10df84002af0d8fab2e7236833491b684846984711
:10df9400236832491b6848469847236830491b6800
:10dfa4004846984723682f491b68484635b0bde862
:10dfb400f04f1847304630f0a3fd23682a495b68c8
:10dfc4000246484635b0bde8f04f1847274f396838
:10dfd400002900f0cb8030462ff0eafb2368244967
:10dfe4005b6805462a46484698470db1c7f800a025
:10dff40035b0bde8f08f00bffc0c0000140d00002c
:10e00400340f00007c0f0000b80f0000bc0f0000ac
:10e01400c40f0000e80c0000e00c0000d403000072
:10e02400f00c00009c3c000010100000f40c0000f8
:10e03400089c00001810000024100000401000008c
:10e044007410000090100000d80f0000f00f0000c2
:10e054000810000004610000ac100000c4100000af
:10e06400e010000004110000040d0000d0d30020d3
:10e07400880f0000022d77d06049d8f8080030f0ee
:10e0840006ffb0fa80f25209304611a966682bf0f7
:10e09400d3f92368002862d05b68594901223046cd
:10e0a4009847179a23680192169a00925d68554919
:10e0b400dde911233046a8472368159a00925d686c
:10e0c4005149dde913233046a8471d9a236801927c
:10e0d4001c9a00925d68199a1b9b4c493046a847cc
:10e0e40023681e9a00925d684949dde91f32304673
:10e0f400a8472368219a00925d684649dde92223f6
:10e104003046a84711ad236843495b685246304600
:10e114009847d5e915212368cde9002130465f6889
:10e124003e49d5e91323b847d5e919212368cde938
:10e13400002130465f683a49d5e91723b8472035ae
:10e14400baf1000f7ff454af4ff0010adbe7354d0d
:10e154002a6882b1236834495b68484632e7334908
:10e164001b683046984743e702468de723683049e9
:10e174001b6848461ae72f4930462ff0e5fe23680e
:10e184002d495b6802462a6048461be72b4adff8a4
:10e19400b8b007ca0df1100c8ce807000df11c0a89
:10e1a40000231a467f68264903934046b8479af8e5
:10e1b4001020216834ab03eb82024f6852f8c02c64
:10e1c40059464046b8479af81120216834ab03eb0e
:10e1d40082024f6852f8c02c59464046b84722681c
:10e1e4001849126840469047039b0af1020a002b23
:10e1f4007ff49bae27680123d3e700bf1c0d00000a
:10e20400380d0000500d0000940d0000c00d0000fa
:10e214000c0e0000480e0000880e00009c0e00004a
:10e22400ec0e0000d0d300205c0f0000200d000095
:10e23400a40f00003d380300400f0000acbf0400f1
:0ce244005810000038320000701000007c
:020000040000fa
:020000040001f9
:10e250002de9f04f9142adf25c4d98464ff000032e
:10e2600006460abf05460d461646cde90033174659
:10e270008ca91a4602a822f0fdfd044620b12046d2
:10e280000df25c4dbde8f08f05f50a7902aa49460a
:10e29000404631f09fff044690b92946304623f0ae
:10e2a00021fb38b905f58a64204631f0ebfe0028e1
:10e2b00040f06281394630462ff06af8044650b18a
:10e2c00002a831f019f88ca831f016f820460df2aa
:10e2d0005c4dbde8f08f07f50a7a514606f50a70e5
:10e2e0002ff056f804460028ead106f58a6007f5b3
:10e2f0008a6631462ff04cf804460028e0d105f537
:10e300008a6b584631f0d2fc002800f05a8102a9ed
:10e3100030462df02ffc04460028d1d1ddf88024b2
:10e32000414602a831f0aafe04460028c8d128467a
:10e330008caa02a92bf0aefc04460028c0d1ddf85f
:10e34000802441468ca831f099fe04460028b7d1bc
:10e3500002aa114630462bf09dfc04460028afd19e
:10e36000ddf88024414602a831f088fe04460028ea
:10e37000a6d102aa484611462bf08cfc0446002880
:10e380009ed1ddf88024414602a831f077fe044694
:10e39000002895d15346424602a9504631f01eff4f
:10e3a000044600288cd102ab42461946184631f08b
:10e3b000cff90446002883d102ab424651461846a5
:10e3c00031f0c6f9044600287ff47aaf3b46424656
:10e3d0008ca9384631f002ff044600287ff470af64
:10e3e0008cab42461946184631f0b2f90446002873
:10e3f0007ff466af8cab42463946184631f0a8f937
:10e40000044600287ff45caf584631f04ffc0028ea
:10e4100000f023813246394630462bf03bfc04465f
:10e4200000287ff44dafddf880243046414631f0be
:10e4300025fe044600287ff443af02aa3946104661
:10e440002bf028fc044600287ff43aafddf8802446
:10e45000414602a831f012fe044600287ff430af96
:10e46000394638462df086fb044600287ff428af55
:10e47000ddf880244146384631f000fe044600288d
:10e480007ff41eaf8caa394610462bf003fc0446dd
:10e4900000287ff415afddf8802441468ca831f0c8
:10e4a000edfd044600287ff40baf02aa3946104662
:10e4b0002bf0f0fb044600287ff402afddf8802447
:10e4c000414602a831f0dafd044600287ff4f8ae98
:10e4d000394650462df04efb044600287ff4f0ae3e
:10e4e000ddf880244146384631f0c8fd0446002856
:10e4f0007ff4e6ae3b4642468ca9384631f06efecc
:10e50000044600287ff4dcae8cab42463946184600
:10e5100031f064fe044600287ff4d2ae8cab39465d
:10e520004246184631f05afe044600287ff4c8ae31
:10e530008caa514610462bf0adfb044600287ff410
:10e54000bfaeddf8802441468ca831f097fd04462b
:10e5500000287ff4b5ae5346424602a98ca831f09c
:10e560003dfe044600287ff4abae5246414650467d
:10e5700031f04afe0446a3e6214606f58a6023f000
:10e58000b1f900287ff496ae06f50a744946204694
:10e5900023f0a8f930b1204602a923f0a3f90028fe
:10e5a0007ff488ae02a830f0a7fe8ca830f0a4fe5d
:10e5b000ddf880344246394630460af037fb0446df
:10e5c0005de602a958462df0d5fa044600287ff4ee
:10e5d00077aeddf88024414602a831f04ffd0446b5
:10e5e00000287ff46dae3a46394602a82bf052fb64
:10e5f000044600287ff464aeddf8802441463846a6
:10e6000031f03cfd044600287ff45aae02aa1146c0
:10e6100058462bf03ffb044600287ff451aeddf84e
:10e620008024414602a831f029fd044600287ff4e9
:10e6300047ae5246514602a82bf02cfb0446002858
:10e640007ff43eaeddf880244146504631f016fda1
:10e65000044600287ff434ae59e659463246304627
:10e660002bf018fb044600287ff42aaeddf8802446
:10e670004146304631f002fd044600287ff420aeca
:04e68000c8e600bf29
:020000040000fa
:020000040001f9
:10e684002de9f04fadf5af5d81b09b4606ab00269a
:10e694001e60079607ab0df5b053054689460aa8d8
:10e6a4009246314628220c3308901c6830f0a4feb0
:10e6b4000aab0522da610df618329a619db3b9f1fd
:10e6c400000f30d0baf1000f2dd00df5b053083340
:10e6d4001b6843b33cb30df5b05308331b681e608d
:10e6e40063680133052b1ed82769e7b131460df560
:10e6f400d96628223046cdf8a0640df50f6830f0b5
:10e704007bfe01233846c6f81880f36108220df514
:10e7140094610cf013fd074668b138460df5af5d02
:10e7240001b0bde8f08f6ff0a90738460df5af5d75
:10e7340001b0bde8f08f284631f0b6fa50b130464a
:10e7440023f0aeff6ff0780738460df5af5d01b0ea
:10e75400bde8f08f484631f0a7fa0028efd1f16800
:10e76400284623f0bdf8013005d0304623f098ff49
:10e774004ff0ff37d1e7f168484623f0b1f8013094
:10e78400f3d1304623f08cff2368032b14d040468a
:10e794002ff066ff002876d120693b2208a90cf0ef
:10e7a400cdfc074690b1404630f0a4fd08980028ff
:10e7b400b3d023f075ffb0e700231a46194620466c
:10e7c4000bf050fb07460028e1d0a6e70d980aabf2
:10e7d4002ff062ffb0ebcb0f25d2514600f1070ab0
:10e7e4004feada0a05905246404631f003fd0746e7
:10e7f4000028d8d1059bb3ebca0f06d203f0070358
:10e80400c3f10801404631f0f7fc0023cde90033a1
:10e814000df5946233469ea914a822f029fb58b141
:10e824006ff07c07bfe75a465146404631f0e2fca0
:10e8340007460028e9d0b6e706a828f00ffb0746ec
:10e8440020b3069c06ab6cb1204630f053fd04f5b2
:10e854000a7030f04ffd04f58a6030f04bfd20461d
:10e864002cf084fa404630f045fd14a830f042fd07
:10e874009ea830f03ffd0df5946030f03bfd30462e
:10e8840030f038fd92e76ff07c0746e707a828f0e0
:10e89400e5fa074658b30df5bc63a3f2c453069dcd
:10e8a4001c6806a9002d00f0e880284630f022fdff
:10e8b40005f50a7030f01efd05f58a6030f01afd8a
:10e8c40028462cf053fa002cccd0204630f012fd10
:10e8d40004f50a7030f00efd04f58a6030f00afd8c
:10e8e40020462cf043fa404630f004fdbde70df518
:10e8f400bc63a3f5b96348469eaa0d99d3f800906a
:10e9040031f06efc0df1280b07460028c3d107ab8c
:10e91400dbf80c20d3f800a09ea90df594634046c3
:10e9240031f058fc07460028b5d1dbf80c203346fb
:10e934009ea9284631f04efc07460028abd1dbf8ef
:10e94400100049462ef022fd07460028a3d1dbf82b
:10e95400140009f50a712ef019fd074600289ad112
:10e96400012109f58a602ff043f80746002892d167
:10e97400514604f118002ef009fd074600288ad1fb
:10e984000af50a7104f510702ef000fd0746002800
:10e9940081d10af58a6104f58d602ef0f7fc0746f3
:10e9a40000287ff478af09ab18600df594600593e7
:10e9b40031f07af90197002863d163690293dbf897
:10e9c40004300093dbf808304a4649460df594605c
:10e9d40016f088f9074600287ff45daf019063695b
:10e9e4000293dbf804300093dbf8083052465146ba
:10e9f400304616f077f9074600287ff44cafdbf871
:10ea0400040009a92cf0f2f8074600287ff443af6c
:10ea1400059b02901b680193dbf804300093dbf83c
:10ea2400083050464a46494612f072ff0746002f06
:10ea34007ff431af09aa3b4612680b99484614f09b
:10ea440049f80aac074600287ff425afe168484638
:10ea540014aa31f0c3fb074600287ff41caf2946f3
:10ea640014a822f03dff00287ff415af0df5b05235
:10ea740008320123126813600de7002c7ff425afe0
:10ea8400f0e6636902930b9b009351464a46304675
:10ea94000c9b16f027f90aac074600287ff4fbae5e
:0ceaa400606809a92cf0a2f80746c0e742
:020000040000fa
:020000040001f9
:10eab0002de9f04f93b0ddf87080ddf87c900028f0
:10eac00047d00e4692461f460546b9f1000f3dd08d
:10ead00000293ed1002b3cd12822002108a830f08b
:10eae0008dfc052395f84941069408eb0302cde916
:10eaf000093395f84531012114448b42079485f878
:10eb0000461240d0022b27d0b9f1000f34d1a245d4
:10eb100052d3ddf830b0bbf1000f56d0bbf1100f6f
:10eb200000f222810ea90d91a8695a4611f0cafc83
:10eb30000446002840f0c980ddf828a0079cddf8d5
:10eb400030b0ddf824901ffa8af342e009b1002bbf
:10eb5000c2d16ff0ac0412e095f84431b5f84241ef
:10eb6000092b14bf0823002314441c4418bf0c9322
:10eb70000794b9f1000fcad0002385f84632204629
:10eb800013b0bde8f08fb5f84031002b00f0ab803a
:10eb900095f83622d2070bd4221fb2fbf3f103fb08
:10eba000112202b19a1a01341444cde90742abe7ad
:10ebb000102b0c931c44efd96ff0830400232046e4
:10ebc00085f8463213b0bde8f08f4ff005094b468b
:10ebd000ca46e41a1d9ba4b2adf82c40dbb26eb15c
:10ebe000337095f83831737095f83931b37095f802
:10ebf00036325b0702d464baa6f80340bbf1000fbb
:10ec000040f097803946424606eb090030f0b2f8f2
:10ec100008eb09030993022385f846321d9b162b46
:10ec200069d095f84531012b00f08e800322022b2c
:10ec300085f8462223d0219b0c9a039309991d9baa
:10ec400001934ff0ff300027009002975244ac6cc4
:10ec50004346324431442846a047044668b10d98e3
:10ec600085f8467200288ad00eab984287d02cf0e7
:10ec70007ff8204613b0bde8f08fddf828a095f8a6
:10ec80005c20bdf82c400423012a85f8463200f0b0
:10ec90008e80022a75d0eab995f85d30a3b195f857
:10eca0004471fb1f012b40f2e780012316eb0a0a97
:10ecb00085f85c3000f00581062f00f0d58040f229
:10ecc000c880002385f85c30814c0d98002385f8be
:10ecd0004632c7e7002385f85c3000230d98079c77
:10ece00085f84632bee76ff0bf04204685f846320d
:10ecf00013b0bde8f08f1e9b002b92d0e86800286f
:10ed000000f0e28095f83831032b8ad195f839313b
:10ed1000022b86d908eb0a020bf10501053a3144b2
:10ed2000d83015f0adf904460028ced1ddf828a082
:10ed300077e75a46102a06eb09000d9928bf1022e2
:10ed400030f018f8d9445de7dde90801069b194465
:10ed50003144c4b20b4600bf03f8014b5a1a90422b
:10ed6000fad295f8453161e7584628f0e3fc0146b0
:10ed70000d9000287ff4d8ae85f846926ff07c04a1
:10ed8000fde695f84431073b012ba3d8ab6d002b72
:10ed9000a0d0002403f10c00002119700133984227
:10eda000fbd1002385f85c30002c8ed195e716eb63
:10edb0000a0a95f8447100f08180062f54d0062f7e
:10edc00047d9fb1f012b3ff67caf6b6d414e0021f5
:10edd00019605960996019733f4b6a6d2846072f77
:10ede00008bf1e461ff07afd6b6d3af8052c1af825
:10edf000031c99721a81b5f84221696da4f10800cb
:10ee0000821a52baa1f80b20b5f842310393e41ae2
:10ee100054440c2202940192aa6d0092c31a686da8
:10ee200004900d200af1080205901146286db047a4
:10ee3000ab6d5a689b68caf804300446caf80020d3
:10ee400095f84431073b012babd8ab6d002ba1d11a
:10ee5000a7e7042f7ff435af2346e86c52465146ae
:10ee60001ff0ecf90446ebe72346286d5246514665
:10ee70001bf096fe0446e3e76b6d63b1ab6dabb17f
:10ee8000012316eb0a0a85f85c3098d1ab6dc3b14b
:10ee90006ff0ac047ee70d2028f04cfcab6d68658c
:10eea00023b10028ecd16ff07c040ee70c2028f091
:10eeb00041fc6b6da865002bf3d1f4e7073f012ff0
:10eec000e4d9002385f85c306ff0ac04fde600bfa8
:0ceed000c6feffffc5da030055cb0300af
:020000040000fa
:020000040001f9
:10eedc002de9f04f00f58056012396f8c72186f8ee
:10eeec00c6318bb032b90020002386f8c6310bb086
:10eefc00bde8f08f96f8b03103f0ff07002bf2d18c
:10ef0c0096f81b31844696f819018b46c31a96f86d
:10ef1c001811dbb28b42e6d2d6f81431013901401c
:10ef2c0041f27a0000fb013909f5805540f63c01ad
:10ef3c00a5f8787096f8c33103eb03139b00994244
:10ef4c0028bf19468e46c3b1cde908bc0695c84604
:10ef5c0007920d4696f8113196f8121196f8102179
:10ef6c00013b5b1adbb293421bd3069dddf820b04c
:10ef7c00a5f87870002f40f0be8096f8c431bbf134
:10ef8c00000f00f09b810027002b40f0b78096f813
:10ef9c00c321002a1f460cbf4ff040084ff08008d9
:10efac00aee0013a0a404ff402500021d6f80c4171
:10efbc00a8f8011088f80310a8f8000096f8c231e0
:10efcc0002ebc20204eb82045a1c86f8c22198f8a8
:10efdc0000209b0103f04003134388f80030b6f87f
:10efec00ba31002b40f0b88098f8013043f0100390
:10effc0088f8013094f823302bb198f8032042eaba
:10f00c00831388f80330079ab6f8ba310592218c2d
:10f01c00a1eb030a1ffa8afabaf1400f28bf4ff08e
:10f02c00400acaf14002994292b244d003954ff083
:10f03c00000b55460492ba4696f8c0c1b6f8be11fc
:10f04c0004ebcc0ca5eb0b00bcf80c20dcf8083066
:10f05c00521a92b280b2824228bf02460bf10400cf
:10f06c00194418fa80f017462ff07efe96f8c0016e
:10f07c00b6f8be11013004ebc00c3944bcf804c026
:10f08c0089b207eb0b028c45a6f8be111ffa82fb66
:10f09c000bd1c0b2002286f8c001a6f8be2194f8ac
:10f0ac002210814208bf86f8c0215d45c4d857465e
:10f0bc00049aaa46039d002a40f0f480b6f8ba31af
:10f0cc00228c53449bb29a42a6f8ba3146d04046a1
:10f0dc002ef006fe443798f8033000f00100bfb262
:10f0ec000343bd4288f8033008f144083ff632afc1
:10f0fc00069da5f8787096f8c43103b34fea8318cf
:10f10c00002416e00021802309f80730043020f891
:10f11c00031c00f8011c402230f06af9b5f8787035
:10f12c0040344437a4b2bfb24445a5f8787080f09f
:10f13c00c18040f63b039f4209eb0700e2d996f8e9
:10f14c0019315a1c86f8192196f8b021002a00f0c2
:10f15c00ba8086f81931c6e6059158e798f802206e
:10f16c000af1ff3303f03f03134343f0400388f8e5
:10f17c000230d4f804b00023a6f8ba31bbf1000f6a
:10f18c0007d0d6f8a0012368228ca16800900998ba
:10f19c00d84796f81231059a0133dbb286f8123152
:10f1ac00002a94d196f8112196f81011013ad21a2e
:10f1bc00d2b28a428bd20139d6f80c210b4003eb28
:10f1cc00c30302eb830bbbf82020b2f5806f3ff634
:10f1dc007eaf0af103039bb223f00301c1f140009f
:10f1ec001ffa80fa89b2baf1000f3ff470af5245a2
:10f1fc007ff66daf98f8012042ea930343f01003b9
:10f20c0088f801309bf823202ab198f8033043eaa0
:10f21c00821388f8033004313a468bb2cde903955a
:10f22c00574600241d46924696f8c001b6f8be110a
:10f23c000bebc00082898068521a0144381b92b2d1
:10f24c0080b2824228bf02466019404491462ff09a
:10f25c008bfd96f8c001b6f8be11b6f8bae10130d4
:10f26c000bebc00c4944bcf804c089b24c4409eb0c
:10f27c000e028c45a4b2a6f8be11a6f8ba210bd189
:10f28c00c0b2002286f8c001a6f8be219bf822105d
:10f29c00814208bf86f8c021a742c5d8dde9039595
:10f2ac00574614e70af1040018fa80f0002130f0f8
:10f2bc009ff803e7002f3ff416ae40e7002b3ff416
:10f2cc0012ae5f461ae7d6f8a031012286f8b021bb
:10f2dc00009396f8c1013b4609f63c02494629f0d9
:10f2ec0051ff00287ff400ae96f8193186f8b00172
:08f2fc00013bdbb22de700bf6e
:020000040000fa
:020000040001f9
:10f304002de9f04fadf50b7d969d0091002800f09e
:10f31400ea81994690f8363290f849711646959ae2
:10f3240013f0040380465ffa82fa08ac52d000233b
:10f33400c4e900339799a360237322461ff0ccfae3
:10f3440098f83831637298f83931a372d8f8782272
:10f35400d8f8241084f808a099fa99f32ba8a4f8f3
:10f364000b302df0ffff824678bb294640462ef035
:10f3740075fb98f84631013bdbb2032b98bf9949e2
:10f38400024698bf51f8231098f8493188bf4ff0ce
:10f39400ff312ba811f0acfa824698b915b1949bb1
:10f3a400002b1eda21460d222ba81ef0d9fa824624
:10f3b40040b94a4631462ba81ef0d2fa82460028ac
:10f3c40000f009812ba825f079fe50460df50b7d40
:10f3d400bde8f08fc4e90033a360237322462946b5
:10f3e400ace79df8cc01994400f0fd03042b07eb36
:10f3f400090105d02ba86ff0ac0a25f05ffee4e705
:10f40400735cadf818a009f10d05eb1a01934033b4
:10f414004fea537c51466cf30701c3f3475c6cf32a
:10f424000f21c3f34f3cc3f357126cf3174162f33c
:10f434001f61db0004288df81aa0cdf81b108df88d
:10f444001f3000f0c1800628d4d140224aa92ba83d
:10f4540014f014fe8246baf1000fb3d109f1160379
:10f4640003f03f0309f14c090a3b4fea991909ebf0
:10f47400d37b3a4651466aa8abf106092ff0bcff8c
:10f48400b9f1000f40f325819df8cc31042b00f035
:10f494002381062baed10d2221462ba814f0eefdbc
:10f4a4008246baf1000f8dd19df8cc314fea89180c
:10f4b400042ba8f10d0200f01981062b9ad13146d4
:10f4c4002ba814f0dbfd8246baf1000f7ff47aaf6b
:10f4d40000983a4600212ff08fffcb4540f3ca80b5
:10f4e40001990bf1ff33a3eb911301f03f02059354
:10f4f400c6f10d030493c2f1770303f03f03013314
:10f504000b44a9eb9313013bcde90137a8f10d0896
:10f51400a9eb911a013ab04403920af1ff3b00bff0
:10f524006ff0010301990398a3eb0b0c4feadc7c09
:10f534004feadb72013a5b1a0cf1ff3c4cea020c15
:10f54400db0fca0f013a013b1343dbb25ffa8cfcb9
:10f55400de4363ea0c035ffa83f9049bf6b203eb20
:10f5640008070df12f0e002216e014f807a08af008
:10f57400800a49424cea010103ea0a0309ea01014b
:10f5840083f08003372a03ea010307f101072bdc28
:10f594000ef8013f013201386ff00101091ac30f5f
:10f5a400c90f013b4cea030301f1ff3a43ea0a03a2
:10f5b4000c2fdbb2d9d9bd428abf18f802a04ff094
:10f5c400800a8af0800ad4e740224aa92ba812f0c4
:10f5d40097fb82463fe700992ba812f041fa824636
:10f5e400f0e600bf80f7040002f11801694401321b
:10f5f40011f8381c594031404b40402a0ef8013f65
:10f6040000f1ff30c8d19df8cc31042b56d0062b25
:10f614007ff4f0ae0caf39462ba814f02ffd002870
:10f624006ad19df8cc31042b4ed0062b7ff4e2ae88
:10f6340039462ba829f0cef800285dd1029b73b17e
:10f64400029b39460df2a712f81800bf11f8017b8e
:10f6540012f8013f37403b4388421370f6d1019bb7
:10f6640001330193059b0bf1010b5b4508f1400845
:10f674007ff456af9df8cc4120462ff0ddfa0646c4
:10f6840020462df099f856ea000307463ff5b2ae3e
:10f694000cad2146284630f001fb824600287ff459
:10f6a40091ae3b465aaa214628462af0a9fa824638
:10f6b40020b32146284629f0a3ff83e60caf394640
:10f6c4002ba812f01dfbaae739462ba829f026fc2b
:10f6d400b2e7d146d046fbe60d2221462ba812f014
:10f6e4000ffb8246dde66ff0ac0a6ee631462ba8ce
:10f6f40012f006fb8246e7e6824663e633466aaad0
:10f70400214628462af07cfa82460028d1d1009a64
:0cf71400214628462bf0caf98246cae7bd
:020000040000fa
:020000040001f9
:10f720002de9f04f93b01c9d1d9cddf87ca0069147
:10f73000002800f0c480934698460746002b40f00e
:10f74000ba80002d00f0bb801e9b002b00f0b7801c
:10f75000e31f062b00f2b380baf1100f00f2af8066
:10f76000ab4b23fa0af3da0740f1a980d7f834311a
:10f77000023312d0219b0593209b06990095cde979
:10f7800003a31e9b5a46cde90143384643461ef06b
:10f79000fffc6ff4877398427dd1294622460025ed
:10f7a000e4b20df13900cde90a55cde90c552ff041
:10f7b000e1fac4f10f035ffa83f9c4f10e04e3b276
:10f7c000c9f110020eae09938df83830b3182946ee
:10f7d0004a46184607932ff011fe0122b8f10f0f89
:10f7e0008df847207fd9069ccdf8208045460aaa8f
:10f7f00031463846fef7c4f8002863d11bf0030fea
:10f800004cd1dde90a13dbf800200c984a400a923b
:10f81000dbf8042053400b93dbf808300d9a584076
:10f82000dbf80c300c9053400d930bf1100b0df1e5
:10f830002808b8e80f000df1480caceb090e206069
:10f840006160a260e36001e0e64507d01cf8013d7d
:10f850000133dbb28cf80030002bf5d0103d0f2dba
:10f8600004f11004c3d8ddf820800aaa31463846d6
:10f87000fef786f8002800f09d800aab00211a46aa
:10f880000133b3421170fad100211a4601331170cd
:10f8900012aa9342f9d113b0bde8f08f5a460aa9d3
:10f8a0000bf1100b086852f8043b4340934541f8b4
:10f8b000043bf7d1bbe712b100297ff442af6ff0f0
:10f8c000ac00e8e70aab00211a460133b3421170dd
:10f8d000fad100211a460133117012aa9342f9d1cc
:10f8e00013b0bde8f08fb8f1000f40f019814a461f
:10f8f000002107982ff082fd0aaa31463846fef70c
:10f900003ff8002847d1219b1a1e18bf012209eb9e
:10f910008212aaf102014910013a02ebc102044627
:10f920008df8382012a8ff2111b1032c5bd90021da
:10f930000b460134a14500f8013df5d10aaa314634
:10f940003846fef71df8002853d1219b002b40f0cc
:10f950009680b8f1000f40f0b980099b07988df8a8
:10f960003830224600212ff049fd324631463846d4
:10f97000fef706f800284dd00aab00211a460133e5
:10f98000b3421170fad100211a460133117012aa44
:10f990009342f9d17fe70aab00211a460133b34203
:10f9a0001170fad100211a460133117012aa934244
:10f9b000f9d170e74bea05018b070aaa584676d1c0
:10f9c0005fea950c09d00beb8c0c136850f8041b04
:10f9d0004b40844542f8043bf7d12a4620460aa909
:10f9e0002ff0c8f983e701eac40328fa03f30b40b8
:10f9f0009fe70aab00211a460133b3421170fad1d6
:10fa000000211a460133117012aa9342f9d142e73c
:10fa1000505501001af0030f0aac33466ed12af09c
:10fa20000305254421460a6853f8047b7a4041f8cf
:10fa3000042ba942f7d11e9b591e1f460b4614f8f2
:10fa4000012b11f8015f0233db1b6a409a4540ea43
:10fa50000200f3dc20b1b8f1000f5bd16ff0b4000d
:10fa60000aab00211a460133b3421170fad10021ca
:10fa70001a460133117012aa9342f9d10be7dde95e
:10fa800020120aab384614f067fa00283ff461af41
:10fa90000aab00211a460133b3421170fad100219a
:10faa0001a460133117012aa9342f9d1f3e6002de0
:10fab00093d0681e58440bf1ff3b13781bf8011fcd
:10fac0004b40834502f8013bf7d186e706990aab24
:10fad0004246384618f032fb00283ff43eaf0aabee
:10fae000002219460133b3420a70fad100221946a6
:10faf00001330a7012a98b42f9d1cce60aad014656
:10fb00002a7813f8017b01317a408a4505f8012be8
:10fb1000f6d890e70698424600212ff06ffc9de74b
:08fb2000069c4546a1e600bf6a
:020000040000fa
:020000040001f9
:10fb28002de9f047ecb000230446174603910493ef
:10fb38009846039b1b78002b72d00023cde9053330
:10fb480007930aab089303a98023204609932cf056
:10fb580021ff0546039b1a780ab1252a50d1049a39
:10fb68002a4404921a78252a40f0d2815a1c00258a
:10fb7800039207955a782a2a04bf023303930398fd
:10fb880008bf01252af012f90146079020462ff0f8
:10fb980029f9039b1a78303a092a57d903a82cf077
:10fba800a9f8039b814618782ff06dfe252800f0f0
:10fbb800ef805b381d2800f2a8811d2800f2a5817e
:10fbc800dfe810f00701a301a301a301a301a3012a
:10fbd800a700a301ba004700a700a700a700a30138
:10fbe8005600a301a301a301a30197007800860092
:10fbf800a301a301d400a3016800a301a3017f000e
:10fc0800e36be26c93420fd25a1ce2631e78039bab
:10fc18001b78b3420ed0e36c13b1e36b013be36393
:10fc280040466cb0bde8f087204628f0d7fa421c61
:10fc38000646ecd1049b01330493039b03a90133cb
:10fc4800204603932cf0a6fe054483e70133039373
:10fc58009fe704ab05aa2aa9204630f0effa00284e
:10fc680015db039b013303934db10020804460e70b
:10fc780004ab05aa2aa9204630f0e0faefe73b4694
:10fc8800012249462aa822f095fe0028eeda013022
:10fc9800c6d140e104ab05aa2aa9204630f0cefa25
:10fca8000028f4db039b01330393002dddd13b4691
:10fcb8002a46e6e704ab05aa2aa9204630f0befa90
:10fcc800eee704ab05aa2aa9204619f06ffee7e77c
:10fcd80004ab05aa2aa9204619f068fe0028d6db3d
:10fce800039b01330393002dbfd13b462a46f021e5
:10fcf800c8e7039b01330393049bda17cde92a3243
:10fd0800002db2d13b462a4649462aa822f052fe87
:10fd1800abe704ab05aa2aa9204630f08ffa0028e1
:10fd2800b5db039b01330393002d9ed13a46494628
:10fd38002aa82af05ff8a8e7b9f1800f40f0e5801b
:10fd4800079b0bb901230793039b013303935db909
:10fd58003b681a1d3a601b680093002204ab05a992
:10fd6800204630f06dfa90e70023f5e7b9f1800fef
:10fd780040f0cb80039b013303933db93b681a1dc8
:10fd88003a601b680093012204abe8e70023f9e717
:10fd9800b9f1800f40f0b980039be26c0133039303
:10fda800e36b934208d25a1ce2631b78252b0cd1d3
:10fdb800049b0133049358e7204628f00ffa2528be
:10fdc800f6d0e36c002b3ff450afe36b013be363e9
:10fdd8004be7b9f1800f40f09880002d3ed13b6889
:10fde8001a1d3a60d3f800a0039b5a1c03925a7854
:10fdf8005e2a0cbf012500250df1a80908bf0233b2
:10fe080040f201122946484608bf03932ff0f2fa40
:10fe1800002389f80030039b1a782d2a21d1013359
:10fe2800039385f0010389f82e3085f00105039ac4
:10fe380013785d2b1ed1baf1000f5ad1e36be26c37
:10fe480093425dd25a1ce2631e7809eb06035d7883
:10fe5800002d3dd0049b01330493efe74ff0000ad7
:10fe6800c2e75d2ae1d10133039385f0010389f8e4
:10fe78005e30dae7002bded02d2b06d0039b13f87b
:10fe8800012b03934a445570d1e7049b1b78002b40
:10fe9800f4d05d2bf2d0531c0393029b1b7851784e
:10fea8008b42ebda013309f80350f8e70af80560ea
:10feb800049b013304930135e36be26c93421ad23d
:10fec8005a1ce2631e7809eb06035b78002bedd120
:10fed800e36c13b1e36b013be363039b01330393cf
:10fee8009db1baf1000f10d000230af805300120a7
:10fef800bce60025e0e7204628f070f90646e2e770
:10ff0800204628f06bf906469fe7039b01330393cd
:10ff1800731c7ff4aaaeb8f1000f08bf4ff0ff388a
:04ff28007ee600bfb2
:020000040000fa
:020000040001f9
:10ff2c002de9f04f0b884468b0f924b091f8297092
:10ff3c00cd6923f0800387b08a4606460b80002cdf
:10ff4c0000f0a88021460123524620f0ddfd002858
:10ff5c0000f075819af82930bb4200f0bd80337ee9
:10ff6c00002d00f0c080012b00f0c2800124584607
:10ff7c0024f0c0ff002800f09e8100221146584654
:10ff8c0028f028fb58462bf059f80546002800f0bd
:10ff9c009281ccb1347e012c40f09e81daf81c3079
:10ffac0000220433214658460df0e0ff002800f0f3
:10ffbc008281daf81c209af829301032214602eba3
:10ffcc008302584629f00efa352158462cf084f855
:10ffdc002ef0fafe80b243baadf808300123adf82a
:10ffec000a304ff480720023cde9032302abaaf848
:10fffc00240007cb28606960aa60daf820600195bc
:020000040002f8
:10000c0005f10c0705f10d09b04600bf16f8013bd0
:10001c00a3f12c04e4b2002b40f01481a6eb0806eb
:10002c00013eff2e8cbf00200120b14ab149019d39
:10003c0040f658032ff0cefa3e70f6b241463246e7
:10004c0048462ef091fe09eb060700243c809af8f6
:10005c002830bb704ff48073a7f8033005377f1b33
:10006c00a742b4bf0020012040f2eb53a24aa149a1
:10007c00bfb22ff0affa22463946584628f0aafafa
:10008c0058460af053ff874240f01581012007b013
:10009c00bde8f08fd0f80880cde90244cde90444e6
:1000ac00b8f1000f00f0f98041462bf0f5fa58b387
:1000bc0002a9a446234603e00133042b00f0ef8091
:1000cc0051f8042b90451fd0002af5d1bcf1000f3c
:1000dc0004bf1c468446efe7daf81c30ab427ff4d1
:1000ec003eaf002443e7012b7ff440afdaf81c50fd
:1000fc00043755f827300293002b3ff437af02a991
:10010c00284622f097fd31e7daf81c90b9f1000f80
:10011c001bd0494630462bf0bffab0b14ff0000c63
:10012c0002a96446634602e00133042b0ad051f85d
:10013c00042b4a4509d0002af6d1002c04bf9c465a
:10014c000446f1e7002c40f0c1802ff02bfd044653
:10015c00e8b1014630462bf09ffac0b14ff0000ecb
:10016c0002a9f446734602e00133042b0bd051f87c
:10017c00042b94420bd0002af6d1bcf1000f04bf23
:10018c009e468446f0e7bcf1000f40f099802ff0ba
:10019c000ffd4ff00008814670b340462ef036f943
:1001ac00044648b3014630462bf076fa20b34ff0a4
:1001bc00000e02a9f446734602e00133042b0fd063
:1001cc0051f8042b944213d0002af6d1bcf1000f45
:1001dc0008bf9e4603f1010308bf8446042befd1f0
:1001ec00bcf1000f08d006ab03eb8e0e4ef8104c92
:1001fc0008f10108c145d0d102ab06aa4ff00008a6
:10020c0053f8041b09b108f101089342f8d10024fa
:10021c0002aa08f1ff3352f824101b1bb3fa83f324
:10022c005b095246304621b120f06efc00287ff469
:10023c0091ae0134042cebd10023caf81c306ff0c2
:10024c00060024e72d482a4a2a49a6eb0803122c5b
:10025c0003f1ff3520fa04f040f658033ff6d6ae12
:10026c0010f0010f3ff4d2aeff2d8cbf0020012007
:10027c002ff0b0f9eab241463d70484600922ef09c
:10028c0073fd1f4b009ae340511cdb0709eb02077f
:10029c0088442bd407f10109b8e6a94636e7daf809
:1002ac001c90bcf1000f3ff431af06ab03eb8404a0
:1002bc0044f8108c2ae76ff0090007b0bde8f08f06
:1002cc0006ab03eb8e0e4ef8104c60e706ab03eb5f
:1002dc008c0c4cf8109c38e70020074a054940f27a
:1002ec00be532ff077f96ff00a00d0e6019dace613
:1002fc0050f804008c320000fcf404000d000400e3
:04030c0009000400e0
:020000040000fa
:020000040002f8
:100310002de9f04f242985b0dde90e8a05460e4609
:10032000144601d8012903d1a14b16221a6048e0d6
:10033000eb6bea6c93424bd25a1cea631878202884
:10034000f6d0a0f10903042bf2d92b2801d02d28d7
:1003500046d1eb6bea6c2d284ff0ff3b18bf4ff0f6
:10036000000b934238d25a1cea631878ea6cdff823
:100370004892002e00f09f81102e40f0a08130287e
:1003800040f09d81eb6b93422dd25a1cea631878a2
:1003900040f02003782b35d1eb6bea6c934226d2e8
:1003a0005a1cea63187809eb00035b780f2b40f2c4
:1003b000e580eb6c002b00f07581eb6bdcb1023b50
:1003c000eb63002427462046394605b0bde8f08f90
:1003d000284627f007ffb2e7284627f003ffc5e7c6
:1003e0004ff0000bc2e7284627f0fcfed0e7284676
:1003f00027f0f8fed7e7013beb63002128462ef0fb
:10040000f5fcdee7002e14bf10260826741e3440cb
:1004100040f0168117237343c3f342134b4493f800
:10042000013100bf09eb00025278964203d9b4f1c2
:10043000006fc0f0a5804ff0ff32c3f1200e22fa0a
:1004400003f102fa0efea3f1200c22fa0cfc41eaa1
:100450000e01da40002741ea0c01019209eb000c81
:100460009cf801c0664555d9019aa14272eb070e6e
:1004700050d3a3f1200e04fa0efec3f120009f40da
:1004800024fa00f047ea0e07ea6b0743e86c9c4049
:1004900082424cea040480f08380501ce8631078a8
:1004a000dce70a2eb2d1434f00240ce0ea6beb6c80
:1004b00004eb840400eb44049a42a4f1300449d2d2
:1004c000531ceb631078a0f13003092b01d8bc4218
:1004d000ecd30027a0f13003092b21d84ff099323b
:1004e000a24202f10042ba4114d34ff00a0ca4fb1d
:1004f0000c210cfb07110191991801994feae37c3b
:100500005ceb01014ff0000e28bf4ff0010ebef171
:10051000000f23d009eb00035b78b342c0f09d804d
:10052000eb6c13b1eb6b013beb63444577eb0a03d8
:10053000c0f0b08018f0010f40f0a280bbf1000fb6
:1005400040f0b4801a4b222218f1ff341a604af1ad
:10055000ff3738e7284627f045feb4e7d418019b5b
:10056000ea6b4ceb0307eb6c9a4203d2531ceb6330
:100570001078afe7284627f035feabe7102645e7b1
:100580009c40e96b1443ea6c914203d24a1cea6333
:10059000087847e72846019327f024fe019b41e7ae
:1005a0002846cde9023127f01dfedde9023155e78d
:1005b000d4d5002099999919405f0300ea6c04fb97
:1005c0000634eb6b934237d25a1cea63187809eb76
:1005d00000035b789e4202d9404a9442eed900273c
:1005e00009eb00035a78964294d9002357b1a6fb31
:1005f000043ca6fb071311eb0c0143f10003003b85
:1006000018bf0123002b85d1a6fb041c06fb07ccd9
:1006100012eb010e5cf1000e28bf0123002b7ff4ca
:1006200079af8c18eb6cea6b4cf100079a4209d257
:10063000531ceb631078d3e7284627f0d3fdc6e7b9
:100640000024c4e7284627f0cdfdc9e7eb6bea6c30
:10065000934211d25a1cea63187848444378b34253
:10066000f4d31f4b222218f0010f1a60444657465c
:1006700018bf4ff0000b53e7284627f0b3fdece717
:10068000a0457aeb070305d2154b22221a60444697
:10069000574698e6bbf1000f3ff495ae644267eb16
:1006a000470790e6002c7ff48caea6e6a0457aebd7
:1006b0000703f3d2e8e730283ff464ae0a2609ebdb
:1006c00000035b78b342fff4ecae12b1eb6b013b7d
:1006d000eb63002128462ef089fb25e6c6711c0736
:0406e000d4d500204d
:020000040000fa
:020000040002f8
:1006e400308203af30820297a00302010202144455
:1006f40078082517e90620aa3020b9b03829eba1db
:10070400ed745c300d06092a864886f70d01010b4d
:100714000500305f3120301e060355040a0c1762b1
:1007240072696467655f6c616e383635785f313045
:1007340030626173655431223020060355040b0c7a
:10074400196578706572696d656e74616c20544cbe
:1007540053206272696e672d757031173015060368
:100764005504030c0e6272696467652d74657374b5
:100774002d6361301e170d32363039303530313447
:100784003533355a170d343630383331303134354a
:1007940033355a305f3120301e060355040a0c17d6
:1007a4006272696467655f6c616e383635785f3193
:1007b4003030626173655431223020060355040bd6
:1007c4000c196578706572696d656e74616c20547e
:1007d4004c53206272696e672d757031173015069f
:1007e400035504030c0e6272696467652d746573a6
:1007f400742d636130820122300d06092a864886f1
:10080400f70d01010105000382010f003082010a86
:100814000282010100a3b33ed9f8eb328a9908dec3
:10082400aa95f300a530e8c71e496d5475ec47d26c
:10083400595f71faee9edb119d80a7c29291dff39e
:10084400c466745dc3415f13ff6d828a035d5253b6
:100854005da494e9e062dfadd26b2aa366ebe76a9c
:1008640040ba7f8e028389efaedd5ced7b0d0042e2
:10087400ef001594a0e81bb3886da8fb7c9004647a
:100884000fed878836e09c1bad0e79e9a0149f54c8
:10089400c8f04cd5dbf945104654f304b940e7439e
:1008a400a2c31e59a37bbdc8b1592fd158a5fa9034
:1008b40037f88c960b4f3438325c3869f7ad3b41ce
:1008c400ad7f8afbb399ec8b4cfbb1f3f7337e7ca1
:1008d400d36a9bd58807e91c116c73bdaef98720d8
:1008e400e327c3f37e5199dc9766a3d16beff491b0
:1008f400e5c8d254c7c04d7424bada256955f998ad
:1009040027dbe69de7667e8400b9683d8b1536ddfe
:1009140051b5f329870203010001a3633061301d3f
:100924000603551d0e04160414c12cebe07a2b4566
:10093400ce6617b482bba67fcc6fa7d708301f063c
:1009440003551d23041830168014c12cebe07a2bb8
:1009540045ce6617b482bba67fcc6fa7d708300fed
:100964000603551d130101ff040530030101ff3087
:100974000e0603551d0f0101ff0404030201063096
:100984000d06092a864886f70d01010b050003822e
:1009940001010055b68f8efb06014e29a1ad88d307
:1009a400cb57b5b740d5b3c77d61bce1ca718ac422
:1009b40098a7372464c3036317bc642f3e2297af00
:1009c4000c522841dbdadbd89188fb1d4b5ba13646
:1009d400769fbd07880c293e8e012cf487f0b28cdb
:1009e400f827862fb3c2c28eb26a78d926e259c9d3
:1009f400853a13936c555367b5d6d87b4c751c0c4c
:100a0400f8b5be1ef0748df6ad91efcd64f74d4a86
:100a1400875406a2e480d2e6f400a524c5f44be88a
:100a2400e047bcb0475c370dfa86ef823072095458
:100a3400d921910d8e73181643a86a612c251518b7
:100a440022657da49bf7a5129ef4d40876b042ffdc
:100a5400ff799c6a2da0a2b8a969a4efc1cf8089af
:100a6400969192f95193ffcb611274d03e39fef600
:100a7400ca830bae10b94e5f2160114c3148530943
:100a8400af286f148ec1128f9104e444c356d94623
:030a9400e37233d7
:020000040000fa
:020000040002f8
:100a98002de9f04f00f5805b87b09bf81a219bf891
:100aa8001b319bf81811013ad21ad2b2914240f286
:100ab800a18182464ff000092de0637823b9a3781d
:100ac80013b9e378002b66d020462df00bf90028e7
:100ad8006bd18bf8c9014ff48073dbf8a021abf818
:100ae800cb31abf8bc91072150461df0fbfcabf8ad
:100af800bc918bf8cc919bf81b319bf81a219bf881
:100b080018110133dbb2013ad21ad2b28a428bf8f9
:100b18001b3180f06f81dbf814210139194041f253
:100b28007a0303fb012707f58053b3f87880b8f1ff
:100b3800000fe0d0bc4ba3fb08239b0903eb031376
:100b4800a8eb83039bb2002bd5d107f67c0422784f
:100b5800002ab2d0ff2a32d16378ff2b15d0204665
:100b68002df0c0f808bb4ff48073dbf8a021abf878
:100b7800cb31abf8bc91062150461df0b3fc23786d
:100b8800c3f340138bf8c931b1e7a378ff2be6d143
:100b9800e378ff2be3d14ff48073dbf8a021abf8a7
:100ba800cb31abf8bc910121e6e74ff48073dbf859
:100bb800a021abf8cb31abf8bc910421dce720468f
:100bc8002df090f80028f0d112f04003cbd1c2f3f9
:100bd800401196068bf8c9117ff57dafa278d1092f
:100be80040f089809bf8ca311bb92378db0940f0b3
:100bf800ca806378dd06a4f14006c3f300104fea0b
:100c0800921129d49b067fd412f0400300f0e280b1
:100c180001f001030493d31102f03f059bf8cb21a7
:100c2800039301359bf8cc112b46002a7ad159b988
:100c38004ff48073abf8bc21abf8cb31dbf8a021c3
:100c4800032150461df04efc4434e31ba3f67c03fd
:100c58004345fff47caf4ee703f00f039b0011f010
:100c680001010293049163d1d211c3f140030392ad
:100c78009bf8cb219bb24025002a40f0ae80029a17
:100c8800aa4280f0c680bbf8bc21e078c00902996e
:100c980071180126abf8cb61002a00f09180bbf8ef
:100ca800b861dbf8a0e100287fd0083b9bb2d1f8ff
:100cb80004c098190e6805909cfa8cfc0af58d50b2
:100cc80036bac0e902c60598abf8b8010831cdf8c4
:100cd80000e05046059323f037fa059b029a9542a7
:100ce80003d9049a002a40f08880bbf8bc211a4432
:100cf800abf8bc21a8e7dbf8a021009219461a46f8
:100d0800504624f051f8f2e611f00103049382d121
:100d1800d3119bf8cb21039340239bf8cc111d469c
:100d2800002a84d000298fd1bbf8bc210291aee7fc
:100d3800d31102f03f050393029b0135ab4275d3f3
:100d4800bbf8bc214ab3bbf8b8312b449bb2abf813
:100d5800b831dbf8a031009331462b46504623f0da
:100d6800f3f9039b504603f0010127f0bbfa029bfd
:100d78009bf8cc21abf8bc91c3f140039bb2002a8d
:100d88007ff462af81e70123dbf8a0118bf8ca3149
:100d9800504626f053fda2782be79fed217b0af5fc
:100da8008d5181ed027b2b46d1e71e44cdf800e042
:100db8005046abf8b861059323f0c6f9059b8de75b
:100dc8009fed177b0af58d5cabf8b82116468cedc4
:100dd800027b66e78bf8cc3136e74ff48073dbf89b
:100de800a021abf8cb31abf8bc91022150461df0e5
:100df80079fb29e707b0bde8f08f039b03f00101f9
:100e080000238bf8cb31abf8bc31504627f06afa97
:100e18001ae79bf8cc21002a7ff416af33e700bf0e
:100e28000000000000000000f1f0f0f0029b9bf8c9
:080e3800cb21eb1a9bb21fe76e
:020000040000fa
:020000040002f8
:100e40002de9f04f222b1768e1b040f2af819846b0
:100e5000cb5ba0f83a319146dab2032aadf82030e4
:100e600004460e464fea132307f1020502d1032b75
:100e700028bf032394f8362294f83911500740f123
:100e8000d7808b4235d994f83512090740f19f81fc
:100e900094f842129942c0f09a81fd2b00f08a81a9
:100ea000ff2b00f0198194f8391294f8342294f849
:100eb0003732c1f380010691c2f3411102f0010201
:100ec0000092c3f340120592c3f300120492c3f3dd
:100ed00040020392c3f3c002c3f38003019307915e
:100ee0000292d4f8e420d4f838116068012305f0a8
:100ef000c1f87219a36850689168d2f80cc075598e
:100f0000c3f85a51c3f866c1c3f85e01c3f8621151
:100f1000156950699169d2f81cc0c3f876c1c3f84d
:100f20006a51c3f86e01c3f87211f31907f1230b6c
:100f300093f82220202a00f08f80002a40f036818a
:100f400025239845c0f0328136f80b506dbaadf8c4
:100f500024501ffa85fa15f001050bf1020b40f041
:100f60002581c7f101035b445344434500f21e81d0
:100f7000baf5967f00f21a81524606eb0b010aa8d9
:100f80002df0f8fe0aeb0b02531cb05cadf82650b6
:100f9000db1b0344434506eb020c00f207810028eb
:100fa00000f096800138711cc0b211440144ae4675
:100fb00004e0dd2b08bf0125614507d01cf8013f87
:100fc000002bf6d161454ff0010ef7d194f936129e
:100fd000931c002903446fdbbef1000f78d0d91bae
:100fe0004145c9f8003007d294f83851032d00f07c
:100ff00096804744c9f8007094f8353243f04003b6
:101000000c22d80684f83f2284f8353209d509aa83
:101010000021204616f002fb38b994f83f320d2b20
:1010200003d009a920461df0ebff61b0bde8f08fa9
:101030008b42bff45eaf94f83522120740f1c780af
:1010400094f842229a4200f2c280032b3ff62baf63
:10105000dfe803f05b514d49b8f1420f40f2a68042
:1010600006eb0b01a36856f80bc04d688868d1f8f1
:101070000ce0c3f8a6e1c3f89ac1c3f89e51c3f8c7
:10108000a201d1f810c04d698869d1f81ce0c3f8fd
:10109000b6e1c3f8aac1c3f8ae51c3f8b201a36860
:1010a00083f8ba2194f8353243f0100384f83532ce
:1010b00007f1430b452344e7002d90d1bef1000f0b
:1010c00006d094f8361265f3c71184f8361286e715
:1010d000424861b0bde8f08f22f0020284f8393155
:1010e00084f83622dfe6032384f83931dbe6022375
:1010f00084f83931d7e694f8363223f0010384f8c6
:101100003632012384f83931cde6d4f8343223f471
:10111000c033c4f83432002384f83931c3e694f87c
:101120003951022d7ff665af023141453ed8f15a63
:10113000043200eb020a4dbaaaeb0703adb22b440e
:10114000434533d8002945d0a04606e007eb000a06
:10115000043ded1badb2002d3bd0032d26d906eb8f
:101160000a0336f80a105f887fbabfb2fb1cab4295
:101170000af104001adab1f5506fe7d1345a64bab3
:10118000a4b2631c0af1060a9f4206eb0a0155a8a5
:101190000cdd14f0010f09d1262c224628bf26228f
:1011a000adf82620a2442df0e5fdd1e70c4861b052
:1011b000bde8f08f22f0020284f8393184f836223b
:1011c000204628f0affd00283ff46dae2de705481e
:1011d0002be74446c9f800a00ee700bf0afeffff58
:0811e000b8feffffbafeffff9d
:020000040000fa
:020000040002f8
:1011e8002de9f04f1c4603f03003302b87b060d058
:1011f80000285edba24b1b6898425ad2a14b1b68a1
:1012080053f82070002f54d0b2f5807f38bf4ff4c8
:1012180080727b6816463a68a3eb0208d7e9052373
:1012280008f1ff389b1ae0061ffa88f81ffa83f9bd
:1012380043d54d4646452cbfa6eb0808a8eb060843
:101248001ffa88f8b8f11f0f40f2d280dff838a2f1
:10125800daf8000006f1010b4368594698478046c2
:1012680038b34d4549d3a5eb09091ffa89f9b9f1f6
:101278001f0f49d9daf80000691c4368984781466e
:10128800002800f0778114f0080340f08b80cde946
:10129800013314f0040440f0fe8004943de0daf8d1
:1012a80000004946c3689847daf800004146c36819
:1012b8009847002007b0bde8f08fb1f5807f38bfb0
:1012c8004ff48071a2060d4600f1938018fa83f35b
:1012d8008a199342aedd04f003010923a9eb020247
:1012e800cb404244d80792b200f10a8102290bbfd1
:1012f8009219521996b295b29ce7a9eb05091ffa03
:1013080089f9b9f11f0fb5d814f0080948d1cde90a
:1013180001994c46cdf810904b46daf80000396830
:10132800c26803939047dde901321a444244039ba3
:10133800ba6097f88520c7f8008043443b6112f0f3
:10134800300f08eb0b037b60c7f80c80c2f3011366
:1013580000f0cc80013b18bf012397f8872063f386
:10136800451287f88720b9f1000f0cd0049b1c4464
:101378004c44daf800007969c3684d449847c7e9d6
:101388000595c7e9074997f87030032b04d1012266
:1013980010213846f7f730fc012007b0bde8f08f80
:1013a8004ff00009d7e90221914244d93b68786897
:1013b8000393401ad31a019382b29bb212eb030c27
:1013c80000f0a680b4453ff76aaf80b2029030b112
:1013d8004046cde9042329f0e7f9dde90423bdf807
:1013e80004100191002936d0039908eb02002fe080
:1013f800b0464d4517d3a5eb09091ffa89f9b9f18c
:101408001f0fc9d9dff880a0daf80000691c43680b
:1014180098478146002840f0a680daf8000049463f
:10142800c368984745e7a9eb05091ffa89f9b9f197
:101438001f0fe7d8b0e76bd2521a93b2002b00f017
:101448008f809e42fff62baf002201934046029206
:101458001a4629f0a9f9d7e903218b1a91429bb2c0
:1014680007d3b9f1000f7ff414af4c46cdf81090b4
:1014780053e7d7e90012521a13449bb2f1e700bfb1
:10148800bcd30020ccd30020c0d300200023cde95a
:10149800013346469846b96dfc694a1c0ad0b7f82c
:1014a800640001440c44b969a14203d27869091a5d
:1014b800c9430c44396aa14231d2621a1ffa82fb2d
:1014c800bbf1000f28d05d45fff6e9ae00225c466f
:1014d800484604925a46039329f066f9039bb8f1eb
:1014e800000f3ff443af06f1010b16e7b7f866307b
:1014f80003eb4303bbeb530f34bf012300232ce75b
:10150800013205eb520506eb5202adb296b291e6f6
:101518000023cde90133a4e700240494dfe7fbd9d5
:10152800b8690130401a82b278690492241a1ffa05
:1015380084fb0390104612eb0b0218d0aa423ff727
:10154800aeae024620b14846059329f02df9059b19
:10155800a4b2002cc3d0dde9031209eb0200b9e7fd
:10156800cde901337de7610790d44c4601e7144685
:081578000492b4e7c14650e7fc
:020000040000fa
:020000040002f8
:101580002de9f04f91b0dde91a85ddf874b000283f
:1015900000f092800f4614461e468146002b40f014
:1015a0008780b8f1000f00f087801c9b002b00f0b3
:1015b0008380eb1f062b7fd8bbf1100f7cd8b44b78
:1015c00023fa0bf3db0777d5d9f83431023318d07f
:1015d0001f9b05931e9bcdf80080cde903b31c9b98
:1015e0002246cde901533946334648461cf078fd82
:1015f0006ff487729042034603d0184611b0bde8dd
:10160000f08f41462a464ff000080df13100cde938
:101610000888cde90a882df0adfb1f9a43465ffa92
:1016200085fad21acaf10f085ffa88f818bf0122aa
:1016300008eb8212abf102014910013a02ebc10240
:101640008df8302010a8ff2181b301eac302032bdb
:1016500026fa02f229d80a400133434500f8012d49
:10166000f2d10cad08aa29464846fcf789f9034691
:1016700028bb1f9b002b40f0bf805eb308ab3246f7
:101680002146484616f05afd034618b308aa002022
:1016900011460132aa420870fad1002011460132e7
:1016a000087010a98a42f9d1a7e700210a46d3e7ba
:1016b00012b100297ff475af6ff0ac039de70021f4
:1016c0002a460135117010aa9542f9d1184611b079
:1016d000bde8f08f5a4608a91c982df04bfbcaf1c3
:1016e0000e03c8f11000dbb24246002128448df8f9
:1016f00030302df083fe08aa29464846fcf740f911
:10170000034688b108aa002011460132aa42087097
:10171000fad1002011460132087010a98a42f9d18d
:10172000184611b0bde8f08f1c9a4bea02018807f9
:101730000df1200a40f085802bf0030e96445046b0
:101740009c46116850f8043b594042f8041b72450e
:10175000f7d1634601220f2e8df83f203bd9cdf8fb
:101760001ca09a4608aa29464846fcf709f9002811
:101770007ed1a10759d1dde9081223680a984b40b0
:101780000893636853400993a3680b9a5840e36831
:101790000a9053400b93103410ab0df1200ba3ebc8
:1017a000080e9c46bbe80f0038607960ba60fb60a9
:1017b00001e0f44507d01cf8013d0133dbb28cf8a1
:1017c0000030002bf5d0103e0f2e07f11007c9d8be
:1017d0005346ddf81ca0002e5cd108aa002011465b
:1017e0000132aa420870fad1002011460132087075
:1017f00010a98a42f9d100e71a461e9908ab48465b
:1018000012f0aafb034600283ff437af08aa0020d5
:1018100011460132aa420870fad100201146013265
:10182000087010a98a42f9d1e7e6224608a91034c7
:10183000086852f8043b4340944241f8043bf7d116
:10184000aae71c9acdf81c80511e0df1200c904681
:101850000a461cf8010b11f801ef0232a2eb080254
:1018600080ea0e0093450870f2d8ddf81c8071e71d
:1018700008ab00211a460133ab421170fad10021a6
:101880001a460133117010aa9342f9d10346b4e607
:1018900050550100484608aa29460793fcf770f8fe
:1018a000079b78b108ab00211a460133ab42117097
:1018b000fad100211a460133117010aa9342f9d1ce
:1018c00003469ae646ea04029207214615d1b40877
:1018d00018bf01eb840408d0daf8002051f8040b9b
:1018e0004240a1424af8042bf6d13246384608a9b4
:1018f00007932df03ffa079b6fe7701e2044013cd1
:101900009af8002014f8011f4a4084420af8012b7b
:04191000f6d1eae73b
:020000040000fa
:020000040002f8
:101914002de9f0470f2194b01e202bf025ff8307fb
:101924000ad5994c2278531ed9b2062907d9a2f1b7
:101934000803dbb2012b08d914b0bde8f087032bf0
:1019440076d8dfe803f0967e7822092a40f09b805f
:10195400002211468d482cf047fa05462bf0eeff85
:101964008b4a8c4b12681b68821ab2fbf3f21d2a55
:1019740040f29e80884b894a1b6889491b6810681d
:101984005b68984700232370d6e7864f864b3a68f6
:101994001b689a424cd0dff840927e4e834d2bf068
:1019a400cdffd9f80030c01a814b1a68336802fba6
:1019b40003f3a5fb0323b0eb931f7e4b40f2998006
:1019c4003a681b689a4204d07b4b186808b128f027
:1019d40003fb7a4b7a4a1b6809937a4bdff81c8223
:1019e4001b680a931388784e0c9601339bb21380bc
:1019f400764aadf82c301388adf82e30b8f80030a4
:101a0400734aadf8343000250e920f954bb100bfe8
:101a14002df0def9b8f8003006f8010b01359d42cf
:101a2400f6d3654909a812f051fc002880f2a08081
:101a3400684e594d17e0684a002104231160237051
:101a44007ae76049654800222ef06efa01280ed02c
:101a5400002846da504d5f4e2b68604a1b68604987
:101a64005b68306898473168286824f087ff2278db
:101a74005de75a4801212ef053fac0b20228e9d892
:101a84000223237058e7574b404819782ef048fa40
:101a9400c2b2022a03461dd93f4a40481168006871
:101aa40009683a4a4d685049a8470023237043e720
:101ab400012d3ff441af002d30da374b37491b6815
:101ac40008681b68314a5e6847492b46b0470023c3
:101ad400237031e7092323702bf030ff2c4b18605f
:101ae4002ae742493748112227f00efc03232370ca
:101af40022e71b683a689a42b9d02bf01fff33687b
:101b0400d9f8002041f2883101fb03f3821aa5fbc6
:101b14000353b2eb931f3ff657afa8e7344b1e4d68
:101b24001968dff8789000221e202af03dfd2b680a
:101b340030491b68d9f800001b68002626709847b6
:101b44000121124827f082f8022107460f4827f0a6
:101b54007df857ea0003824652d12b680b4a1b6872
:101b640025495b68d9f8000014b0bde8f047184770
:101b74002bf0e4fe3b682278c9f80000591ca2f15e
:101b840008033960dbb2d5e6e1d5002004cf00209c
:101b9400fcd3002004d4002010d4002000d4002062
:101ba400501e0000e8d30020ecd30020d34d621077
:101bb400e0d30020e4d30020f4d30020d8d30020c5
:101bc400f0d50020f8d30020e8930020eed50020c3
:101bd40065520300f0d30020dcd3002080d1002024
:101be400081e0000bed70020241e000048d200209a
:101bf4000cd40020701e00009c1e000072d7002030
:101c04003446b74220d8a2457ff696ae012321463a
:101c140005aa1c482df0dafc2c22002109a82df07d
:101c2400ebfb2c2209a905a821f040fd2a681649de
:101c34001268d9f80000d2f80480124a09abc047f0
:101c4400b74204f10104ded900233146049304aa07
:101c540001230c482df0b2fc2b689df813001b687f
:101c640002909df8120001909df811000090d3f8a5
:101c74000480044a05499df81030d9f80000c04793
:101c84000136bee704cf0020dc1e0000b81e0000b1
:020000040000fa
:020000040002f8
:101c94003082037c30820264a00302010202143207
:101ca400421addb418ca5b0b09f63ba4b9a1f7923a
:101cb4009e3533300d06092a864886f70d01010b3f
:101cc4000500305f3120301e060355040a0c1762ec
:101cd40072696467655f6c616e383635785f313080
:101ce40030626173655431223020060355040b0cb5
:101cf400196578706572696d656e74616c20544cf9
:101d040053206272696e672d7570311730150603a2
:101d14005504030c0e6272696467652d74657374ef
:101d24002d6361301e170d32363039303530313481
:101d34003533355a170d3436303833313031343584
:101d440033355a30383120301e060355040a0c1737
:101d54006272696467655f6c616e383635785f31cd
:101d64003030626173655431143012060355040b2c
:101d74000c0b657468312054656c6e657430820197
:101d840022300d06092a864886f70d010101050057
:101d94000382010f003082010a0282010100c68120
:101da400ca7c5f549e77870c23646a8e375385b749
:101db400cde6698964f2ef18f938942f9a88bafa53
:101dc40033f49f7702ea389df2fe0efa4edb31c6f9
:101dd400f922b7f5f26600f7b0fdc9d3ec347cb64e
:101de400a69df1f70254ebba3a07a025559e4d4043
:101df400633d70c17e31b0c6ee6309fdb28fdbb9bd
:101e040064141d218ae0b105d868f7a9cc24570ac7
:101e1400ab58ef6543fdefa9849fc1bda07845eea3
:101e24001b506b28a5444506c513f9a4c40ea68906
:101e340095ee0d0822253b96d66f147437873a3ced
:101e4400199939f7dc8662c1d1d82a9e414a19ab67
:101e54009fbd51d386392b532bbe247efb330353b2
:101e64002da715e274b07d55f59456f83ba7cae644
:101e7400ce967945dbabf132a152c79ae19818c8e6
:101e840057699388a3132437dd62fc3c3158f9dc8d
:101e94003dcc492a40773b9e6056f2c27a13020336
:101ea400010001a357305530130603551d25040cba
:101eb400300a06082b06010505070301301d060339
:101ec400551d0e04160414c83d079084452f13565f
:101ed4005f2bbacf51bdf3ad6166fe301f060355cb
:101ee4001d23041830168014c12cebe07a2b45ce48
:101ef4006617b482bba67fcc6fa7d708300d06093e
:101f04002a864886f70d01010b05000382010100b2
:101f140042e089d38004e6b29461717596e8ee6577
:101f2400a0281cad37ac3caa325607d253b265a2e6
:101f340034ef5fd7892360fafaa5ef5946d6e7aea6
:101f440030a9a522b8a42f1ccbb18db64199d58751
:101f5400bbea9bb3f05dd9b0277233403d6764faa6
:101f64006fb4440d3057bfc8280410b7272c6a013a
:101f74000e43990fa59b2a46e41503d78796cbf207
:101f84005900132c2cee64af4cd8e56e71d75e2b40
:101f94004b4778c2161a015874d685b020b2d56161
:101fa400c7aaecaccc8338cf095a7773134c14fa14
:101fb400621ff25fa7d2c6274e8c1ae27ea7c358cf
:101fc400bbc1a3ebbf19bc3ef5b8e99eb2add64b7d
:101fd400c6f12c0b08e21c704a8fdddfa9d7342030
:101fe4000f21acd964c74fc811e090ed62ae0f4d1c
:101ff4005864876f930b0c77a8ad16fee2793c45c5
:102004007b389077faf0d26e68cf262e16184e964b
:020000040000fa
:020000040002f8
:102014002de9f04f837d032b85b0054600f09080b9
:10202400864f3b68002b40f085800c4679b18b8845
:102034006bb14b695bb10b69013b012b07d8cb88b2
:102044000bb10b891bb16389002b40f09a800020ef
:1020540005b0bde8f08f5f462c462388784a002bf4
:1020640008bf4ff4967393606388d360d4f8063046
:102074005361237b1376637b82f869321546a37b15
:1020840082f8683202f11c002df08afd05f1280067
:102094002df086fdb5f81480b8f1000f00f06381cf
:1020a400ee8a002506e00386013566482cf0e0fc44
:1020b400454508d03146002238201ef003fa032398
:1020c40001460028efd15e4b9b8aab4240f0488129
:1020d4005b4bb4f80a805868dd6618228368414671
:1020e40098470546002800f04081b8f1000f00f041
:1020f4003e81dff85c9100262946484601362cf0e3
:10210400b7fcb04505f11805f6d16389b34240f038
:1021140027814b4c4c49e66740f24d12262028f0ab
:1021240027f82061002800f01b810122e276474a4b
:102134003b68146001333b60012005b0bde8f08fbb
:10214400424b1e68002ef7d0717e848a0029f3d09a
:1021540006f26923194401e08b42edd0184613f8c6
:10216400012fa242f8d12b6993f87420801b6ff4dd
:102174001a74204442f0080283f8742083f878002b
:10218400dae72df019fd0026804658b130462cf0d0
:1021940041f990f87430013623f00803b04580f813
:1021a4007430f3d1294b264800264ff41b72314674
:1021b4001e602df021f9d4e9043aadf80c6098467c
:1021c400002b47d0b146b0462ee05af8290000282b
:1021d4003ff43daf22f05afe06463046002e3ff44f
:1021e40036af2df00bfa002809f10109fff62fafe5
:1021f40008f110026a44124b12f8041c43444ff0d5
:10220400010c71b983f86a0296f8743086f8788004
:1022140043f00803e04402f804cc86f874305ffa13
:1022240088f82369994515d294f90e30002bccdb3c
:102234001af809002cf0eef80646cee7acd40020dc
:1022440058b6002074b6002029e10200a8d400206a
:1022540080b60020474b83f81980a8685860a3888b
:1022640003eb4303d9002831436898470646002806
:102274003ff4edaea388c3603f4b43613f4b8361a2
:102284003f4bc3613f4b036200f128030360002509
:102294001823c0e90153012303612bf02ffa354bb6
:1022a4001e60a369002b3ff4d8aee16900293ff416
:1022b400d4aeaa4630462546bb460c46214624f0f9
:1022c4001dfc814600284bd0038823f4e06343f4cb
:1022d400807303800023c0f81330a279a768c2b1c9
:1022e400cdf800a001959a463d4628782cf092f846
:1022f400002835d090f87410090731d5697899b958
:10230400a1790af1010a8a4505f10805edd3dde951
:1023140000a5ab690af1010a9a4504f10c04bff463
:102324009aae144b1868c9e790f878106e684ff0ad
:10233400130808eb410800270ae090f874201207fc
:102344000ed5717816f8022b99546b789f42d7d228
:1023540030782cf05ff8013709eb08030028ecd142
:1023640023f0d0f873e64546b2e60646cde6464687
:10237400cbe600bf58b60020a5e40400c148040021
:0823840005fc0400f9fb040054
:020000040000fa
:020000040002f8
:10238c002de9f04f07468db0cde90723d7f8ac20e7
:10239c000491136a9df85800029013f001031cbfbe
:1023ac00012313620593049b0692002b00f01b8102
:1023bc000299d7f89430d7f8a00001eb011203eb87
:1023cc0082034fea820b01eb8102d3f804a030f8b0
:1023dc0022609c8f92000992002200920392154673
:1023ec009046d14618e00868032840f2b980b8f14d
:1023fc00000f23d1486804f1010c40041ffa8cfc37
:10240c0000f1b4806a1c2b46644695b2a64298bf74
:10241c0000249e42c0f0b980ae4240f2b68000bfac
:10242c0009ebc40122460868c0074feac403dad49a
:10243c000134a4b26a1c2b4695b2e7e74a685004f3
:10244c0000f1b0804a6800990131013489b212045c
:10245c000091a4b2eed5d7f89400009d039a58448d
:10246c00a64298bf00248487d0e900ab5b4408994e
:10247c005c68d7f8a0005af822200c6007995e68b7
:10248c000d60099930f801c044180499b4f80e8015
:10249c000a6097f8b90088b15b6803f44003b3f5a0
:1024ac00000f00f01c81b3f5400f00f01381b3f561
:1024bc00800f03d1136a43f480731362009b002bcb
:1024cc0067d0d2f81090039dcdf804c05c1ec6f303
:1024dc000d06a4b24b46cdf81c9028e007f1640918
:1024ec000521484698470bebc501bb6b086800f00b
:1024fc000300086013b1484606219847049b1a68ec
:10250c006eb1019b0135adb2ab428ebf0aeb8503b8
:10251c00534600251b681969136919601161013c48
:10252c00a4b24ff6ff739c4200f0ba801369a3f873
:10253c000e80464534bfb2b242469a81bb6b4ff017
:10254c0000024af825202cbfa6eb08060026002b1b
:10255c00c4d10bebc502136803f003031360cde782
:10256c000299012338460bf075fa61e749680d04ae
:10257c0000f1a280664503942cd902250123ae42ba
:10258c006446009398463ff64bafd7f894305b44c3
:10259c009c870120059b13b1069a012313620db091
:1025ac00bde8f08f039b009a03eb020808f1ff389b
:1025bc0098fbf6f306fb1388b8f1ff3f17d1009b8d
:1025cc00dde9021238460bf045fa6b1e9bb23cb9a2
:1025dc00a0461ee7012344460093022598461be7bc
:1025ec004ff0000812e701200db0bde8f08f531e2c
:1025fc001ffa88f81ffa83fa002ae0d0cde90a49bd
:10260c0001964446a94609e00af1ff3a9cb21ffa2a
:10261c008afa4ff6ff739a4534d000bfd7f894303e
:10262c0053f80b3053f82400d0e902319847d7f80f
:10263c009430ba6b5b4400251e6807f1640846f8b9
:10264c002450052140461ab39047d7f89420bb6b11
:10265c005a440621526802ebc4024046156805f044
:10266c000305156003b19847019b013b002ccbd0af
:10267c000af1ff3a4ff6ff731ffa8afa013c9a45aa
:10268c00a4b2cbd14d460a9c019eddf82c9096e766
:10269c005b6803ebc4031a6802f003021a60e3e7f9
:1026ac00ddf81c90c2f81090009bdde90212384650
:1026bc000bf0d0f900206de7d7f894000394584440
:1026cc000121664598bf4ff0000ca0f83cc000916a
:1026dc000d46c9e6136a43f4a0631362eee6136a6f
:0826ec0043f440731362e9e6b8
:020000040000fa
:020000040002f8
:1026f4002de9f04f80460c460068d8f80410d8f84d
:102704000820d8f80c30cdb004ad0fc5d8f81000af
:10271400d8f81410d8f81820d8f81c300fc504f1d4
:1027240040072e4620686168a268e36835460fc5f5
:102734001034bc422e46f5d1dde91a340df1300ec9
:102744000c983cae71461f46d1f824c0054651f89a
:10275400040f4feaf74282ea77424feab04382ea33
:10276400972283eaf013624483ead0031a4427468b
:10277400b14205eb0204cc63e6d1dde90906089d0c
:10278400ad4fddf82cc0cdf80c80dde90432dde975
:102794000614cde9015007f5807b3868def8005057
:1027a40000eb0509019d02984feaf52888eab5185f
:1027b40088ea7568c84486ea000909ea0509786860
:1027c400def8045089ea0609c84400eb050adde98d
:1027d4000150e04404eb080c4feab30484ea733478
:1027e400b24485ea000684eab35406ea0c0646407d
:1027f400444443ea020803ea020908ea0108b2442d
:102804004feafc2648ea090886eabc16444486eaec
:102814007c66b2444fea743686eab40686eab45655
:1028240001eb0a0806eb0a09b968def8086044ea15
:10283400030a31440aea020a014404ea03004aeaa8
:10284400000a85ea0c0000ea0800684001444feae7
:10285400f82080eab81009eb0a0680ea786001449f
:102864004fea763080eab60080eab65002eb0109fe
:102874000844fa68def80c1044ea060a0aea030a75
:102884000a4404ea06014aea010a8cea080101ea58
:10289400090181ea0c012a4450440a444feaf9210f
:1028a40081eab9114fea703581ea796185eab005a8
:1028b4000a4485eab05503eb020a15443b69def885
:1028c400102046ea00012140134406ea00021143a5
:1028d40088ea090202ea0a0282ea0802634413440b
:1028e4004feafa2282eaba1282ea7a620d44134467
:1028f40004eb030c4fea753484eab50484eab55456
:10290400def814201c447b6940ea0501314013447d
:1029140000ea0502114389ea0a0202ea0c0282ea89
:10292400090243440c4413444feafc2282eabc12d9
:102934004fea743182ea7c6281eab401134481ea89
:10294400b4511e44def818201944bb6945ea040852
:1029540008ea0008134405ea040248ea02088aea7d
:102964000c0232404b4482ea0a0213444feaf62234
:1029740082eab612414482ea766213444fea713223
:1029840082eab10282eab152184402eb0308fa69fe
:10299400def81c3002901a4444ea010902eb0a03ef
:1029a40009ea050904ea010249ea020908eb0902f5
:1029b4008cea060808ea000888ea0c0898444feafa
:1029c400f02383eab01383ea7063984405eb0803a9
:1029d40001934fea723383eab20383eab253434466
:1029e40041ea0208203708ea040801ea020948ea31
:1029f40009085f450ef1200e43447ff4ceaeddf8a6
:102a04000c80019d06910493cdf82cc0a8f1040319
:102a140007940a9609900592089503a908f11c08e1
:102a240053f8042f51f8040f434502441a60f7d1b8
:0c2a340000204db0bde8f08f786a030070
:020000040000fa
:020000040002f8
:102a40002de9f04f8bb0cde9053008461d6888466a
:102a500014462df02bf930b108f50a702df026f947
:102a6000002840f0b980dde915232946404606f0ec
:102a7000ddf88246baf1000f03d050460bb0bde836
:102a8000f08f059b1d6828462df010f9002800f0f6
:102a9000978005f50a702df009f9002800f0908064
:102aa0002946284627f0e4ff8246baf1000fe4d118
:102ab000059b1d6828462df0f9f830b105f50a7020
:102ac0002df0f4f8002840f05381dde91523294664
:102ad000284606f0abf88246baf1000fcdd1059b2f
:102ae000ddf85890a246dde914741d4603f11c067a
:102af00009ab28680094cde90193414655f8042fad
:102b00003b460ef007ff002855d1b542f0d15446a0
:102b1000824606982df0b6fa4ff0010b431e07933c
:102b200056465546d1465f46bbf1010b0ed1079b79
:102b3000591c00f08b80194606989b462cf08af8a9
:102b40000bf1ff33814607934ff0200b4fead97307
:102b50004fea4909baf1000f15d1002be4d0013634
:102b6000c6f104029340042e45ea03053ad0bbf1b6
:102b7000010b4ff0020adad04fead9734fea490944
:102b8000baf1000fe9d0baf1010fe8d1002be6d17c
:102b900020462df08bf830b104f50a702df086f840
:102ba000002840f0dd80dde915232146204606f0af
:102bb0003df80028b8d0824650460bb0bde8f08ff3
:102bc000dde915232946284606f030f88246baf199
:102bd000000f7ff452af6be72946404627f048ffcd
:102be000824647e7012f00f09180dde9157a204603
:102bf0002df05cf830b104f50a702df057f800287c
:102c000040f0a98053463a462146204606f00ef889
:102c10000028d0d1013eead109ab05f180450293ed
:102c2000083d059b53f82510169b0193159b0093b7
:102c30002246149b20460ef06dfe0746002f40f002
:102c40009d803e463d464ff0010a6de7baf1020f06
:102c50003ed1002e3cdd17b36d00eb063ed521467c
:102c600040462af095fb824600287ff406af04f523
:102c70000a7108f50a702af08bfb824600287ff45f
:102c8000fcae04f58a6108f58a602af081fb824671
:102c900000287ff4f2ae0bf10107be4218d02046a7
:102ca0002df004f828b104f50a702cf0ffff00287d
:102cb0004cd1dde915232146204605f0b7ff6d0014
:102cc00000287ff478afea060dd40137be42e6d182
:102cd0004ff0000a50460bb0bde8f08f0bf1010b2e
:102ce0005e45b9d1f4e709ab0293169b0193159b9e
:102cf00000932246149b414620460ef00bfe0137fe
:102d000000287ff458afbe42c9d1e1e7059b05f129
:102d10008045083d03eb8505214628682af038fbed
:102d200000287ff448af286804f50a7100f50a709e
:102d30002af02efb00287ff43eaf286804f58a6154
:102d400000f58a602af024fb074677e721462046f3
:102d500027f08efeb3e72146204627f089fe57e78d
:102d60002146204627f084fe00287ff424afdbe6ce
:102d70002946284627f07cfe8246ade63846824644
:042d80001ae700bf8f
:020000040000fa
:020000040002f8
:102d84002de9f04fd0f8f0305e0889b0731e062ba1
:102d9400059200f2918105460b682a68d1f804b0c7
:102da400d1f808a0c868c64c1bba83ea02086b684d
:102db400cdf808809bfa8bfb8bea030bab689afa7d
:102dc4008afa8aea030aeb6800bacde90665584034
:102dd4007300039305f1100702993a685ffa8bf3c5
:102de400103714f803900b0e89ea0209e35c89eab0
:102df4000369c0f30743caf30721e35c615c89ea12
:102e0400034989ea01294fea1b615ffa8af3665c88
:102e140014f803804fea1a61c3b214f801e0e25ccb
:102e24009df80830010ee35c14f801c057f80c1c3f
:102e340088ea010857f8081ccaf3074a4a4057f8b9
:102e4400041c14f80a504b40029983ea0c6383ea89
:102e54000543c1f30745c0f30720655d205c88ea9c
:102e6400066888ea054888ea0028cbf30740c1f3de
:102e74000721205c615c82ea0e62cbf3072b82eab5
:102e8400004282ea012614f80b20032583ea022378
:102e940004930222012300214846009523f05cf8a4
:102ea400022283460092002301222946484623f049
:102eb40053f801224fea004a00922b4600220221d5
:102ec400484623f049f800228aea0b6a00928346b6
:102ed400022348462a46012123f03ef88aea000ae2
:102ee4008aea0b2202920123022200214046009525
:102ef40023f032f80222814600920023012229465f
:102f0400404623f029f801224fea004b00922b4659
:102f140000220221404623f01ff800228bea096bad
:102f240000928146022340462a46012123f014f8e8
:102f340001238bea000b022200213046009523f086
:102f44000bf80222804600920023012229463046d3
:102f540023f002f801224fea004a00922b46002295
:102f64000221304622f0f8ff00228aea086a009221
:102f74008046022330462a46012122f0edff8beae7
:102f8400092bddf8109000958aea000a0123022239
:102f94000021484622f0e0ff022200920023012291
:102fa40029468aea082a8046484622f0d5ff0122ab
:102fb400060400922b4600220221484622f0ccff50
:102fc400002286ea08660092804602232a46484682
:102fd400012122f0c1ff039b013b4640012b86eafd
:102fe400082003937ff4f8aedde90665ddf8088078
:102ff40005eb46174fea18655ffa8bf314f8059052
:10300400e65c4fea1b655ffa8af3655d02954fea59
:103014001a65e15c14f805e0050ec3b214f805c0a6
:103024003d68e25c6e407d686940029d5ffa88f30a
:1030340081ea0561bd68e35c6a40fd686b40c0f3ea
:103044000745c8f30747c0f30720655de75d86ead7
:10305400096686ea0545265c81ea074181ea06217c
:10306400059e09ba7160cbf30741c8f30720615c80
:10307400205c82ea0e6282ea014282ea002212baeb
:10308400b260caf30742cbf3072bcaf3072aa05c4a
:1030940014f80b1014f80a2083ea0c6383ea004343
:1030a40085ea022583ea01232dba1bba3560f36051
:1030b400002009b0bde8f08f6ff0e100f9e700bf30
:0430c4007869030024
:020000040000fa
:020000040002f8
:1030c800002829dbba4b1b68984225dab94b30b582
:1030d8001b6853f8204083b0002c00f05e81080480
:1030e80021f440431ad4c1f380314900102b00f277
:1030f8005481dfe813f0fc000f01e90035004900b6
:1031080073006d0070006300c8007f00c1007c0080
:10311800df00cb00d500290000207047102b00f2fb
:103128003c81dfe813f00a011a012a011d00310071
:103138005b00550058004b00b0006700a900640010
:10314800c700b300bd00110094f83f30b2fa82f214
:10315800520962f3c71384f83f30012003b030bd31
:1031680094f83c3062f3010384f83c3013f0030315
:1031780000f0158194f83d304ff0ff3243f0010321
:10318800626184f83d30e8e794f83d30990700f132
:103198000481151e18bf0125c3f38003ab42dcd0a0
:1031a80094f85c30012b00f0198194f83d3000222e
:1031b80065f38203e26084f83d30cee794f83e3050
:1031c800003a18bf012262f3000384f83e30c4e7d6
:1031d800a4f85420c1e7a4f85820bee794f85c305e
:1031e800012b00f0e9800023e3602282b5e784f830
:1031f8005f20b2e7002a00f0d08013785278d80711
:103208000bd594f83c1002f0010060f3c30160f3a1
:10321800041160f3820184f83c10990706d594f8ec
:103228003e10500860f3041184f83e105d0706d57f
:1032380094f83e10900860f3451184f83e10180782
:1032480006d594f83e10d00860f3861184f83e1035
:10325800d90606d594f83e10100960f3820184f867
:103268003e109b067ff579af94f83e30520962f321
:10327800c30384f83e3070e794f83f3062f30503e7
:1032880084f83f3069e784f85e2066e794f83e30ba
:10329800003a18bf012262f3041384f83e305ce759
:1032a80094f83e30003a18bf012262f3451384f8bf
:1032b8003e3052e794f83f30003a18bf012262f3db
:1032c800861384f83f3048e794f83c30b2fa82f22b
:1032d800520962f3041384f83c3000293ff43dafef
:1032e80094f85d3023f0040384f85d3035e794f8f2
:1032f8003c30b2fa82f2520962f3820384f83c301d
:1033080000293ff42aaf94f85d3023f0010384f8d4
:103318005d3022e794f83c30b2fa82f2520962f347
:10332800c30384f83c3000293ff417af94f85d30ac
:1033380023f0020384f85d300fe794f83c1094f80a
:103348005d30b2fa82f2520962f3820143f001035e
:1033580084f83c1084f85d30ffe694f83c1094f84b
:103368005d30b2fa82f2520962f3c30143f00203fc
:1033780084f83c1084f85d30efe694f83c1094f83b
:103388005d30b2fa82f2520962f3041143f0040389
:1033980084f83c1084f85d30dfe60020dee694f81f
:1033a8003d20636163f3000284f83d20d5e600bf49
:1033b80094d4002098d40020e06800283ff413af8c
:1033c800036a1d073ff50faf019228f0f3f9b4f82f
:1033d8005630019a013ba4f8563004e7e06800280b
:1033e8003ff4e3ae036a1b073ff5dfae28f0e2f9ce
:0c33f800b4f85630013ba4f85630d6e67d
:020000040000fa
:020000040002f8
:103404002de9f047aeb00746164605914ff0000887
:10341400059d2b78002b00f0e08000244ff0ff3353
:10342400cde909430eab0c9380230b940d932b5dd4
:103434000bb1252b30d134b12946224638462544d8
:1034440027f06aff0595059b1a78252a40f0bc8071
:1034540003f10109cdf814904a46002113782b2b6f
:10346400104602f1010223d02ed8202b24d0232b86
:1034740026d001b105902a2b2ed026f099fc059a6e
:103484000b900020114601320b78303b092b79d97f
:10349400002830d005912ee00134c8e7099b43f0a1
:1034a400010309930121d9e7099b43f00203f8e7db
:1034b400099b43f00403f4e7099b43f00803f0e796
:1034c400099b43f01003ece72d2be7d0302bebd016
:1034d4000029d2d00590d0e733681a1d1b683260ea
:1034e4000130002b05900b9305da099a5b4282f0b8
:1034f400010209920b93099bda0744bf23f00203ec
:103504000993059b1a782e2a0fd14ff0000acdf8a3
:1035140028a05a785d1c2a2a059535d102330593d3
:1035240033681a1d1b6832600a9305a828f0e4fb6f
:10353400059d039028782cf0a8f92528039900f01c
:10354400da806138172800f2e080172800f2dd8065
:10355400dfe810f02b00db00b6004700a700a7004f
:10356400a700db004700db00db00db00db009e0084
:1035740065008300db00db00c700db005600db00d6
:10358400db00740001207de7284626f011fc534639
:103594000a90294601350a78303a092a03d9002bc2
:1035a400c3d00591c1e70123f3e7324606a829f009
:1035b400f7fc002872d06b1c059306aa2b7809a986
:1035c4003846f9f707fb04444444a04540f3a78078
:1035d400544b4f221a604ff0ff3840462eb0bde8de
:1035e400f0873346012206a818f03efa002855d089
:1035f400013506aa09a9384605951bf0f5fde2e751
:103604003346002206a818f02ffa002846d00135c8
:1036140006aa09a93846059524f03afed3e73346ad
:10362400002206a818f020fa002837d0013506aa8f
:1036340009a93846059521f010fbc4e7334600225a
:1036440006a818f011fa48b36b1c05932b7806aa48
:1036540009a9384610f05effb5e733460022f02191
:1036640006a818f001fac8b1dde9063201351343a2
:1036740005950bd12c482bf087fb099b00932a4915
:103684000b9b0246384620f0abfc9ce77823dee730
:10369400334608eb040206a821f0b8fd0135059570
:1036a40092e7324606a829f07bfc0028f6d06b1c72
:1036b400059306aa2b7809a93846f8f76ffb82e729
:1036c4008029ebd1336801351a1d1b6832608df8ef
:1036d40018300595012306aa09a9384624f0acfd43
:1036e40071e78029dad13268131d3360013512681d
:1036f40005950023f0e78029d0d1099b009301357b
:103704000b9b059509490122bce700234ff0ff32ca
:10371400cdf8149009930b930a920093f2e7a04614
:1037240076e600bfd4d500206be2040071e2040009
:020000040000fa
:020000040002f8
:103734002de9f04f1668adf2946d002e00f048812b
:10374400442e00f34581012e14460d461f461fd01a
:10375400d5f80080b8f1000f30d0d0f80090b9f15e
:10376400000f1bd06b68012b00f0ec80b9f1010f46
:1037740002d18368022b2ed0009723464246294665
:1037840002f0a0f9064630460df2946dbde8f08fc4
:103794009368012bdcd15368002bd9d100247c60c1
:1037a4004ff40872214607f108002bf025fe00268d
:1037b40030463c600df2946dbde8f08fc7f804808c
:1037c4004ff40872414607f108002bf015fe01235f
:1037d4001c46bb60ebe7d4f808b01bf0010f00f007
:1037e400f780002631464ff4087208a8cde9066632
:1037f4002bf002fe31464ff4087292a8cde9906690
:103804002bf0fafd90aa0821204619f079fc06460f
:103814000028b8d1214606a815f062fd0646002806
:10382400b1d18b4b4fea481283fb0213a3ebe27333
:1038340003eb4303d31a002b08f1ff3a00f3cb80c8
:1038440080460bf10202520002f008025a4402fbc5
:103854000bf3c3f1020303fb02f202fb0bf3c3f10c
:10386400020303fb02f202fb0bf3023b03fb02f332
:1038740003930021bb46b9f101090bd1baf1ff3f13
:1038840000f0cf800af102034ff0200955f823809d
:103894000af1ff3a01364fead873c6f103029340a6
:1038a400032e4fea480841ea0301e4d1cdf8109011
:1038b400374689460595069d6a0006a9872a084663
:1038c40000f386800bf09afa064606982a1a002816
:1038d4004fea820209db854206ab00f1020003ebea
:1038e400800002dd00212bf087fd0123002e7ff4f0
:1038f4004aaf039a214606a80af08af90646002828
:103904007ff441af013fd6d106aa49461046dde90e
:10391400049519f0f5fb064600287ff434af06aa97
:1039240090a910461ff08afc064600287ff42bafae
:1039340006aa2146104621f0f3fe014600289ad03b
:10394400064620e74368919300f108014ff408729a
:1039540092a8cdf840922bf00bfa4ff4087204f1c0
:1039640008010df58e60cdf868642bf001fa90aa79
:1039740000230df58d611046cdf86c34f4f7b6fada
:10398400064600287ff4ffae29464ff4087251f82a
:10399400085bcdf868540df58e602bf0e9f90097bb
:1039a4002a460df58d6190a82346cdf86c6402f08b
:1039b40089f8064600287ff4e6ae6368012b7ff49d
:1039c400e2ae3a46214638461ff038fc0646dae6af
:1039d4004ff0ff36d7e608f10102c3f1200155f894
:1039e4002290039306aa29fa01f1104619f088fbe4
:1039f40000287ff4c7ae06aa90a910461ff01efc4b
:103a040000287ff4bfae06aa2146104621f088fea6
:103a1400e0b9039ba8f1020a09fa03f8c3f12109ea
:103a24000fe7039a2146012306a80af0f1f8079b41
:103a3400cbf80430069bcbf8003006464ff40872ee
:103a440008a90bf108002bf093f99ce606469ae6c8
:043a54005655555519
:020000040000fa
:020000040002f8
:103a58002de9f04f85b005460193d0f834310f9c1d
:103a680002338846174600f0a180202a2cd800f59a
:103a7800c4702bf07bf964b3a7f11002102a23d885
:103a8800b24bd340db071fd50023bc08c5f88431ef
:103a9800a31dc5f8f4704146c5f8f0303a462846eb
:103aa8002bf064f9291f01eb840300bf51f8044f80
:103ab80024ba8b420c60f9d1182f1bd0202f00f0ac
:103ac800e780102f00f080806ff0ac0005b0bde8f3
:103ad800f08fc5f88441bc08a31dc5f8f470c5f87b
:103ae800f03041463a4628462bf040f9002cd9d10f
:103af800182fe3d1dff85c82d5f800c06c68944acf
:103b0800d5e9027e05f1180108f12009ab4606e067
:103b180051f8203c8eea0303584041e9023051f83d
:103b2800040c58f8045f030ec6b2d35c965d6b4074
:103b380083ea0623c0f30746c145965d83ea066318
:103b4800c0f30726965d83ea06438cea030c84eaf1
:103b58000c0487ea04078eea070ec1e900c4c1e92c
:103b6800027e01f11801d3d15d460e9b0021012b85
:103b78008df80c108df80d108df80e108df80f10b3
:103b88004fd00198002879d0016842688368c068de
:103b9800c5f80401c5f8f810c5f8fc20c5f80031cf
:103ba8000020c5f8840105b0bde8f08f002c7ff433
:103bb80063afc0f884419408a31df02ac5f8f42027
:103bc800c0f8f0308dd97fe7dff88ce12c68e96820
:103bd8005f4ad5e9017c05f110000ef12808cbb247
:103be800d65c0b0ed35c43ea0623c1f30746965d09
:103bf80043ea0663c1f30726965d43ea06435ef887
:103c0800046b73405c4067408cea070c81ea0c0146
:103c1800c645c0e90047c0e902c100f11000ded185
:103c2800a3e7d5f8f0305fea830c1bd005eb03134c
:103c38002a461c68106814605c68186050685460f4
:103c48009c6858609068946004319860df68d46814
:103c5800d760aceb01008142a3f1100302f110021e
:103c6800dc61e6d3019800238df80c308df80d3017
:103c78008df80e308df80f30002885d1019bc5f8de
:103c8800f830c5f8fc30c5f80031c5f8043187e7cd
:103c9800dff8c0e0ab68ec682d4ad5e900c705f14c
:103ca80020010ef11c08a94623e000bf4fea146a60
:103cb80051f8306c555d12f80aa0754085ea0a651e
:103cc800c4f3074a51f82c6c12f80aa085ea0a4591
:103cd800c4f3072a12f80aa085ea0a2541f8105cfd
:103ce800754051f8286c41f80c5c7540684041e912
:103cf800025051f8040c5ef804bf050e5ffa80fa12
:103d0800555d12f80aa085ea0b0585ea0a25c0f375
:103d1800074af04512f80aa085ea0a65c0f3072a9f
:103d280012f80aa085ea0a458cea050c87ea0c070e
:103d380083ea070384ea0304c1e900c7c1e902343e
:103d4800e5b201f12001b1d14d460ee701010100b4
:0c3d580078680300b4d30400b8d3040062
:020000040000fa
:020000040002f8
:103d6400f0b51646adf50b7d90f83821356804465c
:103d74000f46002002210990032a8df824104ff0e9
:103d84000101cde90300cde90500cde9075584f82b
:103d940045125fd0d4f84c12002953d094f8501235
:103da40000294fd001218df825102946881c451b78
:103db4009d4200f2388137f801c007909cfa9cfcc0
:103dc400adf814c01ffa8cfc65449d42614600f2b4
:103dd4002a81bcf5c17f00f2268194f86e52d4f892
:103de4004c32002d51d1022284f845223bb194f883
:103df4005022002a40f0a780032384f8453294f827
:103e04002432079a2bb194f8713013b1d4f82032cc
:103e14001a4494f8373243f0800384f83732bdf8fb
:103e24001430134405223360079384f84522002597
:103e340000232046c4e9313324f07af928460df5ed
:103e44000b7df0bd94f86e120029aed003218df8dd
:103e54002510aae794f8391102299bd9012b40f2c5
:103e6400e28007eb050c795b9cf801e05ffa81fcca
:103e7400bcf1080f04d16ef307006cf30f20014668
:103e8400adf82410a91c079190e7e5684ff0140ed3
:103e9400c4f8c8e0032a05f1340ec4f8c4e000f005
:103ea400a880022284f845221bb194f85022002aeb
:103eb40049d1d4f8c830d4f86822019204f51572b7
:103ec4000092d4f8c420384416f000fa002840f0d8
:103ed400bf8094f83732d4f8542203f04003002a08
:103ee40000f0b680002b44d094f83932d4f84c2238
:103ef40043f0400384f83932032384f84532002a1e
:103f04003ff47daf94f85022002a3ff478af94f840
:103f14003831032b44d0049a242a67d1039800280b
:103f240064d0e168343129f05efe00285ed194f853
:103f3400373213f040032cd094f8393243f0400365
:103f440084f839325be76146384403aa28f020ff3d
:103f5400002817db9df8253094f86e22012b59d0e8
:103f6400d4f8c83006900493002a5ed1d4f84c22c9
:103f7400c2e794f83912d4f84c2263f3861184f81a
:103f84003912b9e794f86e32002b46d16ff0e4058c
:103f94004ee794f8392263f3861284f839222ee727
:103fa40094f83931022bb6d99df82430022b48d02d
:103fb400042b3ed0023bd4e93112022b40f2a11370
:103fc40088bf00230aa81ff023fd049b0690984293
:103fd40002460bd1039848b1b2f5007f28bf4ff4d5
:103fe40000720aa929f0fffd0028a0d06ff4a4757f
:103ff4001ee794f83921022a7ff653af9df8242056
:10400400042a7ff44eaf48352022c4f8c450c4f8c3
:10401400c82046e70490002aa8d00798bdf81410d9
:10402400d4f8c83047e70e4d02e70798bdf81410de
:1040340041e7e16820224831c4e931124ff4cf73db
:10404400c0e7e16814223431c4e931125823b9e7d6
:1040540094f8393223f0400384f8393296e700bfec
:04406400b8feffffa4
:020000040000fa
:020000040002f8
:104068002de9f04fadf2946dddf8bc460490002cbc
:1040780000f0ad80002800f0aa800e46002900f06c
:10408800a6809046002a00f0a2801d46002b00f072
:104098009e801f68002f00f09a80ddf8b8760137ff
:1040a80000f0958004f5805adaf8547102372ad165
:1040b800ddf8b836032b03d1daf84c31042b61d084
:1040c800204627f01bfd834680b381464e4550d8d5
:1040d8002368002b03dda368db0740f1e28006a814
:1040e8002af0bcfa50b306a82af0c6fa6ff06d0b96
:1040f80000232046caf84c3123f068ff58460df2d9
:10410800946dbde8f08fddf8c076cde90147ddf8a4
:10411800b87600971ef0d0ff6ff4877398428346f5
:10412800c6d058460df2946dbde8f08fdaf85431d8
:1041380002331ed04ff48079cb46c7e70499324644
:1041480006a82cf055f8b8b9ddf8b836012b28dcec
:10415800002b36db06ab224604f50a7118462cf014
:1041680041f8002845d006a82af086fa6ff06f0bb0
:10417800bee76ff0ac0bbbe706a82af07dfa6ff03c
:104188006e0bb5e70df58d6318461f4605932af0ab
:1041980065fa002836d038462bf0aaf86ff06d0b78
:1041a800bfe7ddf8b836023b012b0ad890a82af001
:1041b80055fa00284fd06ff06d0b06a82af05cfa6c
:1041c80096e706a82af058fa6ff0810b90e76ff08f
:1041d800ac0ba6e7059e06aa314610462bf0f4ff65
:1041e800002840f0b38090a82af046fa30462af01a
:1041f80043fa2b68994539d906a82af03dfa6ff099
:10420800820b75e7dde90417324638462bf0f0ffdc
:1042180028b138462bf06cf86ff06e0b81e7ddf8ab
:10422800c4365bb10598012128f028f8012805d08b
:1042380005982bf05df86ff0fc0b72e7059f0121e4
:104248003a4638462bf0daff08b338462bf050f8d8
:104258006ff0720b65e70df58d63184605932af02c
:10426800fdf920b390a82af007faa4e75a46c5f842
:104278000090414606a82bf0b9ff834606a8bbf17b
:10428800000f11d02af0f8f96ff0700b30e705989d
:1042980021461df023fb0130cad105982bf028f8e0
:1042a8000ee74ff0ff3b23e72af0e6f939e704f57c
:1042b800cf6690ab324604f6c82106a82bf090ffd3
:1042c80040b190a82af0d8f905982af0d5f96ff0ee
:1042d8006f0b72e704f50a67059b3a4604f54f61d0
:1042e80006a82bf07dff0028ebd1059906aa90a817
:1042f8002bf06cff40b190a82af0bef905982af07f
:10430800bbf96ff0710b58e706ab324604f618712b
:1043180018462bf05dff40b190a82af0adf905983a
:104328002af0aaf96ff0740b47e706aa3946104637
:1043380025f0acfc00283ff44daf90a82af09cf97a
:1043480005982af099f96ff0730b36e790a82af0d0
:1043580093f905982af090f96ff0720b2de700bfda
:020000040000fa
:020000040002f8
:104368002de9f04f99b09846ddf88890ddf88ca0db
:10437800259b002800f0d580b9f1000f00f0d1800e
:104388000c4617460646b8f1000f40f0c680249a3e
:10439800002a00f0c68003f1ff3bbbf10f0f00f2cb
:1043a800c080baf1000f00f0bc80d6f83421023288
:1043b80018d00393279b0593269b0493249bcdf841
:1043c8000090cde901a33a4643462146304619f00c
:1043d8002bfe6ff487739842054603d0284619b020
:1043e800bde8f08fbaf10c0f00f09e8010224b460a
:1043f80002920df150090022cdf800a0cdf80490ea
:104408001146304603f0a4fb102302930cabdde900
:104418002612019330463b46cdf8008003f098fb06
:1044280010aa49463046f9f7a7fa05460028d5d11b
:10443800dde90c01109a0e9b42400c92119a4a40f9
:104448000d92129a53400e930f9a139ba74283ea38
:1044580002030f934fea181300f09280b8f10f0f80
:104468003fd904eb0313cdf81cb00693a4460df115
:104478005c0a9b46a64618aa12f8013d0133dbb236
:1044880013700bb95245f7d14c460fcc0cf1100cf8
:10449800dc454cf8100c4cf80c1c4cf8082c4cf86b
:1044a800043ce8d128f00f0a744653467246714618
:1044b8003046ddf81cb022f0a9f847ea0403980753
:1044c80040f09780043c3a1f0aeb040154f8043f7b
:1044d80052f8040fa14283ea00032360f6d1069c38
:1044e800574418f00f0832d1249b0ca9581e03eb2f
:1044f8000b0200bf10f8014f11f8013b824283ea1a
:10450800040345ea0305f5d1002dccbf6ff0b305d0
:104518000025284619b0bde8f08f12b100297ff4b4
:1045280036af6ff0ac0559e7d9f80000d9f8041098
:10453800d9f808200df150094b4607c3002501237f
:104548008df85e50adf85c508df85f305ce718aac6
:1045580017a900bf12f8013d0133dbb213700bb984
:104568008a42f7d10df1200a494630465246f9f7fa
:1045780003fa00284cd00546284619b0bde8f08f4c
:10458800002baed007eb03170df1200a18aa17a9c4
:1045980012f8013d0133dbb213700bb98a42f7d12f
:1045a800524649463046f9f7e7f90028e3d1a10712
:1045b80013d1d4e9002308994a402260099a53404c
:1045c800d4e9021263600a9b4b40a3600b9b5340e3
:1045d800e3601034bc42d9d183e7234651461034f6
:1045e8001a6851f8040b424043f8042ba342f7d150
:1045f800f0e7013c7a1e04eb0a0100bf14f8013f02
:1046080012f8010f8c4283ea00032370f6d166e7a3
:1046180048ea070292073946534613d15fea9806db
:1046280018bf07eb860607d01a6851f8040b4240fa
:10463800b14243f8042bf7d14246514620462af0ae
:1046480095fb51e708f1ff303844013f1a7817f815
:10465800011f4a40874203f8012bf7d1ece700bf5e
:020000040000fa
:020000040002f8
:104668002de9f04f00f5805587b095f8c8411cb189
:10467800204607b0bde8f08f95f8c59106460f466d
:10468800b9f1000f40f0a78095f89b2195f89c118f
:104698000123013a85f8c531521a95f89831d2b2fa
:1046a800934235d9ba465c1e0c40d5f89431c4eb18
:1046b800041403eb84044ff0ff3094f83a70218f10
:1046c80004900097042304aa04f110001df05afe78
:1046d80020b194f82830032b00f0918095f89c11b4
:1046e80095f89d2195f89e310131c9b20132013307
:1046f80085f89c1185f89d2185f89e3195f89b21b8
:1047080095f89831013a521ad2b29342cbd857460b
:1047180095f89e2195f89f41013a121bd2b29a4210
:1047280046d2ba460df1140811e0cdf800c0d5f80c
:10473800a0310193059bd84795f89f4195f89e2194
:1047480095f89831013a121bd2b293422fd9013b06
:10475800d5f894212340c3eb031302eb83074ff0f2
:10476800ff3097f83a30398f05900093424604237a
:1047780007f110001df006fe0134d7f820b07a6b5f
:10478800d7f824c0011ee4b2034618bf0121304601
:1047980085f89f41bbf1000fc7d1002bced1d5f8ca
:1047a800a021012119f09efe95f89f41c6e75746c2
:1047b80095f8b02142b995f89c2195f89d11013ad8
:1047c800521ad2b29a427ed395f8b031002b5ed0fd
:1047d800002385f8c53195f8c73123b93c462046f2
:1047e80007b0bde8f08f3046fcf752f995f8c631ae
:1047f800002b5fd03c463046fcf74af938e7216b7e
:10480800049a22ea0102e16a01230a434ff0040ee6
:10481800002105924ff0100c0df11408184612ba39
:1048280021606160a160e16084f828e07fb1626b7b
:10483800cdf808c0cde900841df0e6fd09212087e8
:10484800c8b9d5f8a021304619f04cfe46e7e38eea
:104858006260a28ee77003f00f0343f0200352baa0
:104868002370a4f80120204629f03cfa0c2300f01c
:104878000100e070238795f89c110131c9b285f8d1
:104888009c113be795f8b031002b61d1814695f832
:10489800993195f89a1195f89821013b5b1adbb28a
:1048a800934232d3002385f8c531b9f1000f92d075
:1048b8003c4694e787f001013046faf70bfb0446c3
:1048c800002897d097e7013b0b40013185f89d11ef
:1048d800d5f89411d5f8a021c3eb031301eb83019c
:1048e800022385f8b0310b8f009295f8c10101f1d0
:1048f800100224f049fc0028c4d195f89d3185f8b0
:10490800b001013b85f89d315ee7013a0a4001316b
:1049180085f89a11d5f89411c2eb021201eb8201c5
:104928000223d5f8a02185f8b0310b8f009295f8b5
:10493800c10101f1100224f027fc48b995f89a3119
:1049480085f8b001013b85f89a3185f8c50142e741
:0c495800002385f8c5313c4641e700bf54
:020000040000fa
:020000040002f8
:10496400f8b5d0f8d03004465e6828f0e7ffd4f8f4
:104974009c30834200f2d58094f8db5007460db397
:10498400012384f8dc30a36a73b9c4f8a83084f82e
:10499400d830d4f8a030c4f8a430236bc4f8947091
:1049a400c4f8b470c4f8ac30d4f89030227c3b44e2
:1049b400012ac4f89c3000f08680022a17d0002314
:1049c4001b60ffdea36823b1d4f894201344834210
:1049d400d6d360680028d6d029f0eafe02460b46fa
:1049e400d4e9080127f0a4f90028ccd0c8e7b4f929
:1049f4003a0025f07bfe002840f08f80b4f93a009d
:104a040026f016fe48b1d4f8d03089491b683046e8
:104a14001b689847012384f8db30b4f93a0023f08b
:104a24000bfdb4f8de30834201d3002d79d0237c12
:104a340094f8dc10012b40f08c807e4aa2f10c0724
:104a4400608a00231360d360030203f47f0343ea04
:104a5400006393604ff080735360a3691bba1361c2
:104a6400636833b9a368744880fb03c0db17a3eb06
:104a7400a0031bba5361a36a11b194f8d820d31ac6
:104a84001bba3b6028f05aff6c4b1968b0fbf1f07d
:104a9400d4e9252300ba9b1a78604ff47a72b3fbe9
:104aa400f1f001fb103302fb03f3b3fbf1f302fb60
:104ab40003f31bbabb60237c012b00f08c80022b18
:104ac4006ed00120f8bdb4f93c0025f0effe0028bb
:104ad40040f098805a4bd3f800c0bcf1000f3fd08f
:104ae400584b07460ee0217d082927d020291ad0eb
:104af40021b9197d202919d0102917d0e8330130a4
:104b040060452dd09c42fad093f8e120022aead9dc
:104b1400032a08bf83f8e170f0e7b4f93a0022f001
:104b2400c3ff0020f8bd197d1029e7d193f8e010e8
:104b34000029e3d0013283f8e120f2e7197d20292e
:104b4400f4d011f0ef0fd9d193f8e0100029d5d0ab
:104b5400f0e7022b7ff433af3b4a02f118076fe70b
:104b6400a189b4f93c0020f001faa389984240d20b
:104b740094f8e030d4f8c020013384f8e030002aff
:104b840045d028f0dbfed4f8c0309842c9dbd4f815
:104b9400d030e2681b682d495b683046984718e0be
:104ba400b4f8de302849b4f93a00343ba4f8bc30f8
:104bb400342209f007f9342883d0002d81d1d4f8a8
:104bc400d03023491b6830461b689847236b013358
:104bd40023630220f8bde3681b49b4f93c00343b6d
:104be400a4f8bc30342220f0f9f934283ff469af3a
:104bf400e5e794f8e0300022013bc4f8c02084f8d3
:104c0400e03014e7b4f93c0026f00efe89e728f002
:104c140095fe0a4b0f4a1b68642101fb03f303f260
:104c2400e733a2fb032300eb9313c4f8c03078e707
:104c3400602a0000d4cf0020676666661cd400207a
:104c440024d40020b8c70020c8cf0020942a000034
:084c5400c42a0000d34d6210d8
:020000040000fa
:020000040002f8
:104c5c00f0b502298db0044640f382805668944921
:104c6c00304615462af00ff9024600286ed09149bd
:104c7c0030462af008f90246002800f0ce808e4912
:104c8c0030462af000f9002872d08c4930462af0c0
:104c9c00faf800286cd08a4930462af0f4f800283b
:104cac0000f0a580874930462af0edf8002800f086
:104cbc009e80854930462af0e6f8002800f0dc801a
:104ccc00824930462af0dff8002800f0e480804961
:104cdc0030462af0d8f8002800f0df807d493046b5
:104cec002af0d1f8002800f0da807b4930462af00f
:104cfc00caf8002800f0d580784930462af0c3f86d
:104d0c00002800f0d080764930462af0bcf8002804
:104d1c0000f0cb80734930462af0b5f8002840f0fb
:104d2c00ad80714ea868002306a9069313f08cf988
:104d3c00002800f0a9802268069b576860686b49c0
:104d4c003360d5e90123b8470db0f0bda868114612
:104d5c002af06cfb012803463dd92368644901e025
:104d6c00036864495b6860680db0bde8f0401847a3
:104d7c000babf67803930aab029309ab019308ab28
:104d8c0000935d49a86807ab06aa29f060fd0628c8
:104d9c004dd106ab04a90ca853f8042bff2a46d816
:104dac00834201f8012bf7d1a6f13106b6fa86f64b
:104dbc00524b0498bdf814205149760906eb46066f
:104dcc0003eb460398629a852268ab685668606864
:104ddc006a68b44607e0d4e90010484a4c6849496f
:104dec00d363a4461a460db0bde8f04060470022dc
:104dfc001146a8682af01afb6e6831490546304600
:104e0c002af041f8236820bbfe2d60685a6830d91f
:104e1c003d490db0bde8f0401047a86811462af096
:104e2c0005fb012803460bd9236838499ae7236808
:104e3c00aa685b68364960680db0bde8f040184759
:104e4c00d4e900102d4a4c68136432491a46a44622
:104e5c00c9e76a1efe2a60685c6802d92e4923469f
:104e6c0082e7264a95635c682c492b463246a44659
:104e7c00b9e7224a5563f6e7294e53e723682949d7
:104e8c005b6860683246d7e72368aa685b68264986
:104e9c006068984758e7254e44e7254e42e7254e73
:104eac0040e7254e3ee7254e3ce7254e3ae700bf4e
:104ebc00885d00002c5e0000d85e0000e05e000003
:104ecc002c5f0000345f0000b45f0000b85f00008e
:104edc00c05f0000c45f0000cc5f0000d05f00002a
:104eec00d85f0000dc5f00009cce00201860000042
:104efc00905d0000405c0000e85e000078ce002071
:104f0c004c600000b05d0000405f0000345e0000ab
:104f1c00fc5e0000585e0000605f0000805f0000d7
:104f2c0080ce0020e45f00000060000088ce0020ee
:104f3c0090ce002098ce002084ce00208cce002075
:044f4c0094ce0020df
:020000040000fa
:020000040002f8
:104f50002de9f041b64c237eda0784b075d413f006
:104f60000207d1e901566dd1eb68002b6ad0002e03
:104f700068d0b369002b65d0f369002b62d0394645
:104f8000d822201d2af03afa4ff0ff33c4e9033348
:104f9000eb68e3616b68aa68c4e908322b8ea4f859
:104fa000d030a86a2969b446ee69d5e90523c4e979
:104fb0000d062363eb8ea4f8d83003f00103002b19
:104fc000c4e90a121abf02276ff003034ff0ff3340
:104fd00084f8da70c4f8d430bce80f0004f1980605
:104fe000b646aee80f00bce80f00aee80f00bce824
:104ff0000f00aee80f009ce803008ee803000121db
:10500000204626f0c3fa0221204626f0bffa94f883
:10501000a430f3b1d4f8a020142111fb03210ee039
:10502000d3893f2b0ed9b3f5c06f28bf4ff4c063af
:105030003f3323f03f03d3811432914209d0538987
:10504000002bedd14ff0ff3000e0204604b0bde86a
:10505000f081774829f0deff0028f3d0a86bc4f870
:105060009800a36baa8fb28023b1724801219847a0
:105070000028e7d06e4800223f2128f0f9fad4f842
:10508000b06027893368d4f8b41038469847431c79
:1050900000f08d80e0600321736938469847411c19
:1050a00000f08580d4f8b430b4f8a82019890091b4
:1050b0002061adf804209a7a8df806200f228df831
:1050c00007201a69f36a029269465b4a98470028ea
:1050d0006ddb57481cf030f8b4f8c8309a076ad432
:1050e0005a04d904980801f0806102f000520a4382
:1050f00000f4c07111435a0102f0400200f0400078
:105100001143da09014302f0100211439a0a02f036
:105110000802db43114303f00103454841ea431110
:1051200029f08cff42480af095ff00283fd1404803
:1051300010f00ef800283ad13d4813f059fd07460b
:10514000002834d194f8a460002e44d0dff8e08029
:10515000014603e094f8a4308b423cd940461ff04e
:10516000effd01370646f9b20028f3d030483f2161
:1051700027f06efc3f212e4827f080fc2c4828f0b9
:1051800085fdd5e908652a4800223f2128f070fafc
:1051900027483f2127f05cfcc4e917650023a4f8e9
:1051a0005630a4f85430a4f85a30a4f858302048a7
:1051b00007f046fd46e74ff0ff324ff0ff33cde9f1
:1051c00000231b48002369468df80c3008f0d4f802
:1051d000b4f8c83084e716483f2127f039fc3f2156
:1051e000134827f04bfc124828f050fd3246104877
:1051f0003f21d5e9087528f03bfa0d483f2127f0fb
:1052000027fc227ea4f8566042f001020023227699
:105210000122c4e91e33c4e91c330548a4f85460d4
:10522000a4f85a60a4f85830e765256622750de7a2
:0c5230002cd6002094d6002068d6002068
:020000040000fa
:020000040002f8
:10523c002de9f04f0f2185b0022028f091fac1071b
:10524c00074604d4bb0750d405b0bde8f08f8046a8
:10525c0005e06ff00d010222304627f0e5fc02203c
:10526c0029f0b8ff064600283cd0b4692188628832
:10527c00e38848ba52ba5bbab1f5807f208062806d
:10528c00e380e6d1a28840f206439a42e1d1a369b9
:10529c00b06a029302a927f049ff836d984db3f8c9
:1052ac0076306a68b062c3eb0313074603a952f861
:1052bc002300d4f80e30039321f0ecfb814628b187
:1052cc00014604f1080238461af07cf8029a7b6811
:1052dc009a4200f0b48097f874301a0700f1ca8033
:1052ec000221b8e74746bb07aed5854d854baa6969
:1052fc0002f5fa62a3fb02139b09c5e905322af0f9
:10530c0057fc6e68814600289ed04ff0000803e0e1
:10531c0008f10108c14597d0404629f077f8836d14
:10532c0098420746f4d1746a84b36b69a0686a6bbf
:10533c001b1a9342b246a4f1040131d35af8240b40
:10534c0029f0e4fe504622f05bfc211d4ff0ff33a8
:10535c000022384623f096f8746a002ce5d115e04b
:10536c00a0686b692a6b1b1a93423068a4f1040184
:10537c0010d329f0cbfe06f1140022f041fc6ff0a3
:10538c0002030022211d384623f07cf87469002c9e
:10539c00e6d13068426a736b9a4231d23c36b7e739
:1053ac0097f843a00af0100a34f804cc638a1cf472
:1053bc00007f14bfb5f84220b5f8402093421bd2b1
:1053cc00a0686a69a96b121a01fb03f39a4213d302
:1053dc004d484ff0000e0121baf1000f02d01cf421
:1053ec00807f09d063687a68cde9000e384614f0e6
:1053fc0047fb638a013363822468002cd4d1c5e750
:10540c00b36b002bcad04ff0000a06f1140b0ee060
:10541c00306829f07bfe6ff003030022211d384613
:10542c0023f030f8b36b0af1010a9a45b6d258460c
:10543c0022f0e6fb0446011f0028e9d1aee7ba468c
:10544c009af84330da063ff54bafb9f1000f28d08c
:10545c00e388012b7ff444afd4f80e30daf8042043
:10546c000af13c010834019138460094022114f0f1
:10547c0007fb35e702a825f0f5f9824600283ff432
:10548c002faf90f874301b077ff52aafd0e90132ab
:10549c0003ea0201d7e90132134099427ff420afad
:1054ac00cee7bb6d6a68b3f87630c3eb031302eb3f
:1054bc00830903a9d9f8000021f01cfb0146002840
:1054cc00c6d00378980715d50b88a0686d690a4675
:1054dc0023f0c00343f0800322f8103b0861a3893a
:1054ec0093800123cd60cb8209f11400043122f0aa
:1054fc005bfbade704f10802384619f063ffa7e740
:0c550c0030ce0020d34d6210a4d7002048
:020000040000fa
:020000040002f8
:105518002de9f04f0f21abb0182028f023f910b96e
:105528002bb0bde8f08f9e4edff8b8823388d8f8ec
:105538000040002bf4d0b4f9009001974846083495
:10554800002514f806bc26f0c1f968bb484626f0c9
:10555800d9f948bbbbf1040f00f21a81dfe80bf060
:105568002f84613913008f493722484620f0bafb4f
:10557800484625f0a1fd019b23f0ff0303f1010b31
:1055880001935ffa8bfb338804f806bc01359d4212
:1055980004f11804c4d234f9089c14f806bc48462f
:1055a80026f094f90028d1d048461ef0f9f854f8ae
:1055b800040c20b123f08ef8002344f8043c0022a8
:1055c8005021484614f006fc4f28ccd84ff0000b69
:1055d800d9e700225021484614f0fcfb4f28d2d9c5
:1055e80071493322484620f07dfb0323484663f384
:1055f800070a25f061fd6d48002249461ff024fd89
:105608000af1010b5ffa8bfb44f8040c0028bad1ad
:1056180067493722484620f065fb48461ef0c0f827
:10562800d4e734f9089c00225021484614f0d2fbf4
:105638004f28a8d915ab049353220df10e0304a9e2
:1056480048461af07dfa00289dd002283ed1002352
:1056580023606360a360e36056491822484620f03f
:1056680041fb55491322d5e734f9089c0022502103
:10567800484614f0affb4f2885d915ab0593532244
:1056880004ab05a948461af05bfa00283ff47baf43
:105698000228e1d04949059824f044ff01460590c5
:1056a800002864d00f2220462af044fb0023e3732d
:1056b800bdf810200021484615f03cf940494846fd
:1056c8000d2220f00ffb4ff0020b5ce73b490498da
:1056d80024f028ff83460490002854d0394b1968d9
:1056e800002946d0d8f800203749a4f108039b1aae
:1056f8001f46f843354a4ff4a673c00f29f06cffd4
:10570800334aadf81890fb1002fb03f3adf81430e0
:1057180048460223adf8163026f014fd07a9adf867
:105728001a0026f00bf9274b1b681f46294b5946d0
:1057380005aa1b682046b84753228346002115a8ae
:1057480029f058febbf1000f17d00021bdf80e203c
:1057580021606160a160e160484615f0ebf81e49e0
:1057680048461c2220f0befa4ff0030b0be72070ce
:105778009ee715a8532229f03dfe002323606360ad
:10578800a360e3606de720606060a060e06068e7a8
:10579800124a134940f2aa23002029f01dfff2e61d
:1057a80004d3002064b804003039000058f2040023
:1057b80064390000d0380000ec38000038320000ae
:1057c80000390000b4d40020bc32000050f60400b8
:1057d800abaaaaaab0d400201039000034ef040004
:0857e8009c390000c0d4002030
:020000040000fa
:020000040002f8
:1057f0002de9f047adf5027ddde98d548b9f002842
:1058000000f05c818946002900f058819246002a08
:1058100000f054811e46002b00f050818a9b002b23
:1058200000f04c818c9b002b00f04881002d00f093
:105830004581c3698046042b65d8dfe803f06640e4
:10584000125874005146484625f052f90446002883
:1058500076d140f289221023c8e908230223c8f830
:105860001c3040f206239f4200f0b28040f28523b4
:105870009f4263d1002341f2a410029321f05aff0a
:10588000c8f814000446284621f054ffc8f80c005c
:10589000002c00f01681002800f013812046d8f873
:1058a0001820d8f800101cf03fff0446002847d10c
:1058b000b5f5007f40f2c8806ff0830440e0426895
:1058c00040f292239c4243d8b4f5227f63d2b4f5d0
:1058d000d07f4ad06ff401731c44072c38d8072cb2
:1058e00036d8dfe804f03835353835354d4240f2ea
:1058f00006239f4200f08d8040f285239f4200f0f6
:10590000b9800423c36100241ae08762202021f0bb
:1059100011ff0246c8f80400002800f0d2800123dd
:10592000c8f81c30cce740f206239f4200f0848088
:1059300040f285239f42e6d10024a9e06ff0930452
:10594000404622f097fa20460df5027dbde8f0872b
:105950006ff0e704f4e75146484621f0b1fa0446f7
:105960000028edd15822142376e75146484621f00d
:10597000d7fa04460028e3d14ff4cf7220236be717
:105980005146484625f0d4f804460028d8d140f2c4
:10599000a1121c2360e7a4f522740a2cd8d801a315
:1059a00053f824f04558020057590200515902009b
:1059b0005159020051590200515902005159020037
:1059c0006b590200515902005159020081590200dd
:1059d0000023c8f8103040f60410029321f0aafe0c
:1059e000c8f8140000286cd0d8f81820d8f8001097
:1059f00024f0e4f8041ea3db8a9bd8f8142002a943
:105a0000304608f069fc041e9adb99d10323c8f8dc
:105a10001c30d8f814208c9808f11003cde900321e
:105a20002946d8f82430d8f8042014f051fc002876
:105a300007db0423c8f81c30d8f81030012b3ff4e2
:105a400062af6ff09a047be78a9bd8f8142002a912
:105a5000304624f07dfc044600287ff471af8c9919
:105a6000d8f80c002a4629f085f90323c8f8084025
:105a7000c8f81c30d8f81430d8f80c0008f1080227
:105a8000294627f087f9041edbdb0423c8f81c3005
:105a9000d8e90832d8f8041002a81df0bbffa042d4
:105aa000cfd1d8f808000028cbd0224602a928f090
:105ab0009cf8041e18bf6ff09a0441e76ff0ac0425
:085ac00041e76ff07c043be7b5
:020000040000fa
:020000040002f8
:105ac8002de9f04f9e68adf28c6df407039140f11b
:105ad8002981002404ad21468146174606a84ff4c3
:105ae80008729846c5e9004429f084fc21464ff421
:105af800087290a8c5e98a4429f07cfc21464ff435
:105b080008720df58d60c5f85044c5f8544429f065
:105b180071fc4146284613f0e1fb0446002840f09a
:105b28000381d8f80030d9f80040a34219dcc0f24c
:105b380000815a1e00f1fd80023308eb8301a44660
:105b480009eb830304e0c0f0f480501c00f0f180fe
:105b580051f8044d53f8040d844202f1ff32f2d992
:105b68006446d9f80430c5f8284209f108014ff411
:105b780008720df50e7b90a8c5f82c3229f0f6f8be
:105b88005b4642462946584621f0bcfc044600289c
:105b980040f0ca80b21c520002f008027b1e324458
:105ba800029302fb06f3c3f1020303fb02f202fbba
:105bb80006f3c3f1020303fb02f202fb06f3023b06
:105bc80003fb02f3824600934ff00109cdf80480ed
:105bd800b9f101090bd1029a531c00f0c280931c41
:105be800039951f823a0531e02934ff02009d5f8ca
:105bf80028122b68d5f8508499420a46a8bf1a463d
:105c08009942acbf5218d218872a4feada764fea7f
:105c18004a0a00f387800df58c673a4659462846ac
:105c28000df0a0fe0446d5f8500400280bdb804593
:105c380009dda8eb000200f58b70920005eb8000ef
:105c4800002129f0d7fb002c6ed1dde900210123ca
:105c5800384607f0dbff0446002865d14d4b86f037
:105c6800010253f8264053f8226005ea04000beac3
:105c780006031844b8420cd0d5f85424d5f850344b
:105c88000df58d61c0e9003208304ff4087229f033
:105c98006df82e400bea04042644be425ed07268ba
:105ca800d6f80080c5f8542406f108014ff40872ac
:105cb8000df58d60c5f8508429f058f84fea480270
:105cc800872a2fdc3946384609f096f80446d5f875
:105cd800500400280bdb804509dda8eb000200f525
:105ce8008b70920005eb8000002129f083fbdcb962
:105cf800dde900210123384607f088ff044698b9fa
:105d0800be423ff465afd5f85424d5f8503406f1b7
:105d18000800c6e900320df58d614ff4087229f0cc
:105d280025f855e74ff0ff3420460df28c6dbde89d
:105d3800f08f0df50e7b48465a4641461ff0eefca3
:105d480004460028f0d15b4642462946584621f0d1
:105d5800d9fb044600283ff41dafe5e7d5f8508489
:105d6800ace7ddf80480009a41460123284607f095
:105d78004dffd5e90023ddf8b0164b60ddf8b036ed
:105d88000a6004464ff4087206a903f1080028f0d7
:085d9800edffc9e78c000500d6
:020000040000fa
:020000040002f8
:105da000002800f0208190f8343213f0600f10b515
:105db00003f0010204464fd18ab9d0f8d830002b45
:105dc00000f00c811b68002b00f00881d0f8dc305b
:105dd000002b00f0fe801b68002b00f0fa80d4f846
:105de0009c30cbb120461bf0c3fd80bbd4f82831da
:105df00093b994f83a32d8070ed494f84422131f7a
:105e0000dbb20a2b08d840f2777121fa03f3d907e5
:105e100044bf013284f84422204626f047fdb0b941
:105e200094f84432102b14d8dfe813f0200013004c
:105e3000130013002800320003011300ed00f200ec
:105e4000f700fe008d009c00ac00b700be00c4f857
:105e500010014ff0ff3010bd844bc0f81031f8e74f
:105e60002af028f90028c4f81001f2db94f83f3238
:105e70000b2b2046f4d9042384f84432204602f048
:105e8000e7f8c4f810010028e3d1052384f8443270
:105e900094f83532db0656d42046f3f719fdc4f8e2
:105ea00010010028d5d194f83532062203f01003f2
:105eb00084f84422002b46d120462af0b7f9c4f8d2
:105ec00010010028c5d194f83532082203f01003e0
:105ed00084f84422bbbb2046edf76efdc4f81001e8
:105ee0000028b6d194f83532092203f0100384f863
:105ef000442243bb94f93432002bc0f29f8094f8c3
:105f000039320a2243f0400384f8393284f84422bb
:105f100020460df0c3fdc4f81001002899d194f873
:105f200035320b2203f0100384f8442233b10ae027
:105f30002af0c0f80028c4f810018adb94f83f3238
:105f40000e2b2046f4d94a4bd4f834221340802b30
:105f500005d194f8393243f0400384f839320d23e7
:105f600084f8443294f8393258067ff572af2046ef
:105f700013f048fcc4f8100100287ff46aaf0e2328
:105f800084f84432204613f089fac4f8100100283e
:105f90007ff45faf0f2384f8443294f83532d9068a
:105fa0002bd4102384f84432236b2bb1616b204631
:105fb00098470028fff64baf94f836325a0703d4bf
:105fc00094f839321b074cd50023c4f81031012056
:105fd00010bdd4f8783202337ff401af6ff49e73b2
:105fe000c4f8103135e74ff0ff3070472af062f8ff
:105ff0000028c4f81001fff62caf94f83f320e2ba6
:106000002046f3d9cde794f8353203f0100361e769
:1060100094f8353203f010036be794f8353203f04f
:106020001003002b8fd173e794f8353203f010037f
:106030007ce794f8353203f010033be7204603f089
:1060400091fac4f8100100287ff403af94f83532b8
:106050000a2203f0100384f84422002b7ff473af6c
:1060600056e720460ff012faaee700bfa8feffff8a
:04607000801200405a
:020000040000fa
:020000040002f8
:106074002de9f04fcab287b0032abdf84060bdf8dd
:1060840048c0bdf84c40bdf85070c1f3072100f082
:10609400fc8000210d46002846d090f85621002aa5
:1060a40042d1179a002a42d1bcfa8cf252090192c9
:1060b400002f3ed0002d00f00581002c00f013814c
:1060c4004ff42f538380092303930723029303235d
:1060d4001f460a22179b4ff0080e4ff006094ff097
:1060e400050a4ff0040b4ff0020840e0002940f08d
:1060f400dd800a4602804288b2b9019a5cea040c47
:1061040043ea020305d04ff44172a0f830214ff066
:10611400020c3bb10cf59873834ac2500cf1040c89
:106124001ffa8cfca0f802c007b0bde8f08f012272
:106134000192002ddad0002c00f0b0804ff42f52e1
:106144008280002b00f0d580784ac0f806200b2707
:106154000d22039202970e224ff00c0e4ff00a0903
:106164004ff0090a4ff0080b07274ff00608804448
:10617400074404976ff03f0788f80470049f4ff0ba
:10618400230887f8048000295dd00299039f834483
:106194000144814488468244c0218bf8041086441b
:1061a4004ff00a0b8af804b0074489f804104ff042
:1061b400090988f804908ef804100821397163b332
:1061c400511c02f1020902f10308171d02f1050e28
:1061d40002f1060b924689b21ffa89f91ffa88f870
:1061e400bfb21ffa8efe1ffa8bf282444ff0c00b2f
:1061f40001448af804b0814480444ff0140a81f8c1
:1062040004a007441321864489f804b088f80410d4
:10621400122187f804b08ef80410002d3ff46aaf01
:1062240054b3511c1ffa81fa911c1ffa81f9d11c35
:1062340089b20291111d1ffa81fe511d89b2039189
:10624400911d93468ab20299039f00eb0b0501440a
:1062540000eb0a088a46c02129718144ac25864492
:1062640088f804500744ae2589f804108af80450cd
:106274008ef80410af213971002e3ff43baf811822
:106284002b4d4d60043292b234e729b1022994bff8
:10629400002501250121fee60d46fce6002b39d040
:1062a400224a4260042200298ad1e5e77cb9f3b18d
:1062b400a24606224ff0050e04274ff003084ff0c4
:1062c400020992e791b13cbb2346224612e78a4673
:1062d400052103910321ab4606224ff0040e0291df
:1062e4004ff0020951e723462246c5e70b461a46fa
:1062f40000e709220727039202970a224ff0080eab
:106304004ff006094ff0050a4ff0040b03274ff036
:1063140002082ce71a46afe7064a42604ff40c62c3
:1063240002812b460622e5e604010301c02fc027a3
:08633400c037d001c00ac00906
:020000040000fa
:020000040002f8
:10633c002de9f04fd0f81080b0f814c0a8f868c060
:10634c00c47d98f84330d8f8445064f3830388f83c
:10635c004330d8f85830984597b0064689461746ca
:10636c0000f08880934cb9f1000f44d10021636890
:10637c00304698470546002858d08f4b0c349c4229
:10638c00f1d1d8f85000d8f8583000286cd0984586
:10639c0056d098f8432002f03f0242f0400288f8b1
:1063ac00432093f84220520660d593f8752088f864
:1063bc00752003f13c0292e80300c8f83c00d86c4d
:1063cc00a8f84010b8f8421043f6bf720a40196d95
:1063dc0042f40042c8e91301596db3f86e30a8f8c5
:1063ec006e3042f040022846a8f84220c8f85410fb
:1063fc0017b0bde8f08f228807f1ff3c002f00f0aa
:10640c00b3804b4605e000bfbcf1ff3f03f108032e
:10641c00acd0b3f800e096450cf1ff3cf4d15968d0
:10642c0063683046984705460028a6d129f00efc33
:10643c00002840f09b800025284617b0bde8f08f5f
:10644c00d8f844300122db6c40f296719847002852
:10645c0000f0938098f84320d8f8583002f03f02af
:10646c0042f0400288f8432098459ad1284617b04c
:10647c00bde8f08fd8f85410b9f1000f12d0b5f870
:10648c0000e0013a77b14b4604e000bf501c03f129
:10649c00080307d01888704502f1ff32f6d159680d
:1064ac00c8f85410012c7ff45daf444b01914ff0b0
:1064bc00000a1b88cdf848a0adf848303388adf8f9
:1064cc0044303f4b06933f4b07933f4b0893b368c5
:1064dc0009933e4b0a933e4b0b933e4b0c933e4b16
:1064ec000d933e4badf846c00e93cde913aacdf8f3
:1064fc003c80cdf840a0cdf854a029f03bfef38aa7
:10650c00adf84c30adf84a00b8f84030d8f83c0043
:10651c0001991490adf854300df1180b0591ab683e
:10652c002888adf84e40cdf810b08df80ca003a91a
:10653c009847c8f84c0001302dd0eb69288803210e
:10654c009847c8f8500001307ff40cafc8e913aa83
:10655c0029f07cfb00283ff46eaf29f071fb204939
:10656c006a681ff001f866e7394600e729f068fb16
:10657c001c4922881ef0f8ff5de729f067fb002814
:10658c003ff459af29f05cfbd8f8443016495a68ef
:10659c001ef0eaff4fe7c8f84ca029f057fb002883
:1065ac003ff449af29f04cfb10496a681ef0dcff40
:1065bc0041e700bfc841040040420400f4d500206c
:1065cc00710105007501050079010500c90404007d
:1065dc00bdb7040035cc04009d5404008d85040027
:1065ec00cc330000f0330000243400009c33000056
:020000040000fa
:020000040002f8
:1065fc002de9f04f87b0456800931446002a00f04f
:10660c0098809d4b8c460fcb02ae3746b64607c6dc
:10661c00338007cf3388acf80c30ccf80000ccf8c2
:10662c000410ccf8082095f80231ccf82430012c59
:10663c0000f08780914b0fcb764607c677463370b8
:10664c0007cf8cf83430ccf82800ccf82c10ccf8d0
:10665c0030206b7fccf84c30002b76d0022c70d0d5
:10666c00874a07ca8ee80700734607cbccf8500060
:10667c00ccf85410ccf8582095f80b31ccf8743079
:10668c00032c5ed07f4a07ca8ee80700734607cbff
:10669c00ccf87800ccf87c10ccf880206b7eccf851
:1066ac009c30042c4dd0784b0fcb764607c626f881
:1066bc00023b1b0c3370774607cf8cf8ae303b880f
:1066cc00ccf8a000ccf8a410ccf8a820acf8ac30d6
:1066dc00ab7eccf8c430052c33d06c4b0fcb8ee892
:1066ec000f0076460fceccf8c800ccf8cc10ccf806
:1066fc00d020ccf8d430eb7eccf8ec30062c20d06b
:10670c00634b0fcb8ee80f0076460fceccf8f00023
:10671c00ccf8f410ccf8f820ccf8fc302b7fccf86b
:10672c001431072c0dd008274ff48c7b4ff0070a3f
:10673c0012e06ff00507009b38461c6007b0bde8ff
:10674c00f08f27463c460027f5e7022cf9d00327ab
:10675c004ff0500b4ff0020a4e4b0fcb764607c64c
:10676c00f0463380b8e807000ceb0b094cf80b0033
:10677c003388c9f80410c9f80820a9f80c302b7e0e
:10678c00c9f82430bc42ddd9434b0fcb07eb87084b
:10679c00774607c7f1463b80b9e807000cebc80bfe
:1067ac004cf838003b88cbf804100af10206cbf801
:1067bc000820abf80c30eb7fcbf82430b44202d875
:1067cc0034460027b7e7354b0af1030201920fcb91
:1067dc00774607c7f1463b80b9e8070006eb86060b
:1067ec000cebc60b4cf836003b88cbf80820019a12
:1067fc00cbf80410abf80c3095f82030cbf82430e3
:10680c0094424feac60802d8019c002793e7244a19
:10681c0007ca8ee80700734607cb08f128070ceb74
:10682c0007064cf807000af104097160b260ab7fef
:10683c0073624c4502d84c4600277ce7194b0fcbb2
:10684c007646aee80700aef8003007ce08f15008e7
:10685c000ceb08094cf80800bef80030c9f804101d
:10686c00c9f80820a9f80c302b69c9f824300af1b2
:10687c00050400275fe700bf1003000020030000a1
:10688c00300300003c0300004803000058030000e4
:10689c0068030000780300008803000098030000e0
:0868ac00a8030000b403000082
:020000040000fa
:020000040002f8
:1068b4002de9f04f8bb01c468346019201f13f0055
:1068c4004a1ca2eb90122068069302eb42020023ba
:1068d400b0eb920f07910993c0f03f81032940f276
:1068e4003f81984609aa07a9584613f0dffa002801
:1068f40040f02d81099b1bf8035001330993002daf
:1069040000f0e880079b5846013b079313f0cefa4a
:10691400002840f01781099b581c1bf80340079b73
:106924000990013b5846079313f0c0fa002840f041
:106934000981079b0998013b1bf800600793431cde
:106944005846099313f0b2fa002840f0fb80079ae6
:10695400099b013a029207923d2e03f101021bf8b2
:1069640003e0099200f0ca80aef13d03b3fa83f369
:106974005b090093a5f12b03dbb24f2b00f2ca8015
:10698400a4f12b02d2b24f2a00f2c480a6f12b0448
:10699400e4b24f2c00f2be80aef12b015ffa81fa13
:1069a400baf14f0f00f2b680009980f0010581f032
:1069b40001010d44069908f1010909684d448d420d
:1069c40000f2cb8002f00f07664d47f0400703f05a
:1069d4003f0cef5d059703f00f0115f80c7003975a
:1069e40002f03f0c41f0400115f80cc0039fcdf8b4
:1069f40010c0c3f13f03c3f3c01c695cc2f13f0282
:106a040043f3c0130cf1ff3c0cea070c1940049f3c
:106a1400c2f3c013013b3b40059f42f3c012174031
:106a24003d2e4cea010147ea03076ed004f00f0340
:106a340043f04003bef13d0fee5c04f03f03c4f1ac
:106a44003f04ea5cc4f3c01303f1ff3344f3c014fe
:106a540003ea020306ea040646ea030667d00af0dc
:106a64000f0343f04003ff29ea5c0af03f03ec5ca8
:106a7400caf13f05c5f3c01303f1ff3345f3c01555
:106a840003ea040302ea050243ea020342d0ff2fa9
:106a940040d0ff2e3ed0ff2b3cd043ea8613dbb21e
:106aa400c6f38706019a890041ea171102f8081013
:106ab40028b946ea071602f8096008f10209009aa3
:106ac40052b9019a02f80930029b032b09f101081b
:106ad4003ff608af4746b946019a32b1069b1b6898
:106ae4004b4584bf002302f80930069b4ff0000a8f
:106af4005046c3f800900bb0bde8f08fbef13d0fd7
:106b040008d101230093184634e7bef13d0f07d0a6
:106b14000026a4e76ff0990a50460bb0bde8f08f49
:106b2400ff29f7d0ff2ff5d000231e46bae7ff292f
:106b3400f0d0ff2feed0ff2eecd0b301dbb2c6f3c2
:106b44008706afe7824650460bb0bde8f08f10f1e0
:106b5400840f47468246bed0dee76ff0ac0adbe71f
:086b64009946b9e7308e0400e8
:020000040000fa
:020000040002f8
:106b6c0070b5acb028f0faff03284ad01aa81af076
:106b7c0085ff60b1984848221aa928f0f5f8974b80
:106b8c00974a984805211cf055f92cb070bd442249
:106b9c0009a90ff055fa00bb934b099a9a421cd1e4
:106bac000a9b042b19d1199d90490df123000df16d
:106bbc0063044ff0ff3200bf10f8013f08265a4023
:106bcc0042f300030b40013e83ea5202f8d1a0428b
:106bdc00f2d1d243954200f0af80402209a90020a7
:106bec000ff02efa18b9804b099a9a420cd0804bb0
:106bfc001968002971d178480ef06afe1ff046fa28
:106c0c00bde721f0ebfbb1e70a9b032befd1189dfd
:106c1c0076490df123000df15f044ff0ff3200bff8
:106c2c0010f8013f08265a4042f300030b40013e86
:106c3c0083ea5202f8d1a042f2d1d2439542d6d186
:106c4c0013ab93e803000b9b1c930d9b1e930c9ba7
:106c5c001d93109b2193ddf85230634aadf89410cc
:106c6c00cdf89630dde916131a920e9a1f92129aed
:106c7c0023922791bdf856200f992490adf89a20b5
:106c8c000520119a209159491b902292cde92a6630
:106c9c0029960df1670028930df1ab054ff0ff32eb
:106cac0010f8013f08245a4042f300030b40013c0a
:106cbc0083ea5202f8d1a842f2d1d3431aa948224e
:106ccc0045482b9328f050f81ff0e0f9494905236b
:106cdc00032220461ef048fc51e707a8182200bfeb
:106cec0021fa02f3dbb2a3f120045e2ca2f108021c
:106cfc0088bf3f2312f1080f00f8013bf0d109ab1c
:106d0c003d4a019310783d4b3d4a3e493e4c099417
:106d1c00002818bf13463d4c009305220b680492c3
:106d2c00002002923a49039407aa8df820008df8ae
:106d3c0028001ef019fc5ee72b4a1a9213ab93e85d
:106d4c0003000f9a0b9b0e9c1c9320920d9b109a88
:106d5c001e931f94119b2192dde916422293129be4
:106d6c00adf894102393ddf85210189b0c9d2490d1
:106d7c002794bdf85600cdf8961005241b49adf8a4
:106d8c009a00cde92a661d951b940df16700cde99b
:106d9c0028230df1ab0c4ff0ff3200bf10f8013f70
:106dac0008245a4042f300030b40013c83ea520290
:106dbc00f8d16045f2d1d3431aa9482206482b9347
:106dcc0027f0d2ff1ff062f9124905230422204656
:106ddc001ef0cafbd3e600bf78ce00201065000081
:106dec0018660000a4b20400524249542083b8ed46
:106dfc0038d50020f063000007d600209c6000000e
:106e0c009860000034d50020544942520c610000b7
:086e1c0038640000b0630000bf
:020000040000fa
:020000040002f8
:106e24002de9f04f044699b00d4621b100230b60c3
:106e34004b608b60cb601cb1204627f0a5ff18b9ce
:106e4400002019b0bde8f08f0023cde90333cde96c
:106e5400053321460b4613f8012b202aa2f109061b
:106e640077d0042e75d90444661a00bf14f8013d86
:106e7400202ba3f109026ed0042a6cd9402edfd84e
:106e8400324607a828f058ff06f160036b4400223d
:106e940003f8442c9df81c305b2b00f0fb8007abff
:106ea40019460a460f4612f8010b2028a0f10904de
:106eb40000f0e480042c40f2e180334400931c464b
:106ec40013f8012d202aa2f10900f7d00428f5d9de
:106ed4004ff0000984f800900c783a2c00f0e78019
:106ee4004ff0ff0960b227f039fc0028a8d00d2c20
:106ef40007f101074ff000064ff0100aa84663d8c7
:106f040042f20163e340db0768d401ab00253a2c6d
:106f140023d8dfe804f02b22222222222222222b51
:106f24002b22222b2222222222222222222222222b
:106f34002222222222222b22222222222222222224
:106f440022222222aa2b222222222222222222228c
:106f5400a00019467ee7013e88e70135052d3ff480
:106f64006faf03f8014b17f8014bd0e705f160034d
:106f74006b44002203f85c2cdff84cb1002352462a
:106f8400694601a8cbf8003028f05efadbf800303f
:106f940080b2002b7ff454af28b901ab1d44009b91
:106fa400ab427ff44daf18ab03eb460340ba013656
:106fb40023f8540cf6b28cb13a2c3b7860d01c46c2
:106fc4000d2c07f101079bd9a4f12003dbb21a2b86
:106fd4009bd83c4a22fa03f3da0796d5082e454695
:106fe4003ff62eaf6ad0b9f1ff0f3ff429af731efd
:106ff4005ab24ffa89f09042dbb211dcc6f10804b0
:107004001a1918a9d2b201eb420201eb4301013b68
:1070140031f8541c22f8541c5ab28242dbb2efda23
:10702400a6eb0902c2f1070291450bd8002118ab67
:1070340003eb490309f101095ffa89f9914523f842
:10704400541cf4d92db103ac0fcc28606960aa603c
:10705400eb600120f5e605f160036b440022baf110
:107064000a0f03f85c2c87d1eae605f160036b4450
:10707400002203f85c2c4ff00a0a7de7114610e762
:107084003a2b9cd1b9f1ff0f7ff4daae17f8013f28
:10709400b14694e7731e07a807a91944c35c5d2b86
:1070a4007ff4ceae0a70023e0df11d03f8e64b7874
:1070b4003a2b7ff4c5ae8c788f1c13e7b9f1ff0f20
:0c70c40095d1bfe701c00004d4d5002026
:020000040000fa
:020000040002f8
:1070d0002de9f04fadf6bc7d0df1140882468b46cc
:1070e00091460021282240461d46ddf8e07fddf86c
:1070f000e46fcdf8108028f081f90123c8f81c3026
:1071000099abc8f81830baf1000f2bd057b34eb373
:1071100045b3b9f1000f25d02b68023b012b21d8d4
:107120006b680133052b1dd82b69dbb10fa827f045
:1071300099fa044620b120460df6bc7dbde8f08fdb
:10714000286904a9082203f0fbff044688b10fa8b0
:1071500028f0d2f840461bf0a5fa20460df6bc7d7b
:10716000bde8f08f6ff0a90420460df6bc7dbde8a8
:10717000f08fd8f80c0027f091fab0ebcb0f4ed27d
:10718000514600f1070a4feada0a039052460fa867
:1071900029f032f804460028d9d1039bb3ebca0f7b
:1071a00006d203f00703c3f108010fa829f026f85f
:1071b00040f6041200210df2b4606c6928f01ef94b
:1071c0000023cde900336ff00103cdf86c3f0df6dd
:1071d000f4020df61c330df2cc610df6445019f09b
:1071e00049fe28bb0df28c40cdf8c84627f03afa8c
:1071f000044600b30df28c4027f042fa0df2cc6049
:1072000028f07af80df6f40028f076f80df61c3028
:1072100028f072f80df6445027f032fa97e75a46f4
:1072200051460fa828f0e8ff04460028c0d08ee79a
:107230006ff07c048be74ff0410abaf1010a00f0cd
:107240009a802b690df28c421968d8f80c304846a8
:107250001cf09afc10f1790f0446eed00028c9d139
:107260004ff0400a2a690020d2e9001300900df285
:10727000b462484614f082f804460028bad1d8f81f
:107280000c103a460df2cc6028f0aaff0446002804
:10729000b0d1384628f00afd002858d10df64453e5
:1072a000d8f80c200df28c41184628f095ff05f512
:1072b000d26b044600289dd10df64452d8f80c102c
:1072c000104628f08fff0446002893d1d8f80c20f0
:1072d00058463346394628f07fff0446002889d1b6
:1072e000d8f80c20334631460df6445028f074ff90
:1072f000044600287ff47eaf0df64453d8f80c20e6
:107300000fa9184628f068ff044600287ff472afe2
:10731000d8f80c20334631460df6445028f018fac0
:10732000044600287ff466afd8f80c2033460df2ef
:107330008c41304628f050ff044600287ff45aafb5
:10734000304628f0b3fc044600283ff453af0df25a
:10735000cc6027f0d1ff0df6f40027f0cdff0df63d
:107360001c3027f0c9ff0df6445027f089f9baf117
:0c737000010a7ff477af6ff0c6043be722
:020000040000fa
:020000040002f8
:10737c002de9f04f93b01c4605931646dde91c32ff
:10738c000c2a80468a464fea141700f0ba80009205
:10739c00102202920aac00221146019400f0d6fb96
:1073ac0094e80f000ead564585e80f0000f0c08044
:1073bc00059b0f2b1ed8d146059b13f00f0757d1f9
:1073cc001e9b002b00f099801f9b02931e9b019328
:1073dc00059b0093dde920124046534600f0b6fbb6
:1073ec0006aa29464046f6f7c5fa00286dd013b018
:1073fc00bde8f08f0aeb0719d4460df1340b2a4681
:10740c0012f8013d0133dbb213700bb95a45f7d1b9
:10741c0027460fcf0cf1100ccc454cf8100c4cf847
:10742c000c1c4cf8082c4cf8043ce8d1059b23f0c0
:10743c000f0752463b46514640461ff0e5f846ead8
:10744c000a02920740f0b780aaf10402301f07eb42
:10745c00020c00bf52f8043f50f8041f624583ea47
:10746c0001031360f6d13e44059b13f00f07a7d020
:10747c0029460da811f8013d0133dbb20b700bb995
:10748c008142f7d1214606aa4046f6f773fa002846
:10749c00add106aa42ea070049ea0000304383074f
:1074ac00314640f0a980bb088ad0a9f1040906eb4b
:1074bc00830400bf51f8040b52f8043ba14283ea49
:1074cc00000349f8043ff5d17ae7dde91e321a438f
:1074dc0012f0030f06ab1f9a7dd072b11f9a1e9942
:1074ec001e98013a0139024411f8014f13f8010baf
:1074fc00914280ea04000870f6d1002013b0bde878
:10750c00f08f186859689a680aac254607c54ff081
:10751c00000c0123adf834c08df836c08df837302f
:10752c0094e80f000ead564585e80f007ff440af90
:10753c0097b306eb0716d1460df1340b2a4600bf64
:10754c0012f8013d0133dbb213700bb95a45f7d178
:10755c0006aa21464046f6f70dfa00287ff447affd
:10756c0019f0030f1ad1d9e9002306994a40c9f83a
:10757c000020079a5340c9f80430d9e90213089a3d
:10758c004a40c9f80820099a09f10800534009f14a
:10759c0010094360b145d1d1b1460de74b4606a960
:1075ac0009f110091a6851f8040b424043f8042bf6
:1075bc004b45f7d1eee70af1ff32701e02eb070cd8
:1075cc0012f8013f10f8011f624583ea01031370a2
:1075dc00f6d13e4448e792088fd01e9901eb820207
:1075ec000f1f101f57f8042f53f8041bb84282eae0
:1075fc0001023a60f6d180e77b1e991909f1ff3937
:10760c00013e00bf16f8010f12f8013b8e4283eacf
:0c761c00000309f8013ff5d1d2e600bfe1
:020000040000fa
:020000040002f8
:107628002de9f04786468c460846089e154674465e
:107638001946002b40f0c2808242b2fa82f245d944
:107648004ab1c2f1200300fa02fc2efa03f3954076
:1076580043ea0c0c94404fea154ea8b2bcfbfef866
:10766800230c0efb18cc08fb00f943ea0c439945a0
:1076780028d9eb1808f1ff3704d2994502d9a8f1a7
:1076880002072b44a3eb0903a4b2b3fbfefc0efbd9
:107698001c330cfb00f044ea0344a04214d92c1913
:1076a8000cf1ff3304d2a04202d9acf102032c44fe
:1076b800241a43ea07401eb1d440002334607360a3
:1076c800bde8f0874746dde76346f1e792bb431b19
:1076d80001214fea154eafb2b3fbfefc200c0efba6
:1076e8001c330cfb07f840ea0343984562d9eb18b2
:1076f8000cf1ff3004d2984502d9acf102002b44ba
:10770800a3eb0803a4b2b3fbfefc0efb1c330cfb7b
:1077180007f744ea0344a7424ed92c190cf1ff336a
:1077280004d2a74202d9acf102032c44e41b43ea79
:107738000040c0e7c2f1200320fa03f195409040d1
:107748002efa03f303434fea154eafb2b1fbfefc2a
:107758000efb1c10190c0cfb07f841ea0041884588
:1077680004fa02f422d969180cf1ff3004d28845d2
:1077780002d9acf102002944a1eb08019bb2b1fb8c
:10778800fefc0efb1c110cfb07f743ea01439f426a
:107798000ed9eb180cf1ff3104d29f4202d9acf19b
:1077a80002012b44db1b41ea004192e76046e3e714
:1077b8006146f7e76046a3e76346b7e7834206d921
:1077c80016b9002108467be7c6e900e0f9e7b3faf5
:1077d80083f78fb9834201d3724508d8beeb020400
:1077e80060eb030301209c461eb9002168e7384678
:1077f800fae7c6e9004cf8e7c7f1200cbb4022facb
:107808000cf41c432efa0cf120fa0cf3b840014397
:107818004fea14490efa07f5b3fbf9f81ffa84fe8c
:1078280009fb18300b0c08fb0efa43ea00439a4593
:1078380002fa07f240d9e31808f1ff3004d29a455a
:1078480002d9a8f102002344a3eb0a0389b2b3fbcf
:10785800f9f809fb183308fb0efe41ea03418e458f
:107868002cd9611808f1ff3304d28e4502d9a8f14a
:107878000203214443ea0040a0fb0298a1eb0e0159
:107888004145ce46434602d306d14d4504d2b9eb15
:10789800020e68eb04030138002ea6d0b5eb0e02e9
:1078a80061eb030101fa0cfc22fa07f34cea03032b
:1078b800f940c6e9003198e74046c5e74346d9e7ad
:020000040000fa
:020000040002f8
:1078c8002de9f04fbbb0002800f03b8103680f465c
:1078d80019ba01919d498b4200f02e81012a38bfc7
:1078e800012212f01f0b049318bf4ff0010b032362
:1078f80000f1080a0dad91460beb521b8df80f30c5
:107908005646a84600f1380e844630687168b26859
:10791800f36844460fc410367645a046f5d1306862
:10792800c8f80000b388a8f80430b37988f806309e
:107938006446bbf1000f0bd000260df16c08d4e9aa
:107948001e1240461df0f0fbe0b1404628f066fcf0
:10795800012300932b460df16b0000211a460133d9
:1079680083421170fad1009b002b6dd0012615a916
:1079780000222b4601358d421a70fad130463bb0b1
:10798800bde8f08f3722294640460cf075fb0028e9
:10799800dbd105a9404608f045fe0090404628f096
:1079a8003dfc009b002bd3d12268059b012a02d9fc
:1079b8006268934216d06360002384f8803027b150
:1079c800b9f1000f05d14ff0000901365e45b6db6d
:1079d800c0e7b9f11f0f14d84a4605a9384627f061
:1079e800c5f9f0e794f88030012bbfd00bf1ff33d5
:1079f800b3424ff0010308bf0bf1010b84f880304c
:107a0800dde70df1140ebee80f0038607960ba604a
:107a1800fb60bee80f002037a9f120090df16b0cbf
:107a280047f8100c47f80c1c47f8082c47f8043c9a
:107a380001e06545c9d01cf8013d0133dbb28cf883
:107a48000030002bf5d0c0e70df16c08d4e91e1208
:107a580040461df069fb38b1404628f0dffb01269f
:107a680023680133236082e701220df10f014046ac
:107a78000cf002fb0028efd13722514640460cf0ab
:107a8800fbfa0028e8d12946404608f0cbfd064617
:107a9800404628f0c3fb002ee1d1ddf8009004f148
:107aa8003f010df1530208468c464b46177810f8f3
:107ab800011d0f443b449542037002f1ff32c3f3aa
:107ac8000f23f3d1614604f11f0200bf12f8010d24
:107ad80003449bb2924513704fea1323f6d108462c
:107ae800002300bf10f8012d90f837703a44134472
:107af80082450370c3f30f23f4d1019b049305afb0
:107b080004f13b00a446002311f8012d17f8014d9c
:107b18002244134488420b70c3f30f23f4d1644604
:107b2800014600bf11f8012d13449bb28a450b7022
:107b38004fea1323f6d193e7022630463bb0bde85f
:107b4800f08f012630463bb0bde8f08f40420f0071
:020000040000fa
:020000040002f8
:107b58002de9f04f0e4691b000211c460346002047
:107b6800cde90401cde90601002b00f08480d3f8ab
:107b78002401d3f828119346d3f82c21d3f83031b7
:107b880008ad0fc50bba08930a9b02ba09921aba34
:107b98000b9b0b921bba0a93bbf1000f6ed15d468b
:107ba8005e46d8465f460df1100a1a9b002b40d05e
:107bb800002c3ed003f00f021b0900f0028104ebf9
:107bc8000313b64602932e460df13009454601923d
:107bd800984603e0dde90457dde9066e2068616830
:107be800a268e368cc46ace80f00dde90c10dde9db
:107bf8000e3200ba09ba1bba12ba4540cde90c01d7
:107c080004954f40564083ea0e0508a950461034a3
:107c1800cde90e2306960795059718f08ffa444587
:107c2800d8d1019adde90487dde90656002a40f03b
:107c3800958088eacb0387ea5b77cde904371a9bfe
:107c480008a985eac30586ea53765046cde9065663
:107c580018f074fadde90414dde9063208ba12ba3c
:107c680024bacde904401bba06925146dde91b024d
:107c7800079327f07bf811b0bde8f08f002e00f0d5
:107c880090805fea1b150bf00f0200f0908006eb66
:107c980005134ff0000ecde9012b0393f446774608
:107ca80075460df130090df1100aa0469b4603e018
:107cb800dde90475dde906ec30687168b268f368df
:107cc8004c460fc4dde90c10dde90e3200ba12bad9
:107cd800474009ba1bba049782ea0e07cde90c019e
:107ce8004d40069708a983ea0c0750461036cde99f
:107cf8000e230797059518f021fa5e45d8d1dde9de
:107d0800012b4446dde90656dde90487002a3ff4e5
:107d18004caf0df13009002303994846cde90c33e7
:107d2800cde90e3327f022f80c9b1bba7b40059354
:107d38000d9b1bba83ea080304930e9b1bba73407e
:107d480007930f9b1bba6b4008a95046069318f07f
:107d5800f5f9dde90487dde9065626e700230299ef
:107d68000ca8cde90c33cde90e3326f0ffff0c9bb0
:107d78001bba7b4005930d9b1bba83ea0803049347
:107d88000e9b1bba734007930f9b1bba6b4008a945
:107d98005046069318f0d2f9dde90487dde9065666
:107da80047e73546b04637460df1100afde603961b
:107db800a8462e462f460df1100a002a3ff4f5aecc
:0c7dc800a7e70294002a3ff434afc7e79d
:020000040000fa
:020000040002f8
:107dd4002de9f0470446d0e900307f495b688eb056
:107de40098477e4b07af1d681822394625fa02f3df
:107df400dbb2a3f120005e28a2f1080288bf3f2372
:107e040012f1080f01f8013bf0d1754b09934ff0c3
:107e1400000823688df820808df828805e68714bf7
:107e2400714a1978714bdff81c92414518bf13460b
:107e340000936f4b6f49454514bf3a461a466e4b43
:107e440009ad1b6803910521029101956b49606896
:107e5400b0476b4e23686b495b686068424698473d
:107e640056f8043f079314222946384621f04cfa69
:107e7400d4e90030644ad3f804a049462b46d047dd
:107e8400b368079314222946384621f03dfad4e911
:107e940000305e4ad3f804a049462b46d0473369e4
:107ea400079314222946384621f02efad4e90030eb
:107eb400574ad3f804a049462b46d047b3690793e1
:107ec40014222946384621f01ffad4e900304946e5
:107ed400d3f804a04f4a2b46d047d4e900304e498a
:107ee4005b689847b8f1000f02d14ff00108b1e781
:107ef4004a4e4b4a96f82d30049396f82c3003934f
:107f040096f82b30029396f82a30019396f829308c
:107f1400009396f82830434f1221284626f0a8fcf7
:107f2400236860685b6840492a46984796f833306e
:107f3400049396f83230039396f83130029396f80e
:107f44003030019396f82f30009396f82e30344a4f
:107f54001221284626f08cfc2368606833495b684c
:107f64002a4698472268b36b55683149726b60683a
:107f7400a8472268f36b2f4dd2f80490d4f80480fc
:107f8400002b0cbfba46aa4627f0b2fe0346404671
:107f9400dff8b48028495246002b0cbf3b464346c9
:107fa400c847336cd4f80490002b08bf3d462368bf
:107fb4005e6827f0a3fe214900280cbf3b464346d8
:107fc4002a464846b047d4e900301d495b680eb0e4
:107fd400bde8f047184700bfac60000038d500206a
:107fe4005449425207d60020986000009c6000006b
:107ff400081000000c61000034d50020c0600000af
:108004007cce002028610000346100004061000043
:1080140048610000506100003832000078ce002032
:1080240058610000a4600000786100008c610000c9
:10803400b0610000a0600000d8610000fc61000095
:0c8044002062000038610000a86000000d
:020000040000fa
:020000040002f8
:108050002de9f04f90f83932990787b004461ad4c9
:1080600026234ff02f089946462794f8242212b170
:1080700094f85d20aab994f83a3243f0010384f8e9
:108080003a324146204612f0f3f9064660b13046d6
:1080900007b0bde8f08f2c234ff0350899464c27e8
:1080a000e3e703f14f08e6e7d4e92653ed180ed0d5
:1080b00016232b7094f838316b7094f83931ab700b
:1080c00094f836325a0702d41c3f2f71e87002230d
:1080d000002285f80890a5f80530ea7194f8383147
:1080e0006b7294f83931ab7294f83532db0605f1d6
:1080f0000b0730d4a0692122394608f0e3f90028a3
:1081000040f0b68023681b681a78032a00f0b2801a
:10811000a3687968ba68d7f80cc0d5f80b00c3f823
:108120007a01c3f87e11c3f88221c3f886c1ba6907
:1081300038697969d7f81cc0c3f896c1c3f88a01b9
:10814000c3f88e11c3f89221002385f82b30a26862
:1081500082f8ba311ee0a368d3f87ac1d3f87e0161
:10816000d3f88211d3f886e1c5f80bc07860b96006
:10817000c7f80ce0d3f88ac1d3f88e01d3f8921176
:10818000d3f896e1c7f81ce0c7f810c07861b96170
:1081900085f82b2094f83c3285f82c3094f83d3249
:1081a00085f82d3094f93632002bacbf0023dd2347
:1081b00085f82e3094f82432002b47d094f85d30a7
:1081c000002b43d094f836325f0762d44ff02a096f
:1081d000ca464ff0050b48461ff0acfa0746002888
:1081e00067d04a4605eb0b0126f0c4fd0023cde91c
:1081f0000433039301201623cde90130424629467a
:108200003b46cdf800a02046f6f752fc80463846a3
:1082100022f0aefdb8f1000f41dbd4f89c3094f8a9
:108220003a22032184f83e1294f83812434422f093
:108230000102c4f89c304b0684f83a223ff527af80
:10824000204607b0bde8f04f19f092bbe06868b374
:1082500094f83831032be0d194f83931022bdcd972
:10826000691dd830a8f105020bf00aff0028d4d010
:1082700006460ce75b78032b7ff44aaf94f838315d
:10828000032b0ed00c4b03cbc5f82300c5f82710e9
:108290003ee74ff02209ca464ff00d0b9be74646da
:1082a000f5e694f83931022becd931e76ff0ac06e2
:0c82b000ede66ff07c06eae6784a00007c
:020000040000fa
:020000040002f8
:1082bc002de9f04f0129476885b006461dddd2f83f
:1082cc000490dff84c820d4648467c49144626f053
:1082dc00dafd98f800b050b1bbf1000f10d0336844
:1082ec0077491b68384605b0bde8f04f1847bbf11d
:1082fc00000f17d105b0bde8f08f03687149f0e7a6
:10830c00714948460ff0a0fe98b9d4f8049001903a
:10831c00484626f035fd1e28019b40f2a1803368ab
:10832c006a49dee73946304605b0bde8f04f1ef02d
:10833c0021bb674b6168dff8a4a1dff8c091184638
:10834c00102227f0f5fc634b80f810b083f800b0d6
:10835c00032d4ff00303caf800b0c9f800b0d8bf22
:10836c0088f8003030dd019308344ff0020b10e038
:10837c004b789bb91cf086fd574a106000286ad0d8
:10838c000bf10303ab420bf1020204f1080416da01
:10839c009346d4e900100a78692ae9d06e2a3ad1ba
:1083ac004b78002b37d14d4a0a211ef065f80bf1a2
:1083bc000303ab420bf1020204f10804e8db019b5e
:1083cc0088f80030012b62d026f0fefc444b18805c
:1083dc0026f0fafc434b1880daf8003013b904236a
:1083ec00caf80030d9f80020002a57d14ff47a721d
:1083fc00c9f800203c4b3d491e603d4b3d483e4c6e
:10840c001f600968002303601e20236005b0bde8cf
:10841c00f04f24f0c5b8742a06d14b7823b9374aeb
:10842c000a211ef029f8abe7732a0ed14a7862b9fb
:10843c0003920a2103aa1ef01ff8039a511eb1f5ec
:10844c00fa6f32d22e490a809ae732682d491268a7
:10845c003846904794e727f0a5fb1f4a10608fe73a
:10846c00421c49461b48dff874a0dff8909001933a
:10847c0026f07afc019bcaf80030c9f80030032db5
:10848c004ff00103d8bf88f800303ff76caf33686a
:10849c00104a5b681c493846984795e7042a96bff2
:1084ac00052212b2c9f80020a4e7336817495b68ab
:1084bc004ff4fa62384698471ce700bf601400007e
:1084cc006814000008140000f8d300209414000075
:1084dc0048d2002080d10020d8d30020ecd300203b
:1084ec00f0d50020eed5002010d400200cd40020b4
:1084fc00f0d30020e4d30020e8d30020e0d3002008
:10850c0072d70020e414000000150000b81400001d
:04851c00e1d5002085
:020000040000fa
:020000040002f8
:108520002de9f04f85b00129019181460092039316
:1085300002d0002a40f090801ef0c2f9029000287c
:1085400000f00481dff82c8298f80030002bfbd07b
:1085500098f80030002b40f08480804b1a68002a85
:1085600000f0eb807e4b00241968254604e01cb225
:108570009442254680f0e18051f82570631cad00df
:10858000002ff4d1dff8f0b1dbf800008c22836813
:1085900001219847734b19880646dbf8000001312a
:1085a000436889b29847704b19888246dbf800000f
:1085b0000131426889b290476b4b002e00f0ae80cb
:1085c000baf1000f00f0aa80002800f0a780654ae9
:1085d000a6f87440b2f800c01a88614b19680cf113
:1085e000010353440244c6e900a34ff40673c6e9ed
:1085f0000502a6f866304e5127f0d0fd98f80030fd
:10860000013388f8003027f0cbfd30461af0d8fa55
:10861000b9f1010f86f871904dd0b7644b46002b2d
:1086200040f0978096f8863069f3010386f886302b
:10863000019b0bbb96f884300299a6f85e100022cd
:1086400043f0010386f8843086f87020a6f86e1097
:10865000204605b0bde8f08f009b029300230093f5
:1086600070e727f09bfd98f80030013bdbb288f8fb
:10867000003027f095fd70e7029ba6f85e30009b66
:10868000a6f85c3025f05cf996f88430706243f00f
:108690000203b9f1010f86f8843033d0304620f060
:1086a00087fa0028b4bf0b230123204686f87030d8
:1086b00005b0bde8f08f2d4b04221421782024f062
:1086c000a3fa38b32a4bc660a0f87090a0f858906f
:1086d000836096f88630b06469f3010386f88630cb
:1086e000019b002ba6d0029ba6f85e30009ba6f84b
:1086f0005c3025f025f996f88430706243f002036f
:1087000086f88430039b002bc8d01b68002bc5d093
:10871000f363c3e796f87130b06480e70146dbf895
:108720000000c3689847dbf800005146c3689847cb
:10873000dbf800003146c368984727f02ffd98f812
:108740000030013388f8003027f02afd4ff0ff3465
:108750007ee7304621f0acfff8e700bfbcd3002035
:10876000ccd30020ead50020e6d50020060020006a
:0c877000e9ce030059d20020c0d3002045
:020000040000fa
:020000040002f8
:10877c002de9f041d0f8dc3084b004460e46a3b3aa
:10878c001b6893b3d0f8e82090f8e030023248d060
:10879c003f2b46d903f03f03012b00f0c080032b85
:1087ac000abf2521c16bc16304f1380220461cf0bd
:1087bc0069f9054688bb94f8e03003f03f02012ac2
:1087cc0000f0b380032a27d11a0600f1cc805b0697
:1087dc0000f1e780d4f8e400b4f94a329842c0f2d0
:1087ec00f08026f0a7ff308016e0d4f87832023300
:1087fc0000f0988094f8e03003f03f03012b00f078
:10880c008980032b40f08480d4f8e40026f092ff9a
:10881c002523e36380b230800025284604b0bde8f0
:10882c00f08113f03e0841d06ff0ac0504f138072d
:10883c00e16b3a46204623f007fa94f8e03003f057
:10884c003f03032b01d0002be7d12521e1633a46ee
:10885c0020461cf017f905460028ded1d4f8dc20a0
:10886c0003909368074603a91068a26b06f0faf907
:10887c00054678b1d4f878320233ced0d4f8dc2067
:10888c00039793681068a26b03a905f01ffd0546ba
:10889c000028c2d1a06b27f0f7f9b4f94a32834211
:1088ac0000f38f80a06b23f00bf9b4e70a2104f1dd
:1088bc003807e1633a4620461cf0e4f805460028e8
:1088cc00abd1d4f8dc20039093681068a26b03a999
:1088dc000ef0ccf9054680b1d4f878320233a7d02b
:1088ec00d4f8dc00a26b83680068cdf80c8003a977
:1088fc0021f028fd054600289ad1a06b25f050f8f0
:10890c00051e8adbb4f94832ab421bdc358083e7a9
:10891c00002080e70a23b4f8e400e3637be70a2134
:10892c00c16341e76ff49e7577e718060dd45906bd
:10893c0027d4d4f8e430b4f948229342a8bf33804a
:10894c00bff66aaf6ff4cc7567e7d4f8dc10d4f8d7
:10895c00e830626a0968a06b1ef0a4fd0546002d84
:10896c007ff45bafe5e7d4f8dc10d4f8e830626a4a
:10897c000968a06b1bf07ef90546002d7ff44daf06
:10898c0028e7d4f8dc309a681968d4f8e8300093fa
:10899c00636aa06b21f054f90546002d7ff43dafbe
:1089ac00c7e7d4f8dc309a681968d4f8e83000933b
:1089bc00636aa06b1bf020f90546002d7ff42dafe8
:0c89cc0008e7014d29e700bf66feffff31
:020000040000fa
:020000040002f8
:1089d8002de9f04f837d032b83b0074600f0a0807c
:1089e800dff83c92d9f8005065b1046994f8423038
:1089f8001b0700f1ae800135c9f80050012003b013
:108a0800bde8f08fdff808820e4628222946404646
:108a180026f0f0fc002e7fd0337c022b7cd07168ce
:108a2800b868c8f8100001eb41010c01283443680c
:108a380021469847834600286ed02246294626f0cc
:108a4800d9fc7368cbf80c306d4bcbf814306d4bf8
:108a5800cbf818306c4bcbf81c306c4bcbf8203073
:108a68000bf12803cbf800303023cbf80830012372
:108a7800cbf81030cbf804b0584624f03dfe4ff642
:108a8800ff73a8f82430d6e902231ffa83fac8f83e
:108a98002030c8f814201b0c0af1100a327c88f820
:108aa80018200aeb830a4fea8a0301937368c8f80f
:108ab80000b0002b61d0ba4611e0c7e90422b8f82b
:108ac800202012b1386100eb8204b8f8222012b1dc
:108ad8007c6104eb021473683c62ab424cd92946b2
:108ae800584626f01ffb0746d8f81000019942683f
:108af800904701350446002278600028ddd14448bb
:108b080022f062fad8f81000d8f80010c368984725
:108b1800c8f80040a8f82640002003b0bde8f08f50
:108b2800046994f842301d077ff568af394b1b681c
:108b3800002b3ff463af0121204624f035f80028cc
:108b48003ff45caf94f8423043f0080384f84230b5
:108b580054e7304b1b68002b3ff44daf01212046f2
:108b680024f022f8e8b194f84230d9f8005043f0e4
:108b7800080384f842303ee757462749c8220f20a9
:108b880021f0f4fac8f80c0028b3b8f924300133fe
:108b98000ad03c691f4a94f84230c2f800801a078c
:108ba800dcd4d9f8005026e7352198f818000022bf
:108bb80022f01cfe411c04460dd053211cf0d4f9b0
:108bc80052280cd8532205212046faf779fa30b9f1
:108bd80020461df053f80e4822f07cfd9ce7002249
:108be80002212046faf76cfa0c4a00234ff48071f0
:108bf800204620f02bff0028ead0a8f82440c8e738
:108c0800cddd040065a004001dff04002dcb040089
:108c180058d000204cd400203574030005f104001e
:048c280048d400200c
:020000040000fa
:020000040002f8
:108c2c002de9f0431f46adf25c4d002380460d4606
:108c3c001646cde900331a468ca902a818f014f98f
:108c4c0028b1044620460df25c4dbde8f083294660
:108c5c00404624f097fb044650b102a826f046fb90
:108c6c008ca826f043fb20460df25c4dbde8f0834a
:108c7c0005f50a79494608f50a7024f083fb044689
:108c8c000028ead108f58a6005f58a68414624f087
:108c9c0079fb04460028e0d102a9404622f064ff8b
:108cac0004460028d9d13a46314602a827f0e0f90b
:108cbc0004460028d1d142464946404620f0e4ff04
:108ccc0004460028c9d13a463146404627f0d0f92f
:108cdc0004460028c1d1434632464146404626f060
:108cec0031fd04460028b8d18cab324602a9284687
:108cfc0027f06efa04460028afd102ab3246294663
:108d0c00184626f01ffd04460028a6d18caa114651
:108d1c0002a820f0b9ff044600289ed13a463146fd
:108d2c008ca827f0a5f90446002896d18ca902ab93
:108d3c003246084626f006fd044600288dd102abcb
:108d4c0032468ca9184626f0fdfc0446002884d136
:108d5c004b4632464946484626f0f4fc0446002869
:108d6c007ff47baf4946484622f0fefe04460028bd
:108d7c007ff473af3a463146484627f079f90446fa
:108d8c0000287ff46aaf8ca9484622f0edfe044619
:108d9c0000287ff462af3a4631468ca827f068f978
:108dac00044600287ff459af8caa3146104627f0b0
:108dbc0025fa044600287ff450af4a462946484617
:108dcc0020f062ff044600287ff447af3a46314654
:108ddc00484627f04df9044600287ff43eaf29465b
:108dec0002a822f0c1fe044600287ff436af3a46b2
:108dfc003146284627f03cf9044600287ff42daf75
:108e0c002b4632464946284627f0e2f9044600280c
:108e1c007ff423af2b4632464946284627f0d8f933
:108e2c00044600287ff419af29464b463246484683
:108e3c0027f0cef9044600287ff40faf4a4602a96a
:108e4c00484620f021ff044600287ff406af3a463e
:108e5c003146484627f00cf9044600287ff4fdae55
:108e6c004b46324648468ca927f0b2f90446f4e644
:020000040000fa
:020000040002f8
:108e7c002de9f047d1f80080adf5587d0f4600285c
:108e8c0000f01481d8f800101e460446c36a9146bf
:108e9c006846d8f8082020f067fe234632460521a4
:108eac0068461af0c7f805461eb3079b40f2062227
:108ebc00934217d040f2852293421ad1b4f95a301a
:108ecc00002b02db019a9a4213d2684612f004fd81
:108edc00384622f069f96ff4cc7528460df5587dab
:108eec00bde8f087b4f95c30002b3bdb019a9a4269
:108efc0038d355b1684612f0effc384622f054f9dd
:108f0c0028460df5587dbde8f0879df85c33d806f2
:108f1c000fd4b9f1010f14d0684612f0ddfc3846bd
:108f2c0022f042f96ff4b27528460df5587dbde874
:108f3c00f087b9f1010f04d09df85e33990740f129
:108f4c00a680b3a920461cf089fcb8b1684612f083
:108f5c00c3fc384622f028f9012528460df5587d2a
:108f6c00bde8f087684612f0b7fc384622f01cf9d1
:108f7c00514d28460df5587dbde8f087e06a27f085
:108f8c0027f80546002800f08880029b079a42606b
:108f9c001bb1009b0361019b03609df85c33db07f5
:108fac0003d51a9b6b61199bab619df8f432eb7284
:108fbc009df8f532ab729df85e239df85c33c2f3dd
:108fcc004002c3f3401343ea42032a7b22f003021c
:108fdc0013432b73dde90c23c5e90723b3ae0fce86
:108fec00a863e9632a646b643068a8640df1380cdb
:108ffc00bce80f006862a962ea622b63dcf800002f
:10900c0068639df95c33002bb4bfbdf8f8324ff6a2
:10901c00ff732b8104f1540a0023eb64504619931f
:10902c00cde90c33ae6b009327f0eef810bb234b5d
:10903c0036baa3fb0623db0803eb830203eb4203e4
:10904c00f31a504654f82320ea6444f8235027f0ce
:10905c00ddf8636c002b3ff479afd8f80810d8f822
:10906c0000004a469847684612f036fc384622f013
:10907c009bf871e7e16a28461ff054fb684612f032
:10908c002bfc384622f090f86ff0690538e7bdf8f4
:10909c00f8325a077ff540af53e7684612f01cfcd4
:1090ac00384622f081f86ff4977529e7084622f0cc
:1090bc007bf86ff0ac0523e766feffffa38b2eba9f
:020000040000fa
:020000040002f8
:1090cc002de9f04f9db00d46ddf898b00bf1ff384f
:1090dc00a8eb030411f808c02799aceb0404013c7d
:1090ec00b8f1ff0f4fead474164604f1ff3405ebc8
:1090fc000802c146a8bf4ff0ff09b8f1000f0746a0
:10910c00e4b205921bdd05eb0b0ecde9068770462c
:10911c00aceb0e0a884600bf0aeb0002c0f1010757
:10912c0010f8011dd20f013a77448cea01010a4074
:10913c00b94544ea0204efdc4146dde90687012229
:10914c00cde90222abeb030301919b1b0096be6c95
:10915c00013b2a460ca93846b047059b97f8497144
:10916c001b780790abf58076f61ba8eb0308f30f82
:10917c00a8eb0702013b1e40d30f013b07f1ff395f
:10918c00134017ea09010693089171d1f31afb1adf
:10919c0003ea0903099314ab18463a4626f028f95a
:1091ac00b345034605dd8fbbb345fddc089b002ba7
:1091bc006cd1c7b10cab1a461f44099b9d1a013ddb
:1091cc00002000bf12f8011bab1803ea090370332f
:1091dc006b44ba4213f8203c83ea010340ea0300d3
:1091ec00f0d12043c4b2e343c3f30312134003eaa8
:1091fc009303079a03ea530383f00103934214bfca
:10920c006ff4987000201db0bde8f08fea1905f1dd
:10921c00ff3ab3453244c244c8ddcde90a949e46b8
:10922c00069b0597f446a81905eb0b0905eb0308fb
:10923c0001e0814512d0a0eb0801aaeb0003c90f95
:10924c0010f8017b9cf800400139db0f013b3940e1
:10925c000b401c4382420cf8014bead1059f3e4463
:10926c00b3453a44dcdc089bdde90a9473b9a0e70a
:10927c00142f31d014ab18463a46002126f0b8f81a
:10928c00b3450346afdd002209928ce7142faad117
:10929c001e4e099f0df12f010df143050020a44630
:1092ac0001310cabcb1a3b4486fb0324da17c2eb1f
:1092bc00e40202eb8202a3eb820370336b440a7864
:1092cc0013f8203c8d4283ea020340ea0300e7d105
:1092dc0064462043c4b286e7069b0c4af31ac3f1da
:1092ec00140382fb0312d917c1ebe20202eb8202d8
:1092fc00a3eb82030993002214abb3451492c3e988
:10930c000122c3e903223ff74eafc1e767666666e9
:020000040000fa
:020000040002f8
:10931c002de9f04f044689b00d4624f00bfbd4f830
:10932c00d0707b6804938346002d6dd06b1e012b8f
:10933c0057d894f8da30226bd4f82ca00592122b63
:10934c0004bf13469a44d4e92530c01a25f02cfaf0
:10935c00774b80461868894625f026fa754b002213
:10936c0001f0b4f802460b464046494601f0aef80f
:10937c0024f0eefb0646002840f0b8803b686e4aad
:10938c005f686e49a2fb063292094ff47a7303fbb5
:10939c001263a1fb03135b09baf1000f40f09f802d
:1093ac005146049ecdf804a0cde902100599009118
:1093bc0030466349b847022d13d1624a6249a21a5a
:1093cc00d210c2ebc21302ebc303c3eb833302eb29
:1093dc000312d4f8d0301b6830465b6802eb820273
:1093ec009847a16a226bd4f8a030c4f8a430c4e921
:1093fc002a12c4f8b4b0d4e9080124f0a9fbc4f8cb
:10940c00b00009b0bde8f08f226bd4f8ac30d4f8c2
:10941c00b4a0d31a0593464ba0eb0a001e6825f0a6
:10942c00c3f980463046894625f0bef9414b0022ef
:10943c0001f04cf802460b464046494601f046f80e
:10944c0024f086fb94f8da20d4f8a830122a80464f
:10945c0064d0a56aed1aa946b8f1000f1cd13b687f
:10946c005f68d4f89430aaeb030a2368bafbf6f2cf
:10947c00b3fbf6f313442db10599642501fb05f5f7
:10948c00b5fbf9f505990091cde9025804982f49df
:10949c00cdf80490b847a4e7d4f8b00025f084f9cf
:1094ac0002460b46d4e9080126f01afe284b00228e
:1094bc000af01efc02460b464046cde9062325f079
:1094cc0073f902460b46dde9060100f0ffff214b64
:1094dc00002200f085fa24f03bfb8046bfe7059e96
:1094ec00642106fb01f1b1fbfaf15ae7184b00229b
:1094fc00d4e908010af0fcfb80463046894625f089
:10950c0053f902460b464046494600f0dfff114b2b
:10951c00002200f065fa24f01bfb2fe7e26ad21a56
:10952c00059b02eb03094d46b8f1000f97d0b3e74a
:10953c001cd4002000408f40d34d62101f85eb518e
:10954c00002a0000b8c700203c2a0000c4290000f3
:08955c00000020400000e03f88
:020000040000fa
:020000040002f8
:109564002de9f04790f83831032b86b0044600f01b
:10957400ba804ff0040894f83822900740f0ae8087
:1095840094f8362294f82432510708f1090700f1bf
:10959400848093b194f85d307bb108f14f0794f85f
:1095a4004531022b00f0e780b4f84021b4f83e3195
:1095b400134494f8492113441f4494f83a2242f086
:1095c4000102394684f83a22204610f04fff06463d
:1095d40000287fd1d4e92653ed180cd016232b7024
:1095e40094f838316b7094f83931ab7094f83632a2
:1095f4005a0740f182800d236b714fea1843ab7117
:1096040098fa98f3a5f8073001236b7294f83c227a
:10961400c02a00f08580cc2a00f08280ab7294f8d6
:109624003831032b00f088804ff00d080b22002303
:10963400ab5294f82432bbb394f85d30a3b394f8de
:1096440036325b0700f1a180a2f103084ff0050a4e
:1096540040461ef06df88146002800f0a280424684
:1096640005eb0a0125f084fb0023cde904330393c1
:1096740001201623cde90130cdf800803a46294671
:109684004b462046f5f712fa8046484621f06efb19
:10969400b8f1000f0fda46461ce0002b8dd094f889
:1096a4005d30002b89d07ae7e068002876d094f802
:1096b4003831032b27d0d4f89c3094f83822434413
:1096c400c4f89c30530651d594f83a3223f0010380
:1096d40084f83a32304606b0bde8f08700263046ba
:1096e40006b0bde8f08790f83931022b7ff641af20
:1096f40043685b8803f106083de708f104035bba9d
:10970400a5f8033077e794f83931022bd3d9033a1b
:10971400691dd8300af0b2fc0028ccd00646d9e73f
:1097240094f84831032b0cbf40230123ab7294f807
:109734003831032b7ff478af94f83931022b7ff65c
:1097440073af63685b885bbaa5f80b30616805f199
:109754000d004a8801f5987125f00afb6368b3f897
:10976400028008f10d0208f10f0860e7204618f0a6
:10977400fdf80646a8e794f84421b4f84231092ad2
:109784003ff41aaf08331f4417e7b2f10b0802d0b5
:109794004ff00d0a5ce76ff083069be76ff0ac06b1
:0897a40098e76ff07c0695e7e1
:020000040000fa
:020000040002f8
:1097ac002de9f047054684b00c46c2b180464ff017
:1097bc000109286c88b105f13c011ff0c7fd064674
:1097cc00002861d0c06bb6f8403002902e64adf822
:1097dc000c3002ad002723682bb1002036e0884600
:1097ec004ff00209e5e7304624f07afb06460028e4
:1097fc00f3d090f84330da0602d5236a1b02ecd57d
:10980c00a369a66259786e4b1b6849090bb33046a5
:10981c00984784f82f004ff4006306f13c02294668
:10982c00204621f0a9ff27b3204625f059f9b6f8b8
:10983c006e300e3880b28342cfd3002d5ad02146e1
:10984c0030461ff0a9fdc043c0f3c01004b0bde802
:10985c00f08796f872205b4b12fb01f2a3fb02130c
:10986c00d21a03eb520398081cbf00f1ff30c0b2b0
:10987c00cfe7236a43f010030122236221463046ce
:10988c001cf0c6f90120e1e7d5e90f7a791c6bd001
:10989c00504624f0c9fd874266d0baf1000f03d0c0
:1098ac009af87530032b58d095f83c302033dbb246
:1098bc000f2b40d9ea6bdaf80430daf80810534071
:1098cc000b4218bfdaf80c20019250464ff00103fe
:1098dc0002aa01a914bf022701271ef00df90228c4
:1098ec006bd020f0020040b201287ff476af2e6cd2
:1098fc00002570e7344f3b68002b3ed03348b6f858
:10990c00685022f09bfb324824f07afa014600287a
:10991c0046d0019b80f804904571c0f80880cb605c
:10992c002a4825f0a1f8294824f08afa236a43f042
:10993c0008032362a6e795f83d302e6c03f07f03f5
:10994c008df80b30eb8fadf80c3001275e23adf8a2
:10995c0008708df80a3002ad3de70296adf80c6048
:10996c0001272e6c02ad36e74ff0ff332e6c0293bd
:10997c00adf80c3002ad01272de716492a462846d2
:10998c0022f0dafa38600028b8d126f05ff9012805
:10999c007ff623af26f054f90f491bf0e5fd1ce7c9
:1099ac0026f054f9012804d926f04af90b491bf08a
:1099bc00dbfd064824f044fa0fe72e6c02ad0ae7f3
:1099cc002cd400202549922438d4002080d20020a9
:1099dc00c8d20020bd8503003c3200006c32000070
:020000040000fa
:020000040002f8
:1099ec0030b591ea030f00f18280841a71eb030cfd
:1099fc0005d2121953eb0c03001b71eb0c0140f256
:109a0c00000ccff6e07c1cea430f52d0bceb410fac
:109a1c005fd90c0da4eb135e5ff0010c6cf31f51be
:109a2c006cf31f53def1200c2ad303fa0cf540190a
:109a3c0041f1000122fa0ef5401923fa0ef56941a5
:109a4c0012fa0cf2cd0208d349085fea30005fea43
:109a5c00320228bf42f001020134013c5fea500c93
:109a6c0072f1004250f1000051eb04514ff400131d
:109a7c0013eb410f38bf30bd6ff31301002030bd25
:109a8c00bef1200ebef1200f1ed223fa0ef54019a6
:109a9c0041f10001cef1200c124218bf012203fa51
:109aac000cf52a43cee711ea5c0f04bf002000211d
:109abc0030bd1cea410f04bf01f00041002030bd55
:109acc0001f00041002030bd21f4801101eb045164
:109adc0030bd004218bf41f00101bceb410f08bf83
:109aec0030bd4ff0fe4141f47801002030bd83f0d1
:109afc000043841a71eb030e07d28ef0004e001b4c
:109b0c0071eb0e01121953eb0e0340f2000ccff661
:109b1c00e07c1cea430fc6d0bceb410f72d90c0d94
:109b2c00a4eb135ec90241ea5051c00241f000415e
:109b3c00db0243ea5253d20243f00043def1200c25
:109b4c0041d312fa0cf522fa0ef203fa0cf542eaa2
:109b5c00050218bf42f0010223fa0ef3801a994154
:109b6c00e30ac4f30a0411f0404f03d418d0013cab
:109b7c0040004941013c23d44205c00a40ea41500f
:109b8c00c90a51eac3715fea500c72f1004250f1fc
:109b9c00000051eb045130bd01002fd00020203cbf
:109bac000029f9d0b1fa81fcdcf1200e11fa0cf18c
:109bbc0030fa0ef510fa0cf02943a4eb0c04d9e79b
:109bcc000020d90730bdaef1200ebef1200f0dd212
:109bdc00cef1200c03fa0cf533fa0ef32a4318bf1e
:109bec0043f00103c01a61f10001b9e721f0004113
:109bfc00c00a40ea4150c90a01eb045130bd0020b3
:109c0c00002130bd004218bf41f00101bceb410ff7
:0e9c1c007ff467afbceb430f3ff463af30bd86
:020000040000fa
:020000040002f8
:029c2a00704781
:020000040000fa
:020000040002f8
:109c2c00002800f015812de9f0410c46002900f0c8
:109c3c00f48091f87830076816460546002b40f002
:109c4c00e58017b1384626f023fa04f1080840469f
:109c5c0026f0dafa002840f0f880e368013323eab2
:109c6c00e373e360404626f0d1fa95f834312c606a
:109c7c0013f00e0f236804bf1a88a5f83821b4f826
:109c8c006020a5f86c22e26dc5f85822626ec5f80a
:109c9c007022a26dc5f82421226d2a629a780fb128
:109cac00032a05d095f8341262f3461185f8341264
:109cbc0094f83c10da7885f8421294f8683094f8ed
:109ccc003a1002f0010203f0010301f0010043ea33
:109cdc00c22343ea0063c1f3400043ea4063c1f38b
:109cec00800043ea8063c1f3c000d5f8342243ea14
:109cfc00c06359481040c1f3401243ea0273c1f3e8
:109d0c00001143ea41730343c5f83432d4e91b32e2
:109d1c00c5e98a32d4f83e20636fc5f8482294f81e
:109d2c003a10c5f8303294f8393094f83bc09a099f
:109d3c00c3f30010520042eac002c3f3401042eadf
:109d4c00001203f00100c3f3400742eac012c1f352
:109d5c00801142ea07220cf0010e95f83872b5f822
:109d6c003402c90041ea0e11ccf3400c27f058071d
:109d7c0041ea8c11394385f83812c3f3800142ea69
:109d8c004122c3f3c00320f4f36042ea832220f0a3
:109d9c0006000243a5f8342204f114010ec9c5f8db
:109dac00dc30c5f8d810c5f8ec2094f8202095f8d4
:109dbc00e030c2f3050262f3050394f82020c2f3ed
:109dcc00801262f3861394f82020d20962f3c71331
:109ddc0085f8e030d4e90932c5e939325eb994f836
:109dec0078300bbb216b51b3696095f8343203f0ba
:109dfc006003602b14d10120d4e91232c5e90a3278
:109e0c0094f8383085f82e31bde8f0818368002b4a
:109e1c007ff417af002a7ff414af6ff0ac00f3e7b8
:109e2c00284615f095f8e7e7a8688122993004f1e7
:109e3c00780125f07dffab6883f81961d2e768687b
:109e4c004ff4ad7225f0d4facfe76ff06900dbe781
:0c9e5c006ff0ac00704700bffef7ffc0c5
:020000040000fa
:020000040002f8
:109e68002de9f04fadf6343d0df1400904460d469d
:109e780016460021282248460793cdf8349025f04d
:109e8800b9fa0523c9f81c301aabc9f81830002ce8
:109e980000f09280002e74d03746002d77d00d95b3
:109ea80004f5d269484625f0fdfec0b16ff0d70829
:109eb80007f50a7b07f58a6a384625f019fa5846e5
:109ec80025f016fa504625f013fa002d48d02368dd
:109ed800032b4dd040460df6343dbde8f08fd4f845
:109ee8009486b8f1000fe1d10d9b0893d9684846d4
:109ef80017f0f4fc0130d9d107f58a6a07f50a7b17
:109f0800cde90088434652465946384616f0aeff1a
:109f180080460028d0d1cde90e000fa81cf09cff88
:109f28000f9b804600284ad00993002bc4d003f524
:109f38000a7203f58a630b920a93ddf82490484667
:109f480025f0d6f90b9825f0d3f90a9825f0d0f921
:109f5800484620f009ffb8f1000fadd1002db6d169
:109f68000d980028b3d018f099fb2368032bb1d1c2
:109f7800002eafd10223404623600df6343dbde8e4
:109f8800f08f2746032347f8183b002d87d1206917
:109f98003b220da901f0d0f88046002880d0384631
:109fa80025f0a6f907f50a7025f0a2f907f58a60e9
:109fb80025f09ef94846d6e76ff0ac088ae7089a7c
:109fc80009931946106923f0dff9099b804610b1ff
:109fd800002bacd170e7089903f50a7248690b9217
:109fe800114623f0d1f9804638b1099b002b3ff484
:109ff80063af03f58a630a939fe7089b0ea9586825
:10a0080020f0f2fd099b804610b1002bf1d153e7f7
:10a0180003f58a62012110460a9223f0e7fc804684
:10a0280018b1099b002b88d146e7079b0390029340
:10a038006369089a0493d3680193536800939368fb
:10a04800099948463a4609f027fa10f1020f804666
:10a0580012d00028e5d1089b0e9a5968384601238a
:10a0680008f036fd099b8046002b7ff466afb8f1f7
:10a07800000f3ff473af1fe7099b6ff07c08002bbc
:08a088007ff45baf18e700bf95
:020000040000fa
:020000040002f8
:10a090002de9f84f837d032b074600f095807b4d1b
:10a0a000eb6853b16c682b7c002b40f0b080eb6800
:10a0b0000133eb600120bde8f88f0e46002900f067
:10a0c0008180b0f8008042886c680b792b74a8eb13
:10a0d000020834b113b92b68434502d016f0aaf92f
:10a0e0006c68b368d6f814c0b868c5f80080d6e9c3
:10a0f0000321c5e90c32c5e90e1c336aa5f84030ce
:10a10000736aa860a5f84230002cccd18368414620
:10a110003c22984782466860002853d0336803eb9e
:10a1200043092b684feac90909f12809a046002b09
:10a1300000f08880bb4634e0c0e901a33368c0e981
:10a14000033700f12803c0e905ecc0e907120360fa
:10a1500023f0d6fa504640f8044b23f067fe78b35c
:10a160000af1140023f062fe50b30af1240023f038
:10a170005dfe28b3daf80030b269db6802fb03f356
:10a18000434a6333a2fb03235b09caf83430f36903
:10a19000caf838302b6808f1010843450af13c0a37
:10a1a0004fd9a8684946436898470127dff8fce083
:10a1b000dff8fcc03749384a182304460028bbd1d1
:10a1c00016f038f9002076e7304b1a7c002a3ff46d
:10a1d00071af0269916d8a427ff46cafb2f876205c
:10a1e0005c68c2eb021204eb8204206800283ff492
:10a1f00061af22f0b1fc04f124001cf0b1fc04f1c9
:10a2000014001cf0adfc201d1cf0aafc52e73b69b9
:10a210009b6db3f87630c3eb031304eb8304206823
:10a2200000283ff444af22f097fc04f124001cf016
:10a2300097fc04f114001cf093fc201d1cf090fc12
:10a2400035e75f46154a1c21382016f03df918b154
:10a25000134a0023c0e90223124968644ff4fa62ea
:10a2600002201ff087ff03460f48eb6125f086ffb1
:10a270006b6c002ba4d0eb69002ba1d000289fd0e1
:10a280000023c5e905336c680de700bf30ce002020
:10a290001f85eb518dfb0400edfe04000200010060
:10a2a000a9e304003d52020050ce00208de30400db
:04a2b00001cb0400da
:020000040000fa
:020000040002f8
:10a2b40070b5d0f8d010b0f8bc304e6884b0044605
:10a2c400002b32d00b687a491b6830469847236bc1
:10a2d400a56a01332363013de56223f02ffbd4f823
:10a2e400b4202368801a984280f08b8094f8dc3084
:10a2f400cbb1237c012b00f08980022b0cd194f884
:10a30400da306c4d012b00f0b9802b78002b00f073
:10a3140094800f2384f8da30002384f8e03023f0ab
:10a324000dfbc4f8980004b070bdd0f8a030002b29
:10a334004ed1614a0968821ad210c2ebc21302ebf1
:10a34400c303c3eb833302eb031202eb82024b68b9
:10a354005a4930469847d4f8d40024f0effed4f894
:10a36400d030b4f87e201b680292020e0192c0f332
:10a37400074200925d685249c0f30723c2b23046d7
:10a38400a847d4f8d030618a94f847201b68cde9f7
:10a39400012194f8462000925d6894f8442094f8d2
:10a3a400453048493046a847d4f8d010d4f8903006
:10a3b4000968454a4d68126844494ff47a7000fbb5
:10a3c40003f33046b3fbf2f3a269a847d4f8a030f4
:10a3d400a56a6a1ca262227c0133012ac4f8a03057
:10a3e40029d0022a7ff478afb4f8de0024f0e0f933
:10a3f40002460b46d4e90801fff7f6fac4e908015e
:10a404006ae700212046fef787ff6fe794f8d850eb
:10a414000135edb2092d84f8d85014d8012d37d068
:10a424000a23c4f89030002384f8e03023f086fa3d
:10a43400c4f8980077e7e068d8e74ff480711f20ec
:10a4440023f092f965e794f8da301a4d012b0bd01a
:10a454002b781bb1122384f8da305de74ff4807156
:10a464001f2023f081f9f5e72b78002201334ff404
:10a4740080711f202b701cf031fce9e72b7800223f
:10a4840001334ff480711f202b701cf027fc3ce734
:10a4940023f054fa2946c4f898002046fef73cfffe
:10a4a400d4f8d0300a491b6830461b689847b7e790
:10a4b400c42a0000e9d50020b8c70020142d0000ec
:10a4c400382d00006c2d00001cd40020902d0000bd
:04a4d400c02d000097
:020000040000fa
:020000040002f8
:10a4d800f0b581ea030e0ef0004e40f20007cff609
:10a4e800e07717ea41051ebf95ea070f17ea43040c
:10a4f80094ea070f00f0c5806d0da5eb545707f5da
:10a5080080674ff0004646eac12444ea5054c0022e
:10a5180046eac32343ea5253d202801a9c4104d22a
:10a528000018644180185c41013f5b084fea320221
:10a538000025002140f001004ff0070604e0801ad2
:10a548009c4136d340416441801a9c4136d34041f6
:10a558006441801a9c4136d340416441801a9c4131
:10a5680036d340416441801a9c4136d3404164410e
:10a57800013e17d0801a9c4136d340416441801a6d
:10a588009c4136d340416441801a9c4136d34041b6
:10a598006441090201eb156190ea052520f0ff00ee
:10a5a8004540cce7801a9c4156d335e080185c4181
:10a5b800c8d20018644180185c41c8d200186441b0
:10a5c80080185c41c8d20018644180185c41c8d228
:10a5d8000018644180185c41c8d200186441013eeb
:10a5e80017d080185c41c8d20018644180185c41bb
:10a5f800c8d20018644180185c41c8d20018644170
:10a60800090201eb156190ea052520f0ff0045409d
:10a61800cce780185c411fd3420918bf44f00104fd
:10a62800490101ebd56100f01f0000eb451021f452
:10a63800801141ea0e01013041f10001244208bfb6
:10a6480020f00100b7f5006f3eda013f49dd01eb6c
:10a658000751bde8f0407047490101ebd56100f0b2
:10a668001f0000eb451021f4801141ea0e01b7f5f7
:10a67800006f29da013f34dd01eb0751bde8f040f6
:10a688007047004218bf41f00101124218bf43f061
:10a698000103b7eb410f2cbfb7eb430f1ce0b7eb3f
:10a6a800410f04bfb7eb430f16e017ea410f04bf91
:10a6b80017ea430f10e017ea410f12d017ea430fc9
:10a6c80002d0b7eb430f0cd04ef0fe4141f47001bd
:10a6d8000020bde8f04070474ff0fe4141f478019a
:06a6e800f6e77146f4e7fd
:020000040000fa
:020000040002f8
:02a6ee007047b3
:020000040000fa
:020000040002f8
:10a6f00090f83c32cc2b00f0dd80c02b10b446d05b
:10a70000d02b12d0132b65d190f83831032b22d0e7
:10a7100090f848312bb990f8393243f0400380f873
:10a72000393200205df8044b704790f83d32012b20
:10a73000ead16149614a4ff01013c0e95112c0e9f2
:10a740004f3390f8383290f8382143f00103032a50
:10a7500080f83832dfd190f83931002bd8d090f81a
:10a7600035225749816442f08002012b80f835225e
:10a77000ced090f83622032b42f0010280f8362228
:10a78000c6d9d3b243f0020380f83632c0e790f85e
:10a790003d32372b22d8072b1cd9083b2f2b19d839
:10a7a000dfe803f0764551181818181818185c7e61
:10a7b0008118181818181818181818181818187355
:10a7c00018181839181818791818187b1818181824
:10a7d000181818673b485df8044b7047ae2b65d0de
:10a7e000af2b0fd0ac2bf5d1374c3849384a4ff04e
:10a7f0001013c0e95141c0e94f2390f83831032bc1
:10a800008fd1a8e7304c3149324a334bc0e951412e
:10a81000c0e94f23f1e7314c31494ff010121023ba
:10a82000c0e95141c0f83c21a0f84031e5e72d4c8a
:10a830002d4910224ff01013c0e95141a0f84021da
:10a84000c0f83c31d9e7274c2749284bc0f83c31a8
:10a850001022c0e95141a0f84021cee7244c2549ff
:10a86000254bc0f83c310822c0e95141a0f84021f5
:10a87000c3e7224c114910224ff01013c0e9514197
:10a88000a0f84021c0f83c315be7144c0f49c4e705
:10a89000174c1549e4e71a4ca7e7194c1049a5e7ee
:10a8a000104c1449c5e70f4c1249cee7064c074936
:10a8b000074aaae703487047070204060020280059
:10a8c00005f301000cfeffff080204070320280027
:10a8d0001000040020000400100008000601040716
:10a8e00001202800060102070314280020001000a0
:10a8f00004010207011428001800080006010406dc
:04a90000070204073f
:020000040000fa
:020000040002f8
:10a904002de9f04f012987b0054600f39480002219
:10a9140002923c240522d0e90030cde903240499b5
:10a924008ab20592a1f10e04049a009270495e68fd
:10a93400dff8c4b1dde90232b047002023f06afd3c
:10a9440024f02efc4ff0ff33cbf80030abf804308a
:10a954002246002800f0b6800368cbf806308388ce
:10a96400abf80a304bf28853aa210bf10e00abf876
:10a974000c30604e24f040fd4ff0000a04e0039bcd
:10a984000af1010a9a4553d0336801331aba0020f8
:10a994003360cbf80e2023f03dfd044600283ed062
:10a9a400ddf8148000224146382015f08bfd07465f
:10a9b400002834d0036950499868049a786124f0d7
:10a9c400d7f93b69206da3f80c804c4bbb60002386
:10a9d400fb6039460df00cfd08bb2b6832685b68e0
:10a9e400474968689847029b002bc8d020f0fcffb9
:10a9f4008946044625f034f9029b4ff47a72a0fb91
:10aa04000301002321f0b0ff80460f4620f0ecff45
:10aa1400001b61eb09014045b941f7d3afe72b684f
:10aa240032685b683749686898473368013b33602c
:10aa340007b0bde8f08f16460c4670680a22002164
:10aa440024f0f8fc022c03900cd1431eb3f57a7f5a
:10aa540032d23c22002302930592d5e900302e2401
:10aa6400049261e7b0680a22002124f0e3fc032c7d
:10aa7400029024d0f0680a22002124f0dbfc049028
:10aa8400039a2b6868685c68013ab2f57a7f07d349
:10aa94005b681d494ff47a7207b0bde8f04f184760
:10aaa400029ab2f57a7f12d918494ff47a72234682
:10aab40007b0bde8f04f1847d5e90030e8e73c237c
:10aac4000493dde7cbf80600abf80a004ae7049ae2
:10aad400a2f13c0140f2b25291427ff620af0c4900
:10aae40040f2ee533c22a44607b0bde8f04f604765
:10aaf400608a000094d50020f8a1002039020500e6
:10ab0400b48a0000908a0000008a0000208a0000b5
:04ab1400408a000073
:020000040000fa
:020000040002f8
:10ab18002de9f0470f2186b0032022f023fec0075d
:10ab28000dd406b0bde8f0879b0003f03c05132d5b
:10ab380012d86ff00d010322204622f077f8032087
:10ab480024f04afb04460028ebd0a669337803f0ca
:10ab5800f002402aedd1e7e723699b89ab42e8d3ad
:10ab680077887fba1ffa87f84545e2d823f0bafffd
:10ab78008045ded8a06a06f1100122f0d9fa804695
:10ab8800a06218b190f84230590602d46ff0130150
:10ab9800d1e7f3685a1c4ad0d0e901a96aea090248
:10aba800934244d03369002b44d0b646bee80f0028
:10abb8000df1040cace80f00def80030ccf80030e2
:10abc800bdf80a30adf806705bbaadf80a30c3f3c9
:10abd8000d03002badd1236a13f4807206d13046e1
:10abe800294615f0dbff40bbd8e901a9059b0aea15
:10abf8000902934224d1434a136811688b42fbd15e
:10ac0800002bc3d0404e304621f01afa366806e0d1
:10ac1800337a1bb173689847002853d136682946a0
:10ac28002046002ef4d1384823f00cf9aee76ff037
:10ac38000a0180e76ff00b017de76ff009017ae701
:10ac4800581c23d06aea09094b451fd09df81420e7
:10ac580002f0f002e02a19d02c4a934216d09a4505
:10ac680014d098f874301907c5d505a81ff0fcfd55
:10ac78000028c0d090f874201207bcd5d0e9012371
:10ac88001a40d8e901310b409a42b4d1a169206930
:10ac98000b789b0003f03c03ca18e2618289d21a40
:10aca80082814888ca8840bac31a4880a385487aee
:10acb80053ba421ed2b2102acb809bb206d96ff08b
:10acc8000e0138e7104823f0bdf8dfe7104931f8e6
:10acd80012000028f3d0c3f30d033bb9012221462b
:10ace8001ff066fa00287ff42aafe8e740f6d93368
:10acf800084a094900201af039fc084b1a68002a4a
:10ad0800fcd11ce730d4002070d200207f00000165
:10ad1800c8db040024e80400f031000028d4002037
:020000040000fa
:020000040002f8
:10ad28002de9f04f8db01f460023179e9df86490c3
:10ad38009df86ca00b93002800f0f3800c460029c6
:10ad480000f0ef809046002a00f0eb80002e00f023
:10ad5800e88006f58055d5f84c31062b69d8dfe830
:10ad680003f06b686868041d7c00d5f844b1209b2b
:10ad7800cde90163189b00931a9b013b18bf01237f
:10ad8800039306f58a53214610335a465846f9f775
:10ad980067f9041e73db0523c5f84c313046d5f836
:10ada8004441d5f850b123f075fc1f9b05931e9bb9
:10adb80004931d9b03931c9b02931a9b069000937c
:10adc800cdf804a0d5f8402107924b4620465946b5
:10add8000baa0af0cdfa189b012b044640d0002894
:10ade80017db0b99d9b1169b002b65d0169b196000
:10adf8003b1b6ff08202db0f5440013b234083ea88
:10ae08000204013ce40fd90f013c01390c431c40fa
:10ae18005440062314f16c0fc5f84c3135d000238b
:10ae2800c5f84c3130461df0d1f820460db0bde8cc
:10ae3800f08f6ff0bf04f2e7d5f84431c5f8501130
:10ae4800002bf6d1169a32b385f8a031c5f84481a3
:10ae5800c3460423c5f84c3189e76ff08104dee767
:10ae6800874215db0028d4db0b990029d7d0169b25
:10ae7800002bbbd14046224623f078ffb8e714f1f7
:10ae88006c0fccd10523c5f84c316ff06b04cce7bf
:10ae98006ff08204c3e7099020461cf047fc0123a9
:10aea8008346c5f8440185f8a03100283cd00999ab
:10aeb800224623f05bffcce7189b032bdad1d5f8a9
:10aec8005021d5f84431002a92d0591a781e1b789f
:10aed80088f80030c20fcb0f013b013a1a40d5f871
:10aee8005031012bc2f1000282d94ff0010c00bf92
:10aef800d5f8443113f80c3008f802300ceb010e89
:10af0800831adb0f4feade7e013b0ef1ff3e03eab8
:10af18000e03d21ad5f850310cf1010c6345e7d86d
:10af280066e76ff0ac0480e76ff07c0477e700bf5a
:020000040000fa
:020000040002f8
:10af38002de9f047002884b00cdb7d4b1b68984254
:10af480008da7c4b1b6853f820501db195f85c302b
:10af5800012b04d00024204604b0bde8f087ec683b
:10af6800002cf8d0236a1e07f4d495f83d309807d2
:10af78007cd4ac682b68e41aa4b2002cebd06b69c3
:10af8800002be7d095f93c2095f83c30686a002af8
:10af98006fda00286dd003f00303022b00f0bc80a9
:10afa800696995f83d30ee68d5f818c0d6f81c8068
:10afb800306413f00207c6e90ec16ed0b6f85440eb
:10afc80004f1080906f148071ffa89f90823d6f899
:10afd80010e06a8dbef80ca05344aef80c302b8def
:10afe8005bba52baa8f8023099fa99fe0023a8f879
:10aff8000020a8f804e0a8f8063090f8703013f0a4
:10b00800020269d096f83c2095f83f3095f85e101a
:10b0180002f0f002e02ac3f30500c3f3801345d021
:10b028008df801108df800004a468df80230112184
:10b038006b46304606f06efa002213463260b3863d
:10b04800304624f053ff002885d195f83d30326909
:10b058009b0758bf2b68908158bfab60336a48bfc5
:10b06800a6f8540023f00803336273e7b4f8544099
:10b0780083e7c3f3801305f1180205f114011ef0ec
:10b088009dfc686200283ff465af95f83c3063f09a
:10b098003f0385f83c30dbb27de7ab682a689b1a32
:10b0a8009cb204f108039bb2994690e7012938bf86
:10b0b80001218df800008df802308df801106b46e3
:10b0c8004a461121304606f025fa95f83e3000220e
:10b0d8003260c3f38003b2e74ff48853cde901c16e
:10b0e80001a80c21adf80c30adf80ee015f056fdb6
:10b0f80095f83d30c243990792b213d508214046ce
:10b1080015f04cfdc24392b2b868214615f046fdd1
:10b118000346a8f8063075e723f088f90146696107
:10b12800686a3ee74946404615f038fd0346f0e7b1
:08b1380094d4002098d40020fb
:020000040000fa
:020000040002f8
:10b140002de9f843002800f0d580002900f0d280d6
:10b150000c6823682060834209bf94f824301746a6
:10b1600022ea03071a4317f00105064684f8242053
:10b1700007f002080ed1b8f1000f2ed13a0743d4e0
:10b18000fb0657d4b80669d4002d40f0ad802846a0
:10b19000bde8f883d4e907239342d0f80c9080f0ff
:10b1a000b080a0694ff40a7202fb030001332362ee
:10b1b000606023f057fa05460028dcd194f824306b
:10b1c000606843f00103494684f82430102207f0f8
:10b1d00027f80546b8f1000fd0d0d4e907239342f1
:10b1e000d6f8108028bfaa3dc8d2a0694ff40a72d1
:10b1f00002fb030001332362a06023f033fa00282e
:10b200003ed005443a07bbd5d4e907239342d6f88c
:10b21000188080f08680a0694ff40a7202fb030058
:10b2200001332362e06023f01dfa002835d0054485
:10b23000fb06a7d5d4e907239342d6f81c805cd23d
:10b24000a0694ff40a7202fb0300013323622061fc
:10b2500023f008fa70b30544b80695d5d4e907235e
:10b260009342366a59d2a0694ff40a7202fb030076
:10b2700001332362606123f0f5f940b3054483e7ad
:10b2800094f82430a06843f00203414684f8243047
:10b29000102206f0c5ff0544b4e794f82430e068b6
:10b2a00043f00803414684f82430102206f0b8ff2a
:10b2b0000544bde794f82430206943f0100341466b
:10b2c00084f82430102206f0abff0544c4e794f85c
:10b2d0002430606943f0200384f824301022314682
:10b2e00006f09eff05444fe7204617f0dbf96ff0ac
:10b2f0006e054ce76ff0ac0549e76ff0a900054417
:10b30000aae7b8f1000f10d13d0710d4f80614d405
:10b31000b906e9d56ff0a905a2e76ff0a9000544c9
:10b3200032e76ff0a900054482e7064d26e7f906eb
:10b3300006d4bf06d8d5034d92e76ff0a9057be789
:08b34000004d79e7acfeffffb0
:020000040000fa
:020000040002f8
:10b348002de9f04f0f2189b0092022f00bfa10f0f7
:10b358000103009324d109b0bde8f08f0123019eb9
:10b36800ddf80c8084f85c3094f83e305a0605d538
:10b3780098f8003003f0f003e02b1dd1314604f1ba
:10b38800400023f073fbb4f85a30db0508d5e56cb0
:10b3980035b1236db16ab4f912004ff48072a84731
:10b3a800092023f019ff06460028d4d0b38d072bb7
:10b3b80011d9326a940311d56ff00e013046092273
:10b3c80021f034fc092023f007ff06460028c2d0ec
:10b3d800b38d072bedd86ff00d01efe7f769bc8847
:10b3e80064baa4b2a342f6d124f088fd05463046db
:10b3f80024f080fdfb8880461bb1326a12f480621b
:10b4080077d03b88b16adff834a15bba3b807b8890
:10b418005bba7b80daf80030083c002bbc80cbddbf
:10b42800dff81cb1019600253e46cdf80c8000bf20
:10b43800dbf8003053f82540b4b394f83e309a074f
:10b4480032d5b4f85820b4f848309a422cd9b4f818
:10b458002a80b6f802e094f85c30b4f828c0e06bb3
:10b46800626ae769f0451fd1012b994623d0dbb901
:10b47800b6f800e0ddf80080e64522d0430748bf73
:10b4880048f00208914220d00ab1030701d548f0dc
:10b4980004080fb1c0061bd548f0080849ea080996
:10b4a800b9f10f0f3ff45aafdaf8003001359d4279
:10b4b800bedb019e80e7b6f800e0e6454ff00008e5
:10b4c800dcd1914243f00209ded149f00409e0e7fa
:10b4d8000198029124f012fd036802999f42e3d17a
:10b4e80049f00809b9f10f0fd8d1019eddf80c8099
:10b4f8003ae72b6805934ff488510368adf81c10a0
:10b5080006930c21bb88adf81e3005a815f046fb44
:10b51800326ac34351079bb20ad5224639463046a0
:10b5280015f084fb6ff0090100283ff46aaf45e786
:10b538001a462146384615f031fbf3e794d400202b
:04b5480098d4002073
:020000040000fa
:020000040002f8
:10b54c0004000000260000000000000000000000c5
:10b55c0000000100000000000000000000010000dd
:10b56c009100040060960000000000000001000043
:10b57c0081000400800000000000000000010000b9
:10b58c00770001002800000000000000000100000e
:10b59c0043000400ff000000000000000001000058
:10b5ac0044000400ffff0000000000000001000048
:10b5bc004500040000000000000000000001000035
:10b5cc0053000400ff000000000000000001000018
:10b5dc0054000400ffff0000000000000001000008
:10b5ec0055000400000000000000000000010000f5
:10b5fc0040000400020000000000000000010000f8
:10b60c0050000400020000000000000000010000d7
:10b61c00e9000400509e0000000000000001000042
:10b62c00f5000400f81c0000000000000001000000
:10b63c00f400040020c00000000000000001000025
:10b64c00f8000400009b0000000000000001000056
:10b65c00f9000400534e000000000000000100003f
:10b66c00b000040003010000000000000001000015
:10b67c00b1000400100900000000000000010000ef
:10b68c00b2000400261d00000000000000010000b4
:10b69c00b30004002a0000000000000000010000bc
:10b6ac00b4000400030100000000000000010000d1
:10b6bc00b50004000d0700000000000000010000b0
:10b6cc00b60004002017000000000000000100007c
:10b6dc00b70004002700000000000000000100007b
:10b6ec00b800040009050000000000000001000083
:10b6fc00b9000400130e000000000000000100005f
:10b70c00ba000400251c000000000000000100002d
:10b71c00bb0004002b000000000000000001000032
:10b72c000c000000000100000000000000010000ff
:10b73c0081000400e0000000000000000001000097
:020000040000fa
:020000040002f8
:10b74c002de9f04f87b0dde910a9cde90103b9f17e
:10b75c00000f19d04ff0ff33c9f800300f461546d3
:10b76c001ff0d6fb064678b18db187b13088dff873
:10b77c00c4810390742303fb008393f864206ab1a3
:10b78c001b6e019a934209d007b0bde8f08fbaf155
:10b79c00000ff9d0029b002be8d1f5e7742303fbd3
:10b7ac0000f308eb0302059392f826300492e3b100
:10b7bc00742303fb0083d3e906e2db6e2ab34ff05c
:10b7cc00000c09e09b460eeb8404013321780cf14c
:10b7dc00010c79b3624518d0934203ebc304f1d347
:10b7ec00744601234ff0000bf0e792f87120012a08
:10b7fc007fd024f02bfa0028c6d024f021fa4a4935
:10b80c0007b0bde8f04f20f0a3bf24f01ffa0028ca
:10b81c0040f08380039a742303fb028393f8263051
:10b82c00002bb1d1049c204610f01cfc012384f8a1
:10b83c007130a9e7742202fb008c2162c2b2bcf801
:10b84c002410120242ea014201314ff6ff705ffaf6
:10b85c008bfe89b2814208bf012142ea0e0201200f
:10b86c00e2612070ccf86c30029bacf82410c4e977
:10b87c000137019ba3614ff48073a382b369d3b9e1
:10b88c00049b1b6ac4e9035ac9f80020e3b1274b97
:10b89c00059a9b5823b11a461b6a002bfbd11462e4
:10b8ac00039a742303fb028898f82630002bb9d036
:10b8bc0007b0bde8f08f082b99bf6d004fea4a0a1c
:10b8cc00ad004fea8a0adbe7049a02231462204691
:10b8dc0063750ef095fe039a742303fb0283da6af8
:10b8ec0001320ed01b6b01330bd0204605f0b6fa9b
:10b8fc00d6e7049a104682f8713010f059ff308860
:10b90c0056e7039a742303fb0283d4e902015b69b3
:10b91c0062685d682369a847c2e724f091f904497d
:10b92c0020f016ff76e700bf540b000070cc00200f
:08b93c00700b000050cc00204c
:020000040000fa
:020000040002f8
:10b944002de9f04f87b016460093814600238846c0
:10b9540003aa02a93046cde9023304930ff0a8fcf0
:10b96400824650bb664c08e00c2e24d1654b9d42a8
:10b9740021d1654b2246cde90223029d4246294648
:10b9840048461cf051fbf8b9012eedd15f4b9d42a6
:10b9940017d05f4b9d427cd05e4b9d427cd05e4b6a
:10b9a4005e495f4a9d42574b1cbf0c261a465d4bad
:10b9b40018bf0b46dfe76ff0a10a504607b0bde899
:10b9c400f08f534a584bd6e70746284623f0dcf954
:10b9d40009eb080b3c18a3450ad92246144612f871
:10b9e400013b0d2b01d00a2b02d19345f6d15c46c5
:10b9f400129b1bb1012e6fd00c2e50d003990191d4
:10ba0400abeb040220461cf00ffb0199074600280b
:10ba14006dd0084623f0b8f9384483450fd9014660
:10ba2400084611f8013b0d2b01d00a2b02d18b459e
:10ba3400f6d15846584502d2037803b90130119b18
:10ba440013b1a0eb090098603f1bb84554db002fed
:10ba540052ddddf80080109b3246394640461cf02a
:10ba64005ffa061e10dbd8f800804346394653f8c7
:10ba7400082b2046faf71cff00283ddb244b9d428f
:10ba840015d0254b9d4212d0b246504607b0bde8b2
:10ba9400f08f204a254b6ee71f4a254b6be7184a67
:10baa4009542abd1129b40f285221a60a6e7002191
:10bab4000591d8f80820d8f8000004ab05a910f0c7
:10bac400ebff00287ff779af129b002b3ff475af93
:10bad400129a049b136070e70c4a9542e2d00e4a16
:10bae40095428bd1129b40f206221a6086e7119b85
:10baf40013b1119bc3f808806ff0830a5de700bfa0
:10bb0400c43f0000c83e0000e43f0000883e00003f
:10bb1400003f0000383f0000483e0000e43e0000c3
:10bb2400843f0000a43f00001c3f0000603f000071
:04bb3400683e000067
:020000040000fa
:020000040002f8
:10bb3800f8b51ef02dfa002800f0b180054600bfc8
:10bb4800d5f88c40002c42d023695b689d4265d1b2
:10bb5800e37b022b56d1237b013bdab2042a3fd880
:10bb6800a27b012a00f09c80654a214652f82330c6
:10bb780028469847a37b052b3fd8042b27d926694d
:10bb880073689d4256d1607b10f0010011d1b768ef
:10bb9800d7b1a37b5a1e032a7fd9062b00f2a180b6
:10bba800052b01d10423a3730022238930462146a3
:10bbb800b847237b032b0ad0022305f18c022146c8
:10bbc800284610f09bfdbbe7237b032b3ed124f0d6
:10bbd800e1fa2b7801332b70bde8f84024f0dcba89
:10bbe80040f22c43474a4849002019f0bffc474b14
:10bbf8001a68002afcd10723a373e86823f0a4ff7e
:10bc0800a37bbae74ff484633e4a3f49002019f00a
:10bc1800adfc3e4b1a68002afcd19ce740f21f435a
:10bc2800384a3949002019f0a1fc384b1a68002a13
:10bc3800fcd18de740f22153354a3349002019f0f1
:10bc480095fc324b1a68002afcd19ce7d5f88c6029
:10bc5800002e37d0d5f890309e42d5f8943014bfd6
:10bc68003768c5f89070013bc5f88c70c5f89430fa
:10bc7800f37b022b1ad1a64224d1d5f89c3000229e
:10bc880032605bb31e60c5f89c60d5f8a030032213
:10bc98000133c5f8a030f27352e7012285e7f8bdf9
:10bca800e86823f04bff237b013b5de74ff4b0735b
:10bcb800184a1549002019f059fc144b1a68002a33
:10bcc800fcd1d8e740f2b723134a0f49002019f0f6
:10bcd8004dfc0e4b1a68002afcd1cee7c5e9266652
:10bce800d3e740f25b530d4a074919f03ffc074b75
:10bcf8001a68002afcd1b7686ff0130255e700bf35
:10bd0800b4f004001cef0400940a00009cd3002047
:10bd1800a0f00400fce9040030f804008cf00400f2
:020000040000fa
:020000040002f8
:10bd28002de9f0430129466889b0054600f3b7803c
:10bd3800644bd3f8009000274f4509d3ace02b683b
:10bd480061491b68304601379847b94500f0a4801f
:10bd5800384622f05dfb142203a904461ff052f96d
:10bd68002b682046d3f8048023f02aff5749009710
:10bd7800034603aa3046c047204623f027ff002881
:10bd8800ddd0204624f0d2f82b6851495b68024682
:10bd980030469847204623f0cff91422034603a9da
:10bda80002a802931df0aefa2b684a495b6803aa01
:10bdb80030469847204623f0e7f91422034603a9a2
:10bdc80002a802931df09efa2b6843495b6803aaf8
:10bdd80030469847204623f0b9f91422034603a9b0
:10bde80002a802931df08efa2b683c495b6803aaef
:10bdf80030469847204623f0b3f91422034603a996
:10be080002a802931df07efa2b6835495b6803aae5
:10be180030469847204623f0adf91422034603a97b
:10be280002a802931df06efa2b682e495b6803aadc
:10be380030469847204623f0b1f9142203a91ef092
:10be4800f3fc2b6828495b6803aa304698472b689f
:10be5800264a27495b68304698472b682046d3f81e
:10be6800048022f0f1fa234b234a2449002818bf02
:10be78001a463046c0472b6820465c6820f07afb9b
:10be88001f4b204a2049002818bf1a460137304660
:10be9800a047b9457ff45caf09b0bde8f0835068ae
:10bea80018f0f2ff28b123f09ffb074600f10109c3
:10beb80042e72b6815491b68304609b0bde8f043d6
:10bec800184700bf18d40020e01c0000b01c000078
:10bed800f41c0000181d00002c1d0000381d000077
:10bee800481d0000541d0000601d0000741d000066
:10bef800881d0000841c0000881c0000941d0000a0
:10bf0800941c0000901c0000a41d00009c1c000054
:020000040000fa
:020000040002f8
:10bf18002de98048d0e905a8d0f81cb0bdb0054689
:10bf2800eff305875f4b9c6ad3f82c90996b5b6b9a
:10bf380012910022e00313938df8502014ae04d51b
:10bf4800594aa021304621f0cffda10304d5574a14
:10bf5800a021304621f0c8fd620304d5544aa0212f
:10bf6800304621f0c1fd230304d5524aa0213046b2
:10bf780021f0bafde00104d54f4aa021304621f056
:10bf8800b3fda10104d54d4aa021304621f0acfdf6
:10bf9800e20504d54a4aa021304621f0a5fda305b3
:10bfa80004d5484aa021304621f09efd600504d5fd
:10bfb800454aa021304621f097fde10404d5434ac3
:10bfc800a021304621f090fde20704d5404aa02187
:10bfd800304621f089fda30704d53e4aa02130460a
:10bfe80021f082fd9df85030002b47d0fbb2033b77
:10bff800032b98bf384a0f9698bf52f82330139aec
:10c008000d92129a0b92cde9084904f08000334a48
:10c0180088bf334bcdf8008004f40047314ccdf88d
:10c028004080002f0cbf16462646002818bf22461f
:10c038002d4c2e480e92cde901ab09f08041002924
:10c0480018bf20460c960a902868039068680490e8
:10c05800a8680590e868264c06902869254a079044
:10c068004ff40071204622f001fc234944f8051cd6
:10c07800002204f8012c21f04dfcfee7dff87ce0fb
:10c08800bee80f00b446ace80f00bee80f00ace80d
:10c098000f00bee80f00ace80f00def800308cf8a7
:10c0a8000030a3e700ed00e0109c00001c9c00009d
:10c0b800289c0000309c0000389c0000449c000034
:10c0c800509c0000589c0000649c0000709c00007c
:10c0d800789c0000849c000010f80400049c000078
:10c0e800389e0000089c0000d49b00002c390000fa
:10c0f80005000047c49c0000544c4648909c000032
:020000040000fa
:020000040002f8
:10c108002de9f04fd0f8943001eb011803eb8803c8
:10c1180083b0064601eb8101d3f814a08b0001938c
:10c12800b36b4fea88084ff00109002b00f09880a4
:10c1380006f16804032120469847d6f89430434412
:10c148005f6a002f00f0aa80b46b9a6aba42da6a72
:10c1580014bf3968002102f1ff3208bf99625962a1
:10c16800da621cb1042106f16800a047bc880aeb1a
:10c17800c403e5005a68002a80f297801a68002aea
:10c1880000f09380b7f808b01968b7f80690022253
:10c19800304620f02dff0bf1ff3292b2bbf1000fb9
:10c1a80021d0d6f8a0300199dff838e10b444ff0e0
:10c1b800000bb3f80ac000e0e500554401346b6891
:10c1c80043f000436b606b68013aa4b292b24ff639
:10c1d800ff7103ea0e03a44598bf00248a426b60ee
:10c1e800c5f800b0e8d1036a346b23f00803036292
:10c1f80041f250020121a0470aebc900d6f8943059
:10c20800d6f8841042684344013122f40042c6f84b
:10c2180084104260a3f84090bff35f8fb26b002395
:10c228003b817b6022b1032106f168009047b26b25
:10c23800d6f8943003eb080100203860486bd8b179
:10c248000760886b4f6301308863e2b1042106f10f
:10c2580068009047b36b4ff00009002b7ff468af7c
:10c26800d6f89430434400245f6a002f7ff46daf02
:10c27800484603b0bde8f08f886b0130c1e90c7700
:10c288008863002ae2d1434491465f6a0024002f64
:10c298007ff45baf484603b0bde8f08fb36b002b6b
:10c2a800e6d0042120469847e2e7b26b22b1032189
:10c2b80006f168009047b26bd6f894304344596a47
:10c2c80071b13960d96a5f620131d962002acfd071
:10c2d800042106f168009047484603b0bde8f08f96
:08c2e8009f62efe7008000c037
:020000040000fa
:020000040002f8
:10c2f0002de9f04f87b0002380460229406805935e
:10c30000cde90333019040f3c580cf1e27f001072c
:10c310009a46141d0337012599461ee06249584686
:10c3200022f0b7fd002858d09bf800202d2a47d1d5
:10c330009bf80120692a43d19bf80220002a3fd1b3
:10c3400005aa0a2130461af09df80028c0f287801d
:10c350000235af4204f1080416d0d4f800b05349b6
:10c360006668584622f095fd0028d7d103aa0a2115
:10c3700030461af087f8002839db0235af424ff01b
:10c38000010904f10804e8d1494b059a1b689a4257
:10c3900036d2b9f1000f3dd0039bb3f5803f55d2a3
:10c3a000baf1000f6fd00499b1f5803f4ed2414ce5
:10c3b000e82000fb0244c4f8c430c4f8c81032e0de
:10c3c0003d49584622f065fd0028b9d0d8f8003024
:10c3d0003a491b6801989847bae704aa0a213046ef
:10c3e0001af050f8002802db4ff0010ab0e7d8f845
:10c3f000003033491b680198984707b0bde8f08fbb
:10c400005a1ed8f800302f495b680198984707b04a
:10c41000bde8f08fbaf1000f2ad1264ce82303fbc8
:10c420000244d4f8c430d8f80010019e4d68264963
:10c430003046a847d8f80020d4f8c83023495468bb
:10c44000059a3046a04707b0bde8f08fd8f8003015
:10c450001f491b680198984707b0bde8f08fd8f8ce
:10c4600000301c491b680198984707b0bde8f08f61
:10c470000499b1f5803fe9d20e4ce82303fb024456
:10c48000d4f8c43099e70b4ce82101fb0244c4f80e
:10c49000c430c8e7064a126812b1064c1a46c0e713
:10c4a0004ff0ff32ade700bf20270000002700005b
:10c4b00024d40020b8c70020242700004c27000007
:10c4c0000427000080270000d0270000f827000084
:08c4d000b42700002c27000036
:020000040000fa
:020000040002f8
:10c4d800002800f0e3802de9f04f164691b0002abd
:10c4e80000f0d9804ff0000ad0f87492c2f800a08a
:10c4f800d0f87c32009300f51e7501270446019799
:10c5080008ab2a46302148461df0b8fe5045c0f217
:10c51800b2800197d4f87832089ae36003eb0208f6
:10c52800c4f87c8208abcdf800802a463021484602
:10c538001df0a4fe0028c0f29e80d4f87832089f2f
:10c548001f44b8452761c0f09680b9f1000f00f08c
:10c5580092805a1c9742c0f08e8019f80320a02ab6
:10c5680018bfc4f820a076d0009704f5297304f505
:10c578002172294648461bf0a5fc00287bdb009762
:10c588004846012304f11802294616f015fd002833
:10c5980073db226900212046f0f7b0ff00286cdb2e
:10c5a80023690093d4f874820293012301932a46e5
:10c5b80005ab302140461df061fe002871dbd4f840
:10c5c80078b2059b5b440193039306af08eb0b031a
:10c5d800c4f800334ff0000900970df1130307aac0
:10c5e80029464046cdf81c9014f0b0fb48454ddb79
:10c5f800dde9062108a822f0b9fbd4f878a2aaeb55
:10c608000b03c4f80433039b08eb0a00cde900735d
:10c618002946c4f8080300250df1130307aa40466c
:10c62800079514f093fba8422adbdde9062108a848
:10c6380022f09cfbd4f87832a3eb0a03c4f80c333d
:10c64800b9f1000f30d1029a0121204611b0bde89e
:10c65800f04ff0f753bf0233c4f8783204f12002e8
:10c668003b46294648461ef0bff9002803db236aeb
:10c67800032b7ff679af6ff08b0011b0bde8f08f18
:10c688006ff09603336023690293dce7d4f878a24d
:10c698006ff09509b7e76ff0ac00eee76ff0ac000c
:10c6a80070476ff08b03ede76ff09503eae700bf83
:020000040000fa
:020000040002f8
:10c6b8002de9f0470368614a5f68614b82b005461f
:10c6c800002410785f4a0094002818bf1a460e46c6
:10c6d80068685d497823b8475c492b685c4a5b68a1
:10c6e8006868a64208bf0a465a4998472b685a49bb
:10c6f8005b6868689847214632462846013409f045
:10c70800b5ff062cf7d12b6854495b6868689847d1
:10c71800214632462846013409f0a8ff0c2cf7d1ef
:10c72800dff864812b68d8f8884ad8f8807ad3f87b
:10c738000490d8f8846ad5f804a0acb12246002346
:10c748003846314620f00ef90446002872d0444b92
:10c75800a3fb00239b09434ab2fbf0f20092424933
:10c7680050462246c84702e040495046c8472b6811
:10c77800d5f804a0d3f80490d8f8883a23b1d8f8ab
:10c78800788ab8f1000f44d139495046c847d5e9ed
:10c798000039d3f8048057ea060336d0354b002415
:10c7a80003f54960a446d3e9002103f50673a218ee
:10c7b8004ceb010c83421446f5d120194ceb0c01cb
:10c7c80000194ceb01013a46334647014e0146ea4f
:10c7d800d066c01941eb060100194ceb010120f0ad
:10c7e800c1f8642802464ff0640328bf642200930e
:10c7f800214948469b1ac0472b6820495b686868ee
:10c80800802202b0bde8f04718471d494846c04796
:10c81800f2e7a4eb0801642042460023a1fb0001d3
:10c8280020f0a0f81749cdf800800246234650466c
:10c83800c847ace70346024690e700bf2ad6002067
:10c84800b49e0000bc9e0000ec9e0000e49e000028
:10c85800000d0000249f00006c9f0000809f0000d6
:10c8680089888888000e2707949f0000d49f0000bd
:10c878002ca00000806b002058a00000b0a0000091
:0cc8880090a00000f09f0000e85e00207f
:020000040000fa
:020000040002f8
:10c894002de9f04f714c23788bb0002b00f0bc8055
:10c8a4000728064600f2c78094f812328846002b07
:10c8b40039d1a3196768197acb4303f00f030b44ea
:10c8c40007f5007000eb43200d4607eb41238e462d
:10c8d4004ff6ff7c02e083428db22ad01a8862456b
:10c8e40005f1010103f50073f5d115f00f0366821c
:10c8f40040f08c8044f64553a38241464ff4fe72c7
:10c904002644574822f034fa07eb4521554820f0d5
:10c91400d1f93572bff34f8f012384f8123200200e
:10c924000bb0bde8f08f638a8342c2d01ff0a0fa37
:10c93400bfe771460ef0f00c0b0907eb4c25009392
:10c944000df1080a4fea4c23019305f58051634623
:10c9540050462a461788438002f5007201338a4202
:10c9640007809bb200f10400f4d10cf1080705f52f
:10c9740000550af1200c5046a146b34606880b46e2
:10c984003a461c8803f50073b44208bf428002f1a2
:10c99400010e9d421ffa8ef2f3d104308445edd18d
:10c9a4005e464c46dff8bcb04ff0000913e0a282ab
:10c9b4006368a9b203eb41215846274409f10109f0
:10c9c40020f078f90123b9f1080f3d720af1040a45
:10c9d40084f8123233d0258a1ff04afabaf800706c
:10c9e4001f48be4209eb05154ff4fe7218d14146ab
:10c9f400668222f0bdf915f00f0344f64552d6d0f5
:10ca0400012b04bf43f27613a382d1e7012b04bfa9
:10ca140043f27613a38270e704200bb0bde8f08fd5
:10ca2400baf8022063684ff4007103eb42225846bf
:10ca340022f034fedfe702200bb0bde8f08f1ff0d8
:10ca440017fa6068019b184420f0fafe22f02efecb
:10ca54000028fbd1009b238261e700bf00bb0020bc
:08ca640016bb002012bb0020ec
:020000040000fa
:020000040002f8
:10ca6c005b4b0129186069dd2de9f04157680446dc
:10ca7c000d4638465749164622f005fa002859d07b
:10ca8c005549384622f0fff98046b0b9022d57d0ef
:10ca9c00b5685049284622f0f6f90346002838d1eb
:10caac00d4e900104d4a4c68117800294fd013700e
:10cabc004b492346bde8f04118474a49384622f015
:10cacc00e2f920b300221146384622f0affcfe28d2
:10cadc005cd8c3b2444922680b7044496068444c2a
:10caec00444d526800230b60434923700b70434c38
:10cafc00434923700b70434c434923702b600b70dc
:10cb0c00424b434901241c70bde8f0411047ff2300
:10cb1c00e0e728464246414622f088fc431eb3f526
:10cb2c00616f054618d3236860683a495b68bde8b5
:10cb3c00f0411847bde8f0410cf014ba00f030bbde
:10cb4c002368606834495b68bde8f04118472346a8
:10cb5c003249bde8f04118472c4a137813b323f03f
:10cb6c007bf82f4ba5fb0002c3e900021ef038ff37
:10cb7c002c4bc3e900012368184960685b682a469e
:10cb8c0001250d70bde8f0412749184723686068fe
:10cb9c0026495b689847d4e9003025495b68bde8b5
:10cbac00f0411847134810490360104803601048bf
:10cbbc000370114803701148037011480370114839
:10cbcc0003701148037001231370ff230b70c6e729
:10cbdc004cd500203c260000c071000008d6002077
:10cbec00f47100003c220000bfd700203cd500208f
:10cbfc0009d6002040d500200dd600200cd60020f0
:10cc0c000bd600200ad600200ed600200fd600200e
:10cc1c00dc72000034720000c87100001072000059
:10cc2c0048d3002040d300205c72000084720000c6
:04cc3c00ac720000d6
:020000040000fa
:020000040002f8
:10cc40002de9f0470022044692b03f2120f010fd6c
:10cc50000021204621f07efe3f2120461ff0f8fef5
:10cc600000223f21204620f003fd20463f211ff0f7
:10cc7000effe2069d4f8b0500023421ca4f85630cf
:10cc8000e365a4f85430a4f85a30a4f8583004d01e
:10cc9000ab6998474ff0ff332361e068431c04d031
:10cca000ab6898474ff0ff33e3606ff00101204617
:10ccb00014f0b6f994f8a430002b00f09c80002604
:10ccc000374600bfd4f894104422314401a822f022
:10ccd00051f804f1680802e0636ae0699847a36bc1
:10cce0000321404603b198470da820f0dfffa36b56
:10ccf00005460421404603b198472946002debd153
:10cd000004f1680802e0636ae0699847a36b0321b5
:10cd1000404603b198470aa820f0c8ffa36b054618
:10cd20000421404603b198472946002debd194f8e1
:10cd3000a4300137fab29a4206f14406c2d3002b5e
:10cd400059d02e46a8462f46d4f894104422414488
:10cd500001a822f00ff804f1640901e0e36a9847a2
:10cd6000a36b0521484603b1984703a820f09eff16
:10cd7000a36b05460621484603b198472846002d77
:10cd8000ecd1d4f8a0e001993ef806300bb300bf17
:10cd900001eb850cb9b1dcf800000ffa85f94fea18
:10cda000850a30b1e36a98470199d4f8a0e001eb15
:10cdb0000a0c029a02ebc9020023ccf8003013607f
:10cdc0005360adf840303ef806300135edb2ab426d
:10cdd000ded821b1636ae069984700230193bff36d
:10cde0005f8f94f8a4200137fbb29a4208f14408ff
:10cdf00006f11406a8d8a36b1bb1022104f1680048
:10ce0000984700232375a36112b0bde8f08700bfe7
:020000040000fa
:020000040002f8
:10ce10002de9f04fd0f8103104466ff4a37083422f
:10ce200087b08a46914609d06ff49872934240f0d9
:10ce3000878094f83632590740f195800023c4f872
:10ce4000103194f84032102b40f09080d4f89c6060
:10ce500076b1204614f08cfd00280646c4f8100177
:10ce6000c0f29480d4e933631e444e4500f3af8092
:10ce7000d4e94275002d68d1a9eb0607b7f5804fbc
:10ce8000a8bf4ff480474e450aeb060b44d094f8f8
:10ce9000243207f10d08002b42d094f85d30002bae
:10cea0003ed094f84531022b42d0b4f83e31b4f86c
:10ceb000401194f849210b441344984441462046bc
:10cec0000df0d6fa002874d1d4e9260194f8365230
:10ced00015f00205014454d101221723cde90425a0
:10cee000cde90073cde902555b4642462046f1f795
:10cef000dffd031e45dbd4f89c201a442046c4f80d
:10cf00009c2014f035fd0028c4f8100158db94f87b
:10cf100038321b073e44afd5304607b0bde8f08f2e
:10cf200094f836329a07c9d594f84531022bbcd112
:10cf300094f84421b4f84231092abed00833bce742
:10cf400013f59c7f3ff475af7be7482120460df039
:10cf50008ffa30b93a462946204610f087f9002862
:10cf60008ad0c4f810014ff0ff36d5e7204622f0f2
:10cf7000cdf9012806463ff469af304607b0bde859
:10cf8000f08f154e304607b0bde8f08f10f59a7f50
:10cf9000c2d194f8363213f0180f0ebf0f4e002690
:10cfa0006ff4c673304618bfc4f8103107b0bde83f
:10cfb000f08f0646c4f81001304607b0bde8f08f88
:10cfc00010f59a7fc4e93367e3d00646a4e76ff013
:10cfd000ac06c4f810619fe7c0feffffccfeffff68
:020000040000fa
:020000040002f8
:10cfe0002de9f0470f219ab0062020f0bffbc307c0
:10cff00080460bd418f0020f26d11ab0bde8f08796
:10d000006ff00d01062220461ff014fe062022f0cc
:10d01000e7f804460028edd0a68d072ed4e9065780
:10d02000eed9002332463946d5f80c9013f002feb3
:10d0300038b93b88082b75d0002b3cd06ff00c0121
:10d04000e0e76ff00901dde720f07afc054608a86b
:10d0500022f0a8fd524b1c68b4b1524e002103e0ef
:10d060002368214683b11c4663683268eb1a9342f9
:10d07000f6d34b481df0bcfb214608a821f0fafc72
:10d0800023682146002beed1474e07e0e5690db13c
:10d09000236aa8472146304621f0ecfc08a820f07e
:10d0a000b5fe044601464ff0ff320830002cedd1aa
:10d0b0001ab0bde8f0873a4a1568002dbed0ba888c
:10d0c0009c4604e02b68ac46002bb7d01d466b8a0b
:10d0d0009342f7d1298afb889942f3d105f1080ad6
:10d0e000bae80f000df1040eaee80f009ae8070051
:10d0f0008ee8070061462a481df07afb083e2a4860
:10d10000294621f0b7fcadf81460069ecdf80890d2
:10d110000837049726b1079b294601a80022b0478b
:10d1200002216fe7a06a05f110011ff057fd10b151
:10d130006ff00e0166e7e169a56a4b880880deb2f0
:10d1400006f10802d2b21846072a62f3070009d88e
:10d15000c3f307230133dbb263f30f2013b909369e
:10d1600066f30700002648803246012120462660eb
:10d1700015f090f9a369d3e903133246cde91613ec
:10d1800008a821461895fcf711fb00287ff43eaf54
:10d1900006226ff0050120461ff04cfd36e700bf68
:0cd1a000b0d20020a0d30020bcd20020a0
:020000040000fa
:020000040002f8
:10d1ac0070b55b4b5b4c1978206882b000296ad053
:10d1bc00594b1a78ff2a31d0002877d0d0e90030ab
:10d1cc00564e5d68564b042918bf33465549a8473f
:10d1dc00554b20681b78002b31d1002800f0938030
:10d1ec00036852495b6840689847514b1a68002a9b
:10d1fc0047d0504923680978002b60d0d3e9004010
:10d20c00052998bf4c4b646894bf53f821304b4ba5
:10d21c004b49a44602b0bde87040604700283cd0a2
:10d22c0003683e4d3e4a5b684068042918bf2a4695
:10d23c00444998473c4b20681b78002bcdd0424b7f
:10d24c001b78002848d0d0e90020072b556896bfe2
:10d25c003e4a3f4a52f823203e49a8473e4a3f4b9c
:10d26c003f49256812781b780968002d45d0d5e90f
:10d27c00005000916d683b49a8472d4b1a68002a55
:10d28c00b7d102b070bd002831d0036836495b6855
:10d29c00406802b0bde870401847214b1f4a042972
:10d2ac0008bf1a46274918f05ff991e71b4d1c4b34
:10d2bc00042918bf2b461b4918f056f988e7052995
:10d2cc0096bf1d4b1d4b53f821301d49002002b059
:10d2dc00bde8704018f048b9072b96bf1b4a1c4a92
:10d2ec0052f823201b49002018f03ef9b6e71e49de
:10d2fc0002b0bde8704018f037b9009128461949c2
:10d30c0018f032f971e7094918f02ef96de700bff2
:10d31c000fd600204cd50020bfd70020146b000086
:10d32c000c6b0000a06b000009d60020c06b000045
:10d33c003cd500200ad600202ced0400246b000004
:10d34c00446c0000746b00000dd60020cce104008e
:10d35c00206b0000086c00000cd600200bd60020bf
:0cd36c0040d500201c6c0000306b00005d
:020000040000fa
:020000040002f8
:10d378002de9f04f91f80cc0d0f8ac40bcf1010f8a
:10d3880083b009d0d1e90002c4f880000020c4f8b5
:10d39800842003b0bde8f08f8d68287d2a7c2e7b21
:10d3a800c0f3400ac0f38013c2f340118aead01ace
:10d3b800c0f3000e8eea030e8aea010ac2f30011d6
:10d3c8008eea010ec0f38007c2f300012b7a4f40aa
:10d3d800c6f3c0018aea010ac6f38001c3f3400b11
:10d3e8008eea010ec2f380114f408aea0b0a0197b8
:10d3f8008aead317c2f34001c3f3000ac0f3c00896
:10d408000097019f8eea0a0e88ea0108c6f3001aff
:10d4180087ea0a07c0f3001b88ead218c0f3401055
:10d42800c2f3800ac2f3c0024240c3f380108eeafe
:10d438000000c3f3800e87ea0e0ec6f34017297961
:10d448002d788bea0a0a88ea0708c6f300078aeaf1
:10d4580007070197c1f3001b009fc1f3401a80ea38
:10d468000b0bc1f300008eea000e87ea0a0ac3f329
:10d47800c000019f88ea0000c6f3801887ea080701
:10d48800c6f3400882ea080282ead612c5f3c0064b
:10d498008aea060ac5f380068bea060bc1f38016f2
:10d4a8008eea0606c1f3400e80ea0e00c3f3001ea2
:10d4b800c3f340135a40c5f3001380ead1107340f8
:10d4c800c1f38006c1f3c0014a404bea4a0bc5f3d9
:10d4d800401187ea0e0748404bea83037e40c5f3b4
:10d4e800000143eac0037140c5f38010414043ea9c
:10d4f8000113c5f340014a4082ead51243ea4213b8
:10d5080003f03f034ff0000963f30709a9f1200274
:10d51800c9f12003d4f88410d4f880000cfa02f280
:10d528002cfa03f31a430cfa09fc4cea00000a43ec
:04d538002ae700bf1f
:020000040000fa
:020000040002f8
:10d53c002de9f04782b0594fddf82cc0bc4540f0c6
:10d54c00a88000248a468cf80c4100294bd097f80f
:10d55c000411054652481646994614f06dfca04637
:10d56c004ff0010c0cfa04fc1cea090f18d05ffafe
:10d57c0084fcbcf11d0f10d8dfe80cf0857f0f0f79
:10d58c000f0f0f0f0f0f0f0f0f0f0f0f0f7a75706d
:10d59c006b66615c57524d48433b424814f04cfc5f
:10d5ac000134202cdcd1b9f1000f11d0dff834a1fb
:10d5bc00002403e001212846f7f750f8cde900a438
:10d5cc0001234a463146284620f0bafb0028f1d008
:10d5dc00b8f1000f04d0002387f8d83087f89430c6
:10d5ec0002b0bde8f0872f4802b0bde8f04714f058
:10d5fc0023bc2d4814f020fc0123013487f80c3196
:10d60c00aee72a4814f018fc0134a9e7284814f0b6
:10d61c0013fc0134a4e7274814f00efc01349fe7f7
:10d62c00254814f009fc01349ae7244814f004fc52
:10d63c00013495e7224814f0fffb013490e72148b0
:10d64c0014f0fafb01348be71f4814f0f5fb01349e
:10d65c0086e71e4814f0f0fb013481e71c4814f0f7
:10d66c00ebfb01347ce71b4814f0e6fb013477e755
:10d67c00194814f0e1fb013472e7184814f0dcfb94
:10d68c000134d0466ce7164814f0d6fb0134d04672
:10d69c0066e7002383f80c31ffde00bfa0c5002035
:10d6ac00d80300004008000020080000000800001b
:10d6bc00e4070000bc070000940700006c070000a2
:10d6cc004007000014070000e8060000c806000030
:10d6dc00b006000094060000780600005406000016
:08d6ec00300600004183040038
:020000040000fa
:020000040002f8
:10d6f4002de9f04fadf5197ddde9a5749df88c9207
:10d7040003908a4616469846002f00f0aa804846a1
:10d7140021f092fa051ec0f29980202d00f2be80fd
:10d72400484600952246394606ab05f051ff81462e
:10d73400002840f0908005f1010bb8eb4b0f4fea45
:10d744004b03c0f0ae80a8eb03025245a3f10203e1
:10d75400c0f0a780a8eb0a00841ee21ad045cde9e8
:10d76400042300f1ff377fd35246039930443744f2
:10d7740021f0fefa01223a70049a002a07dd059b83
:10d7840000e024b1013ca34207f8019df9d1c5f1a1
:10d794000100204406a92a46304421f0e9fa0ea9e2
:10d7a400a2982a4602f08cfe0146002870d108f1a6
:10d7b400ff377c1bb4f5027f70d8224616a821f0ef
:10d7c4001bfea498009416ab2a460ea91df0eef990
:10d7d400002854d1d84506f1010306eb0b0146d9c4
:10d7e400a4b10df1580c07eb060e8946701901e03f
:10d7f40070450ad002461cf8017b10f8011f023262
:10d80400921b4f4090450770f2d84946002000957e
:10d8140022463070a4981df0c9f980bbbbf1010ffa
:10d8240033d095b10eaa701916f8011f12f8013bf6
:10d83400b04283ea01033370f6d10eab1d440021dc
:10d844001a460133ab421170fad1002528460df572
:10d85400197dbde8f08f054628460df5197dbde814
:10d86400f08f002c3ff453af6ff08305eee7307078
:10d874002246a49800951df099f90028d1d00546b8
:10d8840028460df5197dbde8f08f002dd5d1dce7d4
:10d89400054628460df5197dbde8f08f6ff07c052f
:08d8a400d4e76ff0ac05d1e7f9
:020000040000fa
:020000040002f8
:10d8ac002de9f047694c844240f0bf800d46b4f836
:10d8bc005410002a5cd06a08eb0802f0800203f0d6
:10d8cc000203134305f0040213436a0202f480625c
:10d8dc0013432a0902f0400213436a0902f01002b2
:10d8ec0042ea03094e46002940f0a280b4f85830b1
:10d8fc000d4346ea0302a4f85450a4f85820a5b3eb
:10d90c00b4f85a3094f8a4209bb229ea030942b324
:10d91c000027dff83881ba463e4600bfd4f8a03065
:10d92c003b4429f0d0051a7c5b7c012a08bf4d468c
:10d93c00012b1cbf25f4806525f0060531464046b9
:10d94c0022f0aefa3146aab2404622f0adfa0af104
:10d95c00010a94f8a4305ffa8af6b34207f114076f
:10d96c00dcd83a483f211ff083f80120bde8f0874e
:10d97c0023680d401a886e08eb0806f0800603f049
:10d98c000203334305f0040633436e0206f480664b
:10d99c0033432e0906f0400633434fea55182c4efc
:10d9ac0008f0100841f25007ba420cbfb1464ff0d4
:10d9bc00000948ea0306b046002940d1b4f85630b5
:10d9cc009bb223ea0503a4f85630b4f85a309bb244
:10d9dc0023ea0603a4f85a30b4f8583023ea0603b5
:10d9ec00a4f8583094f8a43021ea0501a4f8541096
:10d9fc009bb10026154f354629464246384622f043
:10da0c0057fa2946384622f04bfa013694f8a430de
:10da1c00f5b2ab42f0d8b4f854100029a5d00b489d
:10da2c004a463f2120f0a8ff9fe70020bde8f08781
:10da3c003f2100221ff016feb4f8541056e73f2188
:10da4c004a461ff00ffeb4f85410b7e72cd600204e
:04da5c0000d60020d0
:020000040000fa
:020000040002f8
:10da60002de9f04f8c461646d0f8a0100ceb8c0236
:10da700085b0054631f822000390002b00f0c680e7
:10da80005c1e0ceb0c1800230093a4b24fea820b2f
:10da90004fea88080b46cdf808c00ee0036853f83b
:10daa00026704fea86093fb3013ca4b24ff6ff73dc
:10dab0009c4200f08b80d5f8a030d5f894105b44e0
:10dac00001eb0800df88028a9742e7d91989029a98
:10dad0000023284611f0dcfb03460133009000f0e0
:10dae0008c80d5f8941001eb08004fea8609036892
:10daf00053f82670002fd7d1ab6b002b6ad005f1fd
:10db000064020521104601929847d5f89410019ab5
:10db1000ab6b01eb0800d0f808a0baf1000f65d09c
:10db2000c268524504bf0022c260026918bfdaf819
:10db300000708760013a0261002b51d005f1640248
:10db40001046062101929847daf81030019a5f6872
:10db5000ab6b27f003071bb1104605219847ab6b51
:10db6000d5f89410d5f8a020414432f80b004a684b
:10db7000013802ebc60286424ff0000c08bf47f0a6
:10db80000207c2f804c0176033b1062105f1640032
:10db90009847d5f894104144039b0a681c49caf879
:10dba0000c500136b6b2b34298bf0026013c0023a8
:10dbb000caf82030caf80810a4b242f809a0caf87e
:10dbc00000304ff6ff739c427ff475af009805b0ac
:10dbd000bde8f08fd0f808a0baf1000fa0d163e73c
:10dbe000daf81020576827f00307bbe7002b3ff453
:10dbf0005baf10460621984756e7d5f8803000986d
:10dc00000133c5f8803005b0bde8f08f0093dde743
:04dc1000351d0400ba
:020000040000fa
:020000040002f8
:10dc14002de9f04fd1f800a0adf5117dbaf1440f14
:10dc2400049100f3b9800446154600214ff40972ab
:10dc340007a821f0e1fb23689a45babf4fea4a03db
:10dc44000393cdf80ca0039b002b40f39480039a1c
:10dc540004f108039200194607a8059321f088f8f7
:10dc6400baf1000f40f38e80049b4fea8a0806aa9b
:10dc740008f1080602eb8a0951461e4403f1080b19
:10dc84000027a246144652f8043f029503fb05fc04
:10dc94005846002301919646654600bf54f8041f78
:10dca40050f8042bbc46e2fb051cc9184cf10003d8
:10dcb40086422160f2d10199029d72460eeb080062
:10dcc40033b10468e41840f8044b4ff00103f8d270
:10dcd4004a45d7d107ab54468a4603eb0801059b56
:10dce40008f104052a46184621f042f80399034630
:10dcf4002b440af10105a9422a464bdd03998a1aed
:10dd040092001846002121f077fb256085b308f1c5
:10dd14000c0804eb080101e025604db351f8043d03
:10dd24002a46013d002bf7d06168049803686160be
:10dd3400934213db17dc511e10d4931c04eb8302b3
:10dd440000eb830302e00ed3481c07d052f8045db5
:10dd540053f8040d854201f1ff31f4d904992246a8
:10dd640020460ef059fb00200df5117dbde8f08f23
:10dd740000221146d9e7baf1000f10dd04f10803bf
:10dd8400059371e7059b4fea8a080ed00af1010555
:10dd94000022b3e72560bae74ff0ff30e4e74fea2b
:10dda4008a0807d00af10105afe707aa02eb0801c8
:10ddb400d04695e707ab03eb080104f10803d0460e
:04ddc4008ee700bf27
:020000040000fa
:020000040002f8
:10ddc8002de9f04182b0bab1b1b1002814db654b3e
:10ddd8001b68984210d2644b1b6853f820505db101
:10dde800ab6c4bb195f87030032b0ad0082b08d0d8
:10ddf80095f87130012b7ad00024204602b0bde896
:10de0800f081d5e90206b04280f08980361a013ed9
:10de1800b6b2002e00f09980b24228bf32466b6835
:10de2800144682189342274640f281803a461cf0f5
:10de3800bbfcaa682b693a449a42aa603dd095f87f
:10de480087c0b5f860001cf0200f15d095f8841035
:10de5800890611d4d5e90071361bc91bb6b2c1f3c6
:10de68004f01b14208d3002875d195f8843043f0aa
:10de7800200385f88430c0e79a4235d869682e684f
:10de8800c91a921b0a4492b29042b5f866600146dc
:10de980028bf11468e4239d9b5f86a60b1eb560fe2
:10dea80034d2904209d31cf0020f2fd195f9852066
:10deb800002a02dbea68934228d095f884305a0792
:10dec8009bd443f0040385f884301ef033ff0646e4
:10ded8001ff032fd254a06eb8603db00a2fb032375
:10dee80000eb9310a86288e7d21a92b2cce7a86830
:10def8002b69834280d0b5f86030002b3ff47cafab
:10df0800012210212846eaf777fe75e700283ff43a
:10df180074af012210212846eaf76efe6de7d5e9b5
:10df280000431b1b861b013b9b1b9eb271e71f1afc
:10df38001ffa87f8424601911cf036fc01992868bf
:10df4800a860e31b41449fb270e795f87130012b3c
:10df58007ff452afcce7012210212846eaf74cfea5
:10df680083e700bfbcd30020ccd30020d34d621080
:020000040000fa
:020000040002f8
:10df780000287cdb2de9f04fdff89c919846d9f812
:10df88000030984283b060dadff890b1dbf80030f7
:10df980053f82070002f58d097f85ca00e4615460d
:10dfa800002956d1baf1000f4fd1d046cdf800a0c4
:10dfb800584c20780028fcd02278002a40f087802e
:10dfc8007a8d002d55d19ab3019222f0e3f8217889
:10dfd8000131217022f0e0f8019a97f83e10009b79
:10dfe80087f85c6021f002017b6287f83e1073b10c
:10dff80097f93f1000290adb97f85d1011f002012c
:10e0080005d197f83c0061f3c30087f83c00b8f1ec
:10e01800000f59d0012e4cd087f85ca0002097f84b
:10e028003e3043f0020387f83e3003b0bde8f08f7e
:10e0380018f082fe019022f0adf8217801312170ac
:10e0480022f0aaf8019a002ac7d1002003b0bde83f
:10e05800f08f4a1e012af8d8baf1000f26d1b8f17c
:10e06800000f45d0012e46d000230093a0e70020e2
:10e0780070479542a8d0d9f80030002b0ddddbf8a9
:10e0880000000022043800bf50f8041f013211b10b
:10e09800498da94224d09342f6d122f07bf8227808
:10e0a8000132227022f078f82a4696e78a45ccd1c8
:10e0b800d5e797f83c30d8f80010b96103f01f0392
:10e0c80043f0600387f83c307a850120a7e722f007
:10e0d80061f82278013ad2b2227022f05df86fe737
:10e0e80022f058f823780133237022f055f8ace772
:10e0f800cdf800805ce7d8f800200ab9009257e70d
:10e108000021404618f058fd009000287ff450afd9
:10e118009be700bffad5002094d4002098d40020b3
:020000040000fa
:020000040002f8
:10e128002de9f843644e3368002b39d093f91b303e
:10e13800002b35db012b35d0604c2368002b78d0c1
:10e148001df050fc002322681ef00cfc5c4b80463e
:10e15800186033681868c76817b3002501e033688a
:10e168001868294620f0deff0378da07044614d53c
:10e178000388db0511d44368a8eb0303002b00f1e7
:10e188000c010add3368d3f864220a200ab19047eb
:10e1980033681868214620f0bbff0135af42ded155
:10e1a800bde8f8830021084613f0acf920f022f905
:10e1b800002848db0228f3d137687b7e002b77d014
:10e1c80007f26928b14600250be013f4807060d08f
:10e1d80023f4e06343f4407323807b7e01359d4242
:10e1e80063d218f8010f20f013f90446002845d02f
:10e1f80094f8740010f0080035d094f878309d42f7
:10e2080025d194f83c3013f001061bd104f13c01f0
:10e21800386818f071fc0446a0b1027803889107a9
:10e22800d3d523f4e06343f44073c0f8136003804c
:10e23800d3e721f013fd2060002881d1204bd3f8cb
:10e24800008086e74e463368ff22da76a8e74ff467
:10e25800fb631c4a1c49002017f088f91b4b1a68fd
:10e26800002afcd1cde740f2d773164a164917f0b9
:10e278007df9164b1a68002afcd1bee740f2d67326
:10e28800104a114917f072f9104b1a68002afcd18c
:10e29800aee740f2eb730b4a0b4917f067f90b4beb
:10e2a8001a68002afcd1238892e7d9f800704e46f4
:10e2b8000223fb7640e700bfa8d400209cd40020ae
:10e2c800a0d40020c0e40400ac380000a4d400208e
:020000040000fa
:020000040002f8
:10e2d800002800f0ce802de9f0470c4686b00029d2
:10e2e80000f0be809246002a00f0ba801d46002b3e
:10e2f80000f0b6804ff0010800930a46cdf804807c
:10e3080003ab302106461bf0b9ff002812db2b4671
:10e3180002aa214630461cf067fb00287fdb2368f1
:10e32800ab4207d2f25c0133042a236007d0063ad5
:10e33800012a04d96ff08b0006b0bde8f0874ff0d2
:10e348000108cdf800802b4603aa2146304614f078
:10e35800f3fd0028eedb0398422800f38480276849
:10e368003844a8422060e5d216f800c00130bcf15c
:10e37800a00f206071d1cdf80080304614f0dcfd8c
:10e388000028d7dd23689d426dd95a1c954202d3d7
:10e39800f35c302bced00095152304aa21463046d5
:10e3a80013f0f6f80028c7d1014605aa049819f019
:10e3b800e1fdb0f1000959db059b002b56d0b8f1ff
:10e3c800000f11d02368ab42b4d2f25c0133a12a0a
:10e3d800236042d10123009303aa2b4621463046ed
:10e3e80014f0aafd0028a5dd01210020cde90010c8
:10e3f8002b4603aa2146304611f054fe00289bd133
:10e40800039d20684b465246304429460bf0b6fd22
:10e4180018bb23682b44236006b0bde8f087cde91c
:10e42800005803ab2246302130461bf027ff002856
:10e4380080dbcde900582368049304aa05ab0621c4
:10e4480030461bf01bff0028fff676afdde90432eb
:10e45800134423604ff0000895e76ff0aa006be7bc
:10e468006ff0ac0068e76ff0830065e76ff0ab0012
:08e4780062e76ff0ac00704791
:020000040000fa
:020000040002f8
:10e480002de9f04389b0002703aa04460397fef75d
:10e4900023f800285ddb142204f1380104f14c005c
:10e4a0001ff0a3fb94f85e33d4f87462b0fa80f0e6
:10e4b000400960f3410384f85e33d4f87c32009362
:10e4c0004ff00109d4f87882cdf8049005ab04aa86
:10e4d00030213046cdf810801bf0d4feb842c0f297
:10e4e0008c80dde904531d440095022304f11c02d5
:10e4f00004a9304614f064fd00287edbe36940f295
:10e500000622934230d040f28522934224d1cde9b5
:10e5100000972b4607aa04a9304611f0c7fd002832
:10e5200068d1049d079fcdf80490eb19009304aacd
:10e5300006ab302130461bf0a5fe00285adb049aba
:10e54000069b67603544256002eb03090398c4f815
:10e55000789209b0bde8f083049bc4f878326ff07c
:10e56000930009b0bde8f083ddf81090002e47d08d
:10e5700009f10103ab4243d816f80930302b24d0ff
:10e580000095032304f53f7204a9304613f004f804
:10e5900000282fdbd4f8fc02394607aa19f0eefc5c
:10e5a000002830db079b73b301230020cde9003046
:10e5b00007aa04a92b46304611f078fdb0b9049a99
:10e5c000079b02eb0309cdf81090a5eb0805284640
:10e5d00019f0b0f80746e0b106eb08012a4620f032
:10e5e000c9fb0123c4e901532760afe7049bc4f8ca
:10e5f0007832aee7049bc4f878326ff08b00a8e75e
:10e60000c4f87892f9e7049bc4f878326ff0ab0055
:0ce610009fe7c4f878926ff07c009ae756
:020000040000fa
:020000040002f8
:10e61c002de9f043446885b0d4f88c5000220023d7
:10e62c000026cde9002307460296002d00f0a980b4
:10e63c00b046b146d4f89030d4f89420ab4214bf15
:10e64c002b68002302f1ff3208bfc4f89030c4f8e5
:10e65c008c30c4f89420ea7b022a0ed12a69ba4283
:10e66c001bd000222a60002e00f09280356008f149
:10e67c0001082e46ebb11d46dce74ff4b073474a58
:10e68c004749002016f070ff464b1a68002afcd14f
:10e69c002a69d4f88c30ba42e3d1019a002129605e
:10e6ac00002a79d01560029a019501320292002b52
:10e6bc00e1d10099c4f89480c4e9239641b16d4628
:10e6cc0002232a4620460ef017f800990029f7d1ac
:10e6dc00d4f8985035b30026b046b146d4f89c30e7
:10e6ec00d4f8a020ab4214bf2b68002302f1ff32f8
:10e6fc0008bfc4f89c30c4f89830c4f8a020ea7b5a
:10e70c00032a24d12a69ba4231d000222a60b8f1f6
:10e71c00000f3bd0c8f8005009f10109a84623b1fd
:10e72c001d46dbe72e46a846a9460099c4f8a090e2
:10e73c00c4e9266841b16d4603232a4620460df0f4
:10e74c00dbff00990029f7d105b0bde8f0834ff449
:10e75c00b073124a1249002016f006ff114b1a68ca
:10e76c00002afcd12a69d4f89830ba42cdd1019a4a
:10e77c000021296072b11560029a01950132029252
:10e78c00cde7c4e92355c4f89450a1e72e46c3e75e
:10e79c00a9466ce70095efe7009584e7fce90400d7
:08e7ac00940a00009cd3002038
:020000040000fa
:020000040002f8
:10e7b4002de9f04f0c461946604b90461a7a824276
:10e7c40083b040f2a78004f00502052a00f081809e
:10e7d40004f00602062a63d004f00902092a00f0b4
:10e7e400828004f00a020a2a40f0948058253422d8
:10e7f40005fb003502fb0030bc3500f5ea762a68db
:10e80400002a00f08e80a0060dd4e20652d46a6d70
:10e81400002a4fd00846009190470099474b0028a2
:10e8240048d044f02004b268002a7ad05a78012ae9
:10e834004ff0010b43d1dff8089100274a461078c6
:10e8440000285bd101225a708246404607ebc70874
:10e854002b68009309eb8808fb0088f800200193db
:10e864000c9a009b9847a8f80600013060d00d9bd5
:10e87400a8f80440c8e9025688f803a00bb183f84d
:10e8840000a0bbf1000f06d0fb003b4409eb830959
:10e89400012389f80230781cc0b203b0bde8f08fc0
:10e8a4005825342605fb003506fb00360c3506f5e5
:10e8b400b676a4e75a78012a4ff0000bbbd00d9b23
:10e8c40013b10d9afc2313704ff0ff3003b0bde871
:10e8d400f08f5825342605fb003506fb00366435d9
:10e8e40006f5d0768be75825342605fb003506fb64
:10e8f400003605f58a7506f5027680e701370a2f9a
:10e9040002f124029bd10d9b002bddd00d9afe2336
:10e914001370d9e70d9b002bd6d00d9afd231370ed
:10e92400d2e70d9b002bcfd00d9aff231370cbe7ba
:10e934000d9b88f800a0002bc3d1c5e7c4b8002004
:04e9440018c30020d4
:020000040000fa
:020000040002f8
:10e948002de9f04ff5b00746809c022c15461e466f
:10e958004cd0042c32d0012c42d14ff010094ff08a
:10e96800030bb1fbf9f809fb181abaf1000f30d004
:10e9780008f10103009315acdde9811220461ef071
:10e98800effc0246b8b305ae0df1340b3346002058
:10e99800194601335b450870fad100201946013346
:10e9a800a3420870fad1002019460133087074a9ef
:10e9b8008b42f9d1104675b0bde8f08f4ff02009b1
:10e9c800b1fbf9f809fb181a4ff0060bbaf1000f62
:10e9d800ced1894579d8cdf8008008f1ff38cae74b
:10e9e8006ff0e702104675b0bde8f08f4ff01409dc
:10e9f8004ff0040bb5e72a4633465946204601f046
:10ea080075ff024640b105ae0df1340b2046009269
:10ea180016f052fb009ab9e7dde97e1220460ef0a7
:10ea28009dff05ae024610b10df1340beee73146fd
:10ea3800204603f013f802460028f5d1009b002b6e
:10ea4800f2d0cdf808a005460df1340b82460390ac
:10ea5800019711e020f08af94a4631462046ca4417
:10ea68000ef07cff68bb3146204602f0f7ff40bb42
:10ea7800009b0135ab422bd04a46314620460ef06a
:10ea88006dff8446dde97e122046bcf1000f1ad1e5
:10ea98000ef064ff844659462046bcf1000f12d19f
:10eaa80002f0dcff68b9019b454553444a46594684
:10eab8001846cfd1029f002fccd03a4620f056f905
:10eac800d6e70246a2e76246a0e76ff0ac0271e71c
:04ead800039a9be71b
:020000040000fa
:020000040002f8
:10eadc002de9f0471546b6b098460122002369434c
:10eaec00cde90423074625d0cde906554e1b064437
:10eafc0005aa00bf52f8043f506803442b448b42d4
:10eb0c009360f7d30124b7420df1180915d30023f4
:10eb1c00cde90043cdf8089004ab4246294638466f
:10eb2c0009f0eefb012c4cd1049b012b4ad1059b27
:10eb3c00002b47d136b0bde8f087049b03f00303ec
:10eb4c00032b12d12346424629463846cdf8009075
:10eb5c0016f046f8022104a81ef0f0fc0234049bc7
:10eb6c0043f0010304932f44cde736ab04f1ff3a95
:10eb7c0003eb8a02f31b52f8c02c9a4212d30023e7
:10eb8c00cde90043cdf8089004ab424629463846ff
:10eb9c0009f0b6fb012c0ed1214604a81ef0bafcdc
:10ebac000024dce7cdf8009023464246294638463f
:10ebbc0016f016f8eee7514604a81ef0abfc012443
:10ebcc00cde71cdc049e013e96faa6f6b6fa86f654
:10ebdc0016f01f060bd1059b93faa3f3b3fa83f33c
:10ebec0003f01f0303f12002002b18bf1646314619
:10ebfc0004a81ef0a3fc26447f1b344692e704a80d
:10ec0c0002211ef087fc049b012183f00703a61e42
:10ec1c0004931ef093fc36ab03eb86034ff0010a12
:10ec2c0053f8c00ccdf808902844013c04ab424684
:10ec3c002946381acdf804a0009409f061fb04a809
:10ec4c0051461ef067fc049b009643ea0a030493aa
:10ec5c00cde901a9034642462946781b09f050fb31
:04ec6c00cae700bf34
:020000040000fa
:020000040002f8
:10ec70002de9f047bcb01d4600230893002800f0a2
:10ec8000a9800c46002900f0a5809046002a00f0db
:10ec9000a180002d00f09e8008ab2a4606460df0ac
:10eca000fdfe01230193009507ab2246302130463b
:10ecb0001bf0e8fa002812db2b4606aa2146304654
:10ecc0001bf096fe00280adb2368ab4207d2f25cf9
:10ecd0000133042a236008d0063a012a05d96ff0cf
:10ece0008b0738463cb0bde8f0874ff0010acdf8fd
:10ecf00000a02b4607aa2146304614f021f900282f
:10ed0000eddbddf81c90b9f1420f60dc27684a4664
:10ed1000f11909a84f4420f02df87a1caa42276067
:10ed20000dd2f35da02b18d04ff0000aa12b22606a
:10ed300037d06ff0aa0738463cb0bde8f087002313
:10ed40009a461a46cde9008a494609a816f0b4fc4d
:10ed5000074638463cb0bde8f08722602b46cdf828
:10ed600000a007aa2146304614f0eaf80028b6ddd4
:10ed70000095152305aa304612f00efc0746002820
:10ed8000afd105981aaa394619f0f8f8b0f1000a7f
:10ed90002fdb1a9b6bb323685a1caa422cd2f35c5c
:10eda000c4e7012100912b4607aa2146304614f002
:10edb000c7f8002893dd0020cde90000304611f0af
:10edc00075f9074600288cd1079b862b05dd6ff06f
:10edd000830786e76ff0ac0783e7256803931a463d
:10ede00071191aa81ff0c6ff039b1d4425601aaabb
:10edf000a8e76ff0ab0774e73b463a46a2e700bfcf
:020000040000fa
:020000040002f8
:10ee00002de9f04f05686e00872eadf5157da8bf82
:10ee10008726884204900c4600f0ab800021c4e9ac
:10ee200000114ff4087204f1080020f0e7fa2146bf
:10ee3000002d40f39980049f3b46cde9081453f818
:10ee4000080b0593c0eb80739a0013460792421e8d
:10ee5000039203f10c0aba44039b059fcde90160bc
:10ee6000002507eb83034200069301f1040c013aed
:10ee70002b46a9460299494502f1ff3b68dc0399fc
:10ee8000ddf818e08a425646d8467edc08f10108d3
:10ee90004fea68089045a8bf9046b8f1000f1946a0
:10eea0002b465fdd002506eb88082f4656f8042b1d
:10eeb0005ef80409a2fb0002091842f100041b19c4
:10eec00047eb0704091842f10002d21844eb47044b
:10eed000464525441346e9d119f001070cd14fea04
:10eee00069020232049850f822603a46e6fb0612a4
:10eef0009a1845eb470513464cf8041f019909f190
:10ef0000010989455a460af1040ab3db0e46dde9d8
:10ef100008140e60b31c01eb830301e00e602eb3f6
:10ef200053f8040d3246013e0028f7d04b684b6081
:10ef3000a14208d0c4e9002308314ff4087204f15b
:10ef400008001ff017ff00200df5157dbde8f08fbc
:10ef5000079a059eaaeb020eaef1040ec8464a4679
:10ef6000013293e70025b7e70e60d3d100221346a4
:10ef7000dde700220023cde90a2300214ff40872c7
:10ef80000ca820f03bfa0aa952e70a46e8e700bfbe
:020000040000fa
:020000040002f8
:10ef90002de9f041594c2378012b48d0022b01d0a8
:10efa000bde8f081564db5f900001cf043fb48bbad
:10efb000b5f900001df08efd20bb524f524e4ff4ac
:10efc000005833883c885149b5f90000e21a9c4248
:10efd000194492b242d9fef7f7fe4d4933880a68c8
:10efe00003449bb202444045a8eb000433800a600e
:10eff00063d23a889a421ffa84f861d800233b8092
:10f000003380dee7424b434a1b68126842490020c6
:10f0100016f0b0fab5f900001cf028fb39483a495f
:10f0200001220023227003800b80bde8f081344d63
:10f03000b5f900001bf0aeff0028b1d0b5f9000013
:10f040001cf0f8fa3349324a02230020237008608a
:10f05000bde8f0413149106016f08cba1bf048fb56
:10f0600028b3b8f5007f424628bf4ff400728242b1
:10f0700028bf02462549b5f9000092b220f080fd74
:10f08000244a1368404503440446a8eb000113607a
:10f090001bd302461d49b5f90000fef795fe1c4a38
:10f0a000136884420344136001d93c803080b5f971
:10f0b0000000bde8f04118f0cdbc3a889a4219d959
:10f0c000b5f9000018f0c6fcf1e71ffa81f8002836
:10f0d0003ff477af02460d49b5f90000fef774fe24
:10f0e0000b490a68844202440a607ff66aaf3c809a
:10f0f000308066e700233b803380d8e723d60020aa
:10f10000bad700205ad2002046cf002018bd0020d8
:10f1100098d500209cd50020848d0000648d0000cf
:020000040000fa
:020000040002f8
:10f120002de9f0435e4e864287b024d19046b26b03
:10f130000023cde903330f4605931ab1052106f1eb
:10f14000640090475648574d1ff06effb26b287011
:10f1500003461ab15448062190472b78ff2b22d141
:10f16000059b012b04dd039a136a43f00403136229
:10f170000fb101233b70002007b0bde8f083b36bf3
:10f1800003b19847297846481cf01cfa44481ff000
:10f190004bffb26b0346062143482b700ab19047e0
:10f1a0002b78ff2b58d0009303a93d4804ab05aa48
:10f1b000f3f7ecf8044605213b48002cdfd1059b12
:10f1c000ddf80c90012bc2bfd9f8203043f00403c6
:10f1d000c9f82030f36e0133f3660fb100233b70a2
:10f1e000d9f8102096f8da1053680b44936013682e
:10f1f0005bb19089401a90815a689a601a461b68e0
:10f20000002bf9d19389194491811ef099fb039c3d
:10f21000c9f82400236a9df8131023f0700343f00b
:10f22000080222629df91320002a23db480631d50b
:10f2300043f048032362b8f1000f02d0049bc8f8e2
:10f240000030297816480ef0f1fe0346039884f842
:10f250002f3007b0bde8f083059b013c012be4b2e1
:10f260000cdd039a136a012c43f0040313627ff64a
:10f270007faf06e043f028032362dce7012c7ff632
:10f2800077afb36f0133b367002f3ff474aff5234b
:10f290003b7070e78a0644bf43f018032362cae755
:0cf2a0002cd600202bd6002090d6002099
:020000040000fa
:020000040002f8
:10f2ac002de9f84fdff8809104464ff40f720021de
:10f2bc00484620f09df85b484ff4b472002120f0d2
:10f2cc0097f840f20113a9f80030237889f8083038
:10f2dc00002b00f0a38009f5027809f58a77002548
:10f2ec00636803eb45136e01196831b15822a7f519
:10f2fc0084701ff039fd63683344596831b158226a
:10f30c00a7f1b0001ff030fd63683344996831b148
:10f31c005822a7f158001ff027fd63683344d968c1
:10f32c0029b1582238461ff01ffd636833441a690f
:10f33c00d2b19446a8f19c0a02f1300bdcf8000023
:10f34c00dcf80410dcf80820dcf80c30d646aee80b
:10f35c000f000cf1100cdc45f246efd1dcf800008c
:10f36c00cef80000636833445a69dab19446a8f1c8
:10f37c00680a02f1300b00bfdcf80000dcf8041066
:10f38c00dcf80820dcf80c30d646aee80f000cf1a7
:10f39c00100cdc45f246efd1dcf80000cef8000092
:10f3ac00636833449a69dab19446a8f1340a02f1dd
:10f3bc00300b00bfdcf80000dcf80410dcf808208f
:10f3cc00dcf80c30d646aee80f000cf1100cdc4526
:10f3dc00f246efd1dcf80000cef80000636833444d
:10f3ec00de6986b1c64606f1300a30687168b268cb
:10f3fc00f368f446ace80f0010365645e646f4d1f7
:10f40c003068ccf8000099f808200135ebb29a422c
:10f41c0008f1340807f158073ff662af0248bde81f
:0cf42c00f88f00bf18c30020c4b80020f7
:020000040000fa
:020000040002f8
:10f438002de9f04f0546a3b0eb795948dff8748100
:10f44800dc090df1100e8df810400b4600f137075e
:10f45800744600bf10f8011f0139ce1001f00701f2
:10f46800ae5d58f821100e4214bf01210021b842a8
:10f4780004f8011feed14b4edff83ca16ff03604c3
:10f48800a4eb0e0491460ef16f0e06f12f071146fc
:10f4980093469c4600231af8010fcde920330df15d
:10f4a8004703e2181b2accbf38221c229042acbf6b
:10f4b800a0f11c02024688326a44013012f8782c06
:10f4c80003f8012f9e45ecd1cde901913648374a22
:10f4d800cdf80ca0c6f10103034410f801afa2fb5c
:10f4e80003190af1880a4fea9901ea4401eb41013c
:10f4f800a3eb41011af8413c20ad05eb99093bb15a
:10f5080099f8003058f8211043eaa10389f800302f
:10f51800b842dfd19df882009df880209df88330a5
:10f52800ddf80ca0000440ea02609df881201b046d
:10f5380043ea02639df8862010439df88720dde9a1
:10f54800019113439df8842040ea0220c9f8000085
:10f558009df8850043ea0023c9f80430144b53454d
:10f5680009f1080996d16346012b08465a4603d08b
:10f57800002023b0bde8f08f0bf1780338321c6807
:10f58800016804605c681960083b41684460934204
:10f59800d96000f10800f2d1002023b0bde8f08f57
:10f5a800e4bb04001cc804001bc80400abaaaaaa38
:0cf5b8006ff704004ce104005ff7040052
:020000040000fa
:020000040002f8
:10f5c4002de9f04fa9b0ddf8c8b0002800f0b180f3
:10f5d40089469246044600297ed0002a0cbf4ff08b
:10f5e40034084ff02408a36000226ff00103c4f82c
:10f5f40014b0c4f804b0e260227406938023049328
:10f6040008ab039330230093cde901224c4b0592c0
:10f61400114610460ff0fcfb38bb4a4f0df11f0595
:10f624000df19f063946a4462a4600bf12f8013f51
:10f6340011f8014fb24283ea040340ea0300f5d112
:10f64400644690b908ab6ff00102cde9020306925b
:10f654003b4b0590802204922022009201901022bc
:10f6640003f120010ff0d4fb40b1032323746ff0a6
:10f67400d005284629b0bde8f08f00bf15f8013f3a
:10f6840017f8012fb54283ea020340ea0300f5d1db
:10f694000028ead1842018f04bf8e06000284bd011
:10f6a400424608a9204617f05dffc8b1e06801256d
:10f6b40018b11bf05bfb0023e36008ab9844002106
:10f6c4001a46013398451170fad19db90123284691
:10f6d400237429b0bde8f08f5abb4ff0340882e799
:10f6e400414608a816f088f80546e06875b1002878
:10f6f400dfd1e2e7032db8d0012d08bf6ff0c605b6
:10f7040002232846237429b0bde8f08fcdf808b051
:10f71400cdf800a0a26801924b46a8f1040209a901
:10f7240016f04efc05460028c7d0e0680028c0d17a
:10f73400c3e76ff0ac059ce76ff07c05bde700bf45
:08f744004cc804003f3304002f
:020000040000fa
:020000040002f8
:10f74c002de9f04786b00025894680461c46019578
:10f75c001146a2b1012a00f09680022a10d140f283
:10f76c008525451b01aa4046e8f706ffb5fa85f545
:10f77c006d096d00064650b906b0bde8f08702254c
:10f78c0001aa4046e8f7f8fe06460028f4d0019f8f
:10f79c0006237f2f8df8083032d88df809704ff082
:10f7ac00020a3c442c4404eb0a0030237f288df8d9
:10f7bc00103048d840f2032398458df811004ff0d3
:10f7cc0002044bd0b9f1000f14d0224604a94846cc
:10f7dc001ff0cafa524602a909eb04001ff0c4fa42
:10f7ec0031460aeb04063a4609eb06001ff0bcfa58
:10f7fc00002d58d155443d44281906b0bde8f0877a
:10f80c003b0e5bd13b0c5bd13b0a14bf02230123a3
:10f81c0063f07f0203f1ff3a5ffa8afa8df8092050
:10f82c00013b0df10a0202eb0a00db000df10902ab
:10f83c0027fa03f102f8011f8242a3f10803f7d162
:10f84c000af1030aade70df1110114f061f840f271
:10f85c0003239845019f00f10104b3d1b9f1000fc6
:10f86c000bd0524602a948461ff07efa3a46314662
:10f87c0009eb0a001ff078fad5b905eb0a003844f9
:10f88c0006b0bde8f087b0f5027f3ff479afa0f584
:10f89c000373012b7ff674af40f20e25451b18bf86
:10f8ac0001256d006ce7b944052329f80630a1e762
:10f8bc00b944d144052329f80430dee70423a7e733
:04f8cc000323a5e786
:020000040000fa
:020000040002f8
:10f8d0002de9f04fadf50f7d9846999b06460f46f2
:10f8e0009146002b00f0968040461ff0a7f9041eb9
:10f8f000c0f2ad80651c6b00b7eb450f0293c0f002
:10f90000a68007f1ff3b3a4600210ca8abeb040aa6
:10f910001ff074fd989800940cab524671191bf0bf
:10f9200047f9002872d10cab2344002c00f08480ee
:10f930000ca831469e4604eb060c027811f8013ff4
:10f940005a408c4500f8012bf7d173469898cdf8b2
:10f9500000a022460ca9cdf80ce01bf029f9039b6e
:10f9600000285ed1baf1000f0fd00cab611e194414
:10f9700006eb0b0c331900bf13f8012f11f8010f20
:10f980009c4582ea00021a70f6d10cabd81900210e
:10f99000197001338342fbd125445d450dd26a1ea7
:10f9a000f01932440238012112f8013f5b42db17a3
:10f9b0000133194090420d44f6d199999a9a0094d6
:10f9c000404604ab03f006fe00bb7cb1029ba3f1f2
:10f9d000020c344404aab44414f8011f12f8013b89
:10f9e000a44583ea010340ea0300f5d1735d83f087
:10f9f00001031a183378013513447d40013b05eab1
:10fa0000e3737b401e44c9f80060f81a0df50f7dc2
:10fa1000bde8f08f9a9b002b3ff466af6ff0830038
:10fa2000f4e70caa0024114601329a420c70fad174
:10fa30000df50f7dbde8f08f0cab9898cdf800b0b8
:10fa4000224619461bf0b4f800288bd0dee76ff091
:04fa5000ac00dbe744
:020000040000fa
:020000040002f8
:10fa5400002800f0bb802de9f0470f46ccb01446d7
:10fa64001e468046002a4dd1d8f840904ff0010a36
:10fa7400b9f1000f65d06d463022002128461ff0f1
:10fa8400bbfc0cab00221a7096f82020520716d546
:10fa9400726892b1516e81b1d2f86890b9f1ff0fda
:10faa40000f39180b9f1000f07dd4a4618461ff0b4
:10fab4005ff9002200f809200346d8f840902b6132
:10fac400b369eb6132683369ac61002f3dd0f969e9
:10fad40000295cd0c5e909326961b9f1000f5ed033
:10fae400c5f8148029465046c84700283bd03b6ad5
:10faf40023b129465046984700283cd000204cb0fa
:10fb0400bde8f087b1b191f8351211f0010911d1b6
:10fb14003b6a7bb16d463022494628461ff06cfc97
:10fb240096f820a08df830901af0040a0cab41d05e
:10fb3400ca46ade7d8f840904ff0000ab9f1000f7b
:10fb440099d120464cb0bde8f087c5e90932b9f136
:10fb5400000ff6d0c5f8148029465046c84700283f
:10fb6400ccd154b907e03b6a002bfad02946504661
:10fb740098470028f5d06ff4a47496f820302046f6
:10fb840043f0020386f820304cb0bde8f087c5e9a5
:10fb940009323b685b6d6b61b9f1000fa0d13b6a20
:10fba400002bced02946504698470028a6d1002cd9
:10fbb400e3d1e0e72b61b369eb61d8f84090326898
:10fbc4003369ac6183e7ff2291466fe76ff0ac00c5
:04fbd400704700bfb7
:020000040000fa
:020000040002f8
:10fbd8002de9f0470129d0f80480adf5036d0546fd
:10fbe8000dd003684f491b68404698472b684e491b
:10fbf8001b6840460df5036dbde8f04718471ff038
:10fc0800d9ff814600285cd0002702e00137b945ba
:10fc180057d038461ef0fcfb04461ff0fdfc0128b7
:10fc2800f4d120461ff0ccff2b6840495b680246a0
:10fc380006464046984704aa08a920461df050faef
:10fc48002b68002841d05b683949404698472b68a3
:10fc58000a9a0092d3f804a03649dde90823404601
:10fc6800d0472b680d9a0092d3f804a03249dde9f9
:10fc78000b234046d0472b6830495b68404698477d
:10fc8800079a2b680192069a0092d3f804a02c498f
:10fc9800dde904234046d0472b682a495b68324691
:10fca80040469847204603ab322218a91df02cfa8b
:10fcb80080b92b6824491b68404601379847b945e5
:10fcc800a7d10df5036dbde8f0871b681e494046b6
:10fcd8009847e1e7039b00268df85c60002b95d0e0
:10fce80018ac01e0322e91d0a646bee80f000df107
:10fcf800380cace80f00bee80f00ace80f00def8e7
:10fd080000002a68ccf80000636ad2f804a00f4902
:10fd18000eaa4046d047039b0136b34204f128049b
:10fd2800e0d873e71c1200003012000040120000f7
:10fd3800641200007c120000c01200000c130000c6
:10fd4800281300009413000080130000c013000063
:020000040000fa
:020000040002f8
:10fd58002de9f047dff87091d9f8007082b0002fd4
:10fd68006bd18268002a6fd00b4600296cd00c88b2
:10fd7800002c69d04a4e086849681d89334603c378
:10fd88001d80484b10461a602146936818229847f0
:10fd9800454b80461860002877d03388002b3fd029
:10fda800dff828a10ae072884abbb288002a55d138
:10fdb80033880137bb4208f1180831d90024f38889
:10fdc80022462621cde900442046fef7effc5246a4
:10fdd8000546a8f8000023464ff4007116f0e4fb2e
:10fde8006a1c4cd000284ad03389db07dbd50122b6
:10fdf800062128461bf042f97288002ad5d0032133
:10fe080028461bf03bf90028cfd11ff021ff01281d
:10fe1800cbd91ff017ff25493a4615f0a7fbc4e7d1
:10fe28002349642218201af0a1f9224b186030b334
:10fe3800214bd9f8007000221a600137c9f8007008
:10fe4800012002b0bde8f0871ff002ff20b11ff0cb
:10fe5800f9fe1a4915f08afb0020f2e7284602212c
:10fe68001bf00cf90028a3d11ff0f2fe01289fd93e
:10fe78001ff0e8fe12493a4615f078fb98e70e4b5a
:10fe880000221a6016f05efbe6e71ff0e1fe00288c
:10fe9800e2d01ff0d7fe0b4915f068fbdce700bf86
:10fea80004d30020c4d40020c0d40020243a000089
:10feb80019550200b8d40020b4d40020d03900006d
:10fec8004c3a0000003a0000bcd4002045f204007f
:020000040000fa
:020000040002f8
:10fed8002de9f04f064683b001eb011001eb8101db
:10fee8008b000193d6f89430009203eb80034fea1d
:10fef8008008d3f814a0b36b002b00f08e8006f1b5
:10ff08006804032120469847d6f8943043445f6a32
:10ff1800002f00f09080b46b9a6aba42da6a14bf74
:10ff28003968002102f1ff3208bf99625962da622a
:10ff38001cb1042106f16800a047bc88b7f808b0d6
:10ff4800b7f806900aebc4030222196830461df080
:10ff58004ff80bf1ff32e50092b2bbf1000f21d050
:10ff6800d6f8a0300199dff8e0e00b444ff0000c20
:10ff7800b3f80ab000e0e500554401346b6843f07b
:10ff880000436b606b68013aa4b292b24ff6ff71fe
:10ff980003ea0e03a34598bf00248a426b60c5f8a4
:10ffa80000c0e8d1026a336b009922f008020262ad
:10ffb80041f2500298470aebc900d6f89430d6f8b7
:10ffc8008c1042684344013122f40042c6f88c1078
:10ffd8004260a3f84090bff35f8fb46b00233b816e
:10ffe8007b6024b1032106f16800a047b46bd6f802
:10fff800943003eb080200213960516bc1b10f60e6
:020000040003f7
:100008005763916b013191634cb1042106f168008b
:10001800a047b36b002b7ff472afd6f894304344fb
:1000280000245f6a002f7ff477af03b0bde8f08f3c
:10003800c2e90c77e5e7b36b002bf6d00421204624
:0c00480003b0bde8f04f1847008000c076
:020000040000fa
:020000040003f7
:0400540000207047d1
:020000040000fa
:020000040003f7
:1000580010b54f4b4f4a504884b0012112f0ecfec6
:10006800002868d04d4b4e494e4a91f800e0d3f82d
:10007800e0001060d3f8e4005060d3f8e800906026
:10008800d3f8ec400878d460d3f8e0101061464a01
:1000980091425ffa8efe0bd0404b0022c3f8e0205d
:1000a800c3f8e420c3f8e820c3f8ec2004b010bd7e
:1000b800d3f8ec403d48d3f8e010d3f8e420d3f867
:1000c800e8300393029201914ff0ff320df1040cd6
:1000d8001cf8013b83ea020101f00f0150f82110de
:1000e80081ea121282ea131303f00f0350f8233047
:1000f80083ea121204ab9c45ead1d2439442cbd195
:100108001ef008041bd0254c294bd4f8e8201a60af
:10011800d4f8e430012b21d0d4f8e430022b2cd0d1
:100128000023c4f8e030c4f8e430c4f8e830c4f878
:10013800ec3004b010bd1f4915f018fa92e71e49bb
:10014800204615f013fa154bc3f8e040c3f8e44015
:10015800c3f8e840c3f8ec4004b010bd9fed0a7b3b
:10016800164917480b70174980ed007bb42300200f
:1001780004b0bde8104015f0f9b913461249b4228d
:10018800002015f0f3f9cbe70000000000000000a4
:10019800f09800000c99000024fd0400001f00479f
:1001a800000c004034d2002052504c42b0ac040045
:1001b800a0d50020189900003c99000024d6002002
:0c01c80080d3002084990000309a0000d1
:020000040000fa
:020000040003f7
:1001d4002de9f04782b04a4f0b9cbc423cd1002928
:1001e4007fd097f80411dff858a18046454891461e
:1001f4001d46002411f024fe02e000bff4f732fa99
:100204004946cde900a401232a4640461df09cfd41
:10021400064601214046002ef0d00024dff8249148
:10022400a0460121a140294210d0e3b20c2b08d8ea
:10023400dfe803f0524d48433d38332e29241f1a7a
:10024400150031482a46214611f0fafd0134202ccc
:10025400e7d1b8f1000f4ad102b0bde8f0874846b3
:1002640011f0eefd0134dce7284811f0e9fd01341a
:10027400d7e7274811f0e4fd0134d2e7254811f00f
:10028400dffd0134cde7244811f0dafd0134c8e77d
:10029400224811f0d5fd0134c3e7214811f0d0fd07
:1002a4000134bee71f4811f0cbfd0134b9e71e4805
:1002b40011f0c6fd0134b046b3e71c4811f0c0fd8f
:1002c4000134aee71a4811f0bbfd0134a9e719481f
:1002d40011f0b6fd0134a4e7174811f0b1fd013463
:1002e4009fe7164802b0bde8f04711f0a9bd00230e
:1002f40087f8d83087f8943002b0bde8f08700bfa3
:10030400a0c50020d8030000e80500009005000007
:100314005c05000028050000f4040000dc04000073
:10032400c0040000a8040000880400006004000069
:100334003404000008040000e40300001006000078
:080344008dc40400c005000097
:020000040000fa
:020000040003f7
:10034c0082072de9f04706460f466ed1dff864911f
:10035c00746b534be2681b68d9f80050b6f83080c8
:10036c009b1aea6893422ad96b6e01336b6618f0bc
:10037c00010f66d018f0020f4ad0314605f11c006f
:10038c001ef072fb214605f12800bde8f0471ef077
:10039c006bbbc3f11f0abaf1010f2bdc012303fa6b
:1003ac000af321ea030105eb0a03216193f86a02bf
:1003bc001ef02cf818b190f842305b060fd421696e
:1003cc000029d4d016db00234ff0004201339bb23e
:1003dc00202b4fea5202cad01142f7d0d9e70023a2
:1003ec003360314618f0d8ff00283bdaeb6b013351
:1003fc00eb63e4e72b4a2c4940f2d963002015f05b
:10040c00b3f82a4a1368002bfcd12b6d01332b65f2
:10041c0030461bf0cdf9eb6d0133eb65214605f150
:10042c002800bde8f0471ef01fbb214a1e4940f2d0
:10043c001223002015f098f81c4a1368002bfcd1ed
:10044c0084e7d4e901233046c6e902326ff0150186
:10045c0026221cf0e9fb214605f12800bde8f047f7
:10046c001ef002bbe18ad9f800204fea4a13803211
:10047c00c90702eb03000fd581690131816117b106
:10048c00b9680131b96018f0010f03d11a44d3696e
:10049c000133d361bde8f087416901314161eee779
:1004ac00a0d4002008e80400ac380000a4d400203c
:0804bc00ece70400a8d40020c5
:020000040000fa
:020000040003f7
:1004c400002800f0a7802de9f04f0e46a9b00029be
:1004d40000f09d801546cab143690233044619d120
:1004e400b5f5803f00f29380277c012f0bd1e068a3
:1004f4002a463146f7f7e6f9022814d030b103282a
:1005040064d0022323746ff0c60000e0002029b0f9
:10051400bde8f08f11f0ccf86ff487739842dfd008
:1005240029b0bde8f08f00226ff00103cde9052367
:100534003a4b01938023049320233846029308af57
:10054400302300930397364b11460ef061fc0028cc
:100554003cd134490df11f02a4460df19f0e00bf9a
:1005640012f8013f11f8014f964583ea040340ea6b
:100574000300f5d1644648bb1ff00afd00eb800080
:1005840000eb80001ff0defb0df11f0a0df14309a3
:10059400a346c7f1010801e0ca451cd01ef018fcaf
:1005a40008eb0a044342dbb204f00704c0b258bfac
:1005b4005842072c0af8010feed11ff0e9fc00ebba
:1005c400800000eb80001ff0bdfbe5e703232374ec
:1005d4006ff0d0009be7242138465c4615f00cf9f7
:1005e40030b111a900223a7001378f42fbd185e75f
:1005f400dbf80c00202209a90cf0dcfd0028f0d166
:10060400dbf80c002a463146f7f75cf9e9e76ff0ae
:10061400ac007ce76ff0ac00704700bf6ce10400f5
:080624007cc80400bf33040090
:020000040000fa
:020000040003f7
:10062c002de9f843002800f09d800e46002900f0cb
:10063c009980036f023304460cd000220b461146fe
:10064c000ef090fb6ff487739842814602d04846b7
:10065c00bde8f883236e04f120085a1c2266802220
:10066c0008f80320236e382b5cd808eb0300c3f189
:10067c00380204f11c0704f15c0500211ef0b8fee1
:10068c00d4e919315a0f02ebc102db00a266636692
:10069c003a4600bf52f8040f00ba95421060f9d1e7
:1006ac00636ee365a36ea36541462046f2f71cf822
:1006bc0081460028cbd1221f52f8043f1bbaba4204
:1006cc001360f9d121686368a268e068f06031605a
:1006dc007360b26021696369a269e0693161234981
:1006ec007361b261f061224a21602249c4e90112ae
:1006fc002149224ac4e903122149224ac4e90512bc
:10070c0002f17452a2f523020023a2f69242c4e92c
:10071c001833e261a366a3671ff09efc206748466e
:10072c00bde8f883c3f1400208eb030000211ef082
:10073c005ffe04f11c07402323663a4604f15c0576
:10074c0052f8043f1bba95421360f9d1414620463a
:10075c00f1f7caff814600287ff479af2066382272
:10076c0040468ae76ff0ac0971e700bf67e6096a9b
:10077c0072f36e3c85ae67bb3af54fa57f520e51b6
:08078c008c68059babd9831fab
:020000040000fa
:020000040003f7
:100794002de9f04fdff854a183b00193daf800306b
:1007a400002b76d011f0020b4c4e904681460f463a
:1007b4001cbf93464ff000083378002bfcd03378ed
:1007c400002b6cd1b8f1000f57d0454b1a68002aa2
:1007d40058dddaf800300024043b02e0013494428e
:1007e40050d053f8045f002df8d13e4b18686022b6
:1007f400836801219847002844d0daf8002000904b
:100804000ffa84faa0f812a042f824001ff0c4fce6
:100814003278013232701ff0c1fc009b93f83d2006
:10082400a3f82a8069f3051283f83d2038064ff0b7
:100834000302a3f828b083f85c90a3f85420a3f82b
:10084400582035d593f83d2042f0020283f83d202c
:10085400f9051d8205d593f83d2042f0080283f87e
:100864003d20fa0727d5da6b42f4000242f01c025d
:10087400da63504603b0bde8f08f16f05ffa8046a5
:100884000028a2d11ff088fc3378013333701ff0a5
:1008940085fc4ff0ff3a504603b0bde8f08f1ff0df
:1008a4007bfc3378013bdbb233701ff077fc89e7c4
:1008b4000d4a1588cce7b9f1010fdad10199002965
:1008c400d7d093f83d200968596142f0010250469f
:1008d40083f83d2003b0bde8f08f00bffad50020b7
:1008e40094d4002090d40020f6d5002098d4002081
:020000040000fa
:020000040003f7
:1008f4002de9f041002845d00c4690461f46054698
:10090400002a48d0e31e052b38d895f82031002b57
:100914003dd1002285f8212185f820412146284631
:1009240018f0acfa064630bb95f82031c5f82c8196
:10093400033ba5f8787105f17c04032b22d8dfe88a
:1009440003f02d3b4f02402f65d8b8f1000f04d0bf
:1009540041463a4620461ef00bfa402f54d1234616
:10096400bc351a6882f05c3182f03632196443f87f
:10097400042b9d42f5d13046bde8f081a4f10a0371
:10098400032bc2d96ff0ac063046bde8f08128468f
:1009940014f094fbbde7002bb4d0f3e7402fd4d977
:1009a4003a464146284605f05ffd0346002844d0f8
:1009b4001e463046bde8f081402fc6d93a4641462e
:1009c400284601f09df903460028f1d12146284626
:1009d40002f02efc03460028ead12c22142715e04d
:1009e400402fb2d93a464146284605f097f90346c6
:1009f4000028ddd12146284602f084fe0346002863
:100a0400d6d124221c2701e0c7f14002e0190021bd
:100a14001ef0f2fca3e73a464146284603f02efbbb
:100a240003460028c4d121462846fff7fdfd0346ae
:100a34000028bdd120273a46e8e7214628460df094
:100a4400f7fe03460028b3d130221027dee700bfab
:020000040000fa
:020000040003f7
:100a540010b5044615f040fe204600210cf0d4f8f1
:100a6400d4f8bc0020b11af081f90023c4e92f3373
:100a7400d4f8c40020b11af079f90023c4e9313361
:100a840004f13802e16b20461bf0e2f894f83932a5
:100a9400da0779d41b0671d4e0680023636040b19f
:100aa400d8301ff0bdfbe06808b11af05ff90023ed
:100ab400e360d4f8ac0008b11af058f904f5a67351
:100ac40004f50a7000211a46013383421170fad1e9
:100ad40084f87412204613f09fffd4f84c0248b1f6
:100ae40010f07ef9d4f84c0208b11af03ff9002353
:100af400c4f84c3294f88c30002284f85022002b35
:100b040050d194f8a830002b48d1d4f8640248b1ed
:100b14001cf028f9d4f8640208b11af027f900236c
:100b2400c4f86432d4f86802002384f8613248b10e
:100b34001cf018f9d4f8680208b11af017f9002368
:100b4400c4f86832d4f85c02002384f86e3248b1e9
:100b54001cf008f9d4f85c0208b11af007f9002374
:100b6400c4f85c32d4f8f010002384f8603221b168
:100b74002068bde8104019f0afb810bd60680028c7
:100b84008ad01af0f3f887e7a06917f0f9fda06995
:100b940008b11af0ebf894f839327be7204617f0e5
:100ba400c1feb2e7012120460df09cfba9e700bf7e
:020000040000fa
:020000040003f7
:100bb4002de9f04fa0f5885babf1100b4e4e0beb1b
:100bc4000b1406eb04148db094f809214fea0b13af
:100bd40001932ab94ff0ff3948460db0bde8f08fb4
:100be4000d461ff0d9fa2279444b012a04bf002292
:100bf4002271187015f008030593019b03eb0b0297
:100c040006eb021258d092f80321131e18bf0123d9
:100c140004933b4a019bdff8f0a002ebcb0803eb03
:100c24000b0206eb0213002502934ff0ff392f4607
:100c3400049b9bb3019bb9f1ff3f03eb0b0406eb51
:100c440004142bd157bbd8f8002052454ff00301b0
:100c540024d0208908f0fcfc02460132c4f88c0040
:100c64001cd094f80421274910f0aafa012522691e
:100c7400a37ad4f88c00079207a9cde908570a97fc
:100c84008df82d7003978df82c3015f0e7fd029840
:100c94000cf006fd2f46c4f8f00098b9019f174ade
:100ca4005f4406eb07161078012333711ff076fac0
:100cb40048460db0bde8f08f92f8052182f001039b
:100cc4000493a6e7039b94f8032184f89430029bd1
:100cd400c8f804302a44c8f800a084f803211ef0a0
:100ce4003dfc059b84f801011a1e18bf012284f8fb
:100cf4000521c1469ce700bfa0c500209fd100206c
:0c0d040010d3002031a60400233421236a
:020000040000fa
:020000040003f7
:100d1000d0f894302de9f04302eb021403eb840e7b
:100d2000d0f8a030bef83e40d0f8ac90def8140009
:100d300002eb820203eb8202bef84030b2f80ac036
:100d4000a3422dd91b1b9eb20a4600292fd0002397
:100d5000126801339bb2002afad19e421dd3264667
:100d6000a04612e07a688d6802f040448a897c606f
:100d70003d607c680968c2f30d0222437a60b44585
:100d800098bf00269ab2002962d000ebc607731cf8
:100d90003d689eb2531c002de4d00320bde8f083d3
:100da00003eb0c06361bb6b20a460029cfd1264605
:100db000aef83e60002e50d0731e9bb200ebc30114
:100dc000def830604f6847f400474f60df0076b1cf
:100dd000def834108e4212bf31680021cef8341094
:100de000cef83010def838100139cef83810b48063
:100df0003281f380b2b10cf1ff3c1ffa8cfc04e0ad
:100e0000013a92b263466ab1df00c4195f1e61689d
:100e100021f000416160002bf2d0013a92b2bbb2e6
:100e2000002af1d1def8283000223260cbb11e60fa
:100e3000cef82860def82c20d9f80030013243f4d7
:100e40000073cef82c200020c9f80030bde8f083f4
:100e50004446aef83e60002eaed10cf1ff339bb29b
:080e6000ace7cee90966e5e705
:020000040000fa
:020000040003f7
:100e680083692de9f047504c7422c3f3072102fb34
:100e78000141dbb2c96803eb8303054631f83360ef
:100e8800006901ebc308e96802fb06f3e2180027d2
:100e98008842c2e9117751d32344401a5864742711
:100ea80007fb06474149f86a2a461ef0ddfb386b06
:100eb8003f492a461ef0d8fbd8f81880386bb8f19d
:100ec800000f69d0b8f1080f3cd94ff400711df03c
:100ed8007ffbf86a4ff400711df07afb742706fb5c
:100ee80007f704eb0708d5f81090d8f83000b9f1e7
:100ef800000f43d14a4649461df0b4f807f14002b5
:100f0800d8f84830d8f83810d8f83000c8f84890e1
:100f180022440af003f9742303fb0644ee68e06aee
:100f2800d6b9324631461df09df8636c626be06ab3
:100f380066642049bde8f0470af0f0b82344091a6e
:100f48009964ace74ff480711df042fbf86a4ff4e6
:100f580080711df03dfbc1e700224ff480611df058
:100f680081f8d5e90332a06ca968002818bf134698
:100f7800626be06abde8f0470af0d0b84ff400624f
:100f880000211df06ff82b696a68d8f83810d8f876
:100f980030000af0c3f8bee741461df019fbf86ab5
:100fa80041461df015fb99e750cc002075920400ce
:080fb800c913030060d2002000
:020000040000fa
:020000040003f7
:100fc0002de9f04f85b06f460023009305460c468f
:100fd000bb801646002a40f0898091469046934691
:100fe00092468022002120461ef008faa86818b117
:100ff00004f13c010ef05afd04f11801e86807f015
:1010000029f804f11c01286907f024f804f12001f3
:10101000686907f01ff804f12401a86907f01af8bd
:10102000e86904f1280107f015f8ab6a63643bb185
:101030001a8862809b7884f87530013b032b06d9af
:101040000023002e36d1184605b0bde8f08f6b683e
:10105000d3f800c059689a68db68a36304f12c00d8
:10106000c4f82cc0216362631af0d4ffab8ca4f8df
:10107000483094f8433043f0100384f84330b4f818
:10108000423023f4815323f01f0343f02003a4f8dc
:10109000423043f0080384f84230e369a360236ad6
:1010a000e360a3696360a36a6361636a23610123e8
:1010b000002ec8d0bdf80c200298a4f87d20a045d1
:1010c0009df80e20c4f854b0c4e91689a4f868a0ad
:1010d000c4f8790084f87f20b5d097e80300e06376
:1010e0001846a4f8401005b0bde8f08f072279310a
:1010f00002a81ef023fed4e915b84445b4f868a050
:10110000d4f85c903ff46daf04f13c0393e8030026
:081110000090adf8041064e743
:020000040000fa
:020000040003f7
:101118002de9f04fadb012f01f048df8073018bf5d
:101128000124d3001bba8b4614eb52164ff0010171
:1011380004938df80f1000f0938005af3b4692465c
:10114800374681464ff000080dad1e4606e028469a
:101158001ff064f808f10108474560d0d9e91e126c
:10116800284613f0e1ff002864d101220df10f0198
:10117800284602f081ff04460028e8d19df80f3088
:101188000422013304a928468df80f3002f074ffb9
:1011980004460028dbd19df80730042b08d0012233
:1011a8000df10701284602f067ff04460028ced15a
:1011b800dde93612284602f05fff04460028c6d152
:1011c800389b13b1399b002b40d131462846fff795
:1011d80029fa044628461ff021f8002cbad1baf1a2
:1011e800200f21d9b446bce80f00cbf80000cbf89b
:1011f8000410cbf80820cbf80c30bce80f0008f13d
:10120800010847450bf1200baaf1200a4bf8100cf6
:101218004bf80c1c4bf8082c4bf8043c9ed1201eb4
:10122800374618bf012007e05246314658461df0a0
:101238009dfd8fe737460120394600220b460131d4
:10124800a9421a70fad12db0bde8f08f38991a4624
:10125800284602f011ff044600287ff478afb4e76f
:081268000dad05afe7e700bf83
:020000040000fa
:020000040003f7
:10127000f0b5012983b0044629dd57680d4638468c
:10128000414916461df005fe024670b13f493846f9
:101290001df0fffd054600282bd023683c495b6804
:1012a000606803b0bde8f0401847022d1bd141f241
:1012b000be56384f3d78002d36d0374a2368128805
:1012c0005b683649606803b0bde8f0401847314bb1
:1012d0001b78012b22d0022b12d00bb103b0f0bd32
:1012e00003682f49dbe7b06811461ef0a5f886b207
:1012f000dfe7284e3378002b2dd123682949cee72c
:10130000294821680068294b234a00904d681b68d2
:10131000128827496068a84703b0f0bd1e4a0368d9
:1013200012885b682349cde72a463146012005f043
:101330008dff214b1880013023d0174b60681e8031
:101340001a4b1d60184b1d602368012139705b68c2
:101350001a493246b7e7184fb7f9000010f004f801
:101360002068124a35704ff6ff733b800e4b45687c
:101370001b68126812496068ac4603b0bde8f040d3
:10138000604723680f498ae7f08b00006014000073
:10139000bc8c000023d60020aad70020f88b0000c8
:1013a000e48c0000748c000098d500209cd50020af
:1013b0002c8d0000f88c0000bad70020508c000063
:0813c000908c0000248c000059
:020000040000fa
:020000040003f7
:1013c8008b692de9f047524ec3f30722742505fbbc
:1013d8000262dbb203eb8303d76837f833a005fb5f
:1013e8000af5741907ebc307a36c8846002b5cd178
:1013f800814663699b6898470028fad197f91c10c1
:101408004b1c10d0c1f34a1000f502007a7f00f59a
:10141800807001f01f010123c00103fa01f1002ac5
:101428005ed11ef0affe7a6ad8f818309a42354479
:1014380011d02b6a2bb11a6a2a6200225a751a62d5
:101448001a70742303fb0a66346a14b1637d012b96
:1014580053d0bde8f087b9f1010f4ad0b9f1020fb6
:1014680009bfff2398f9140088f814304ff0ff30b3
:101478002b6ad8f81c102bb100221c6a2c625a75f2
:101488001a621a707d68002ddbd0742404fb0a648c
:10149800ba6894f82630013384f82630a84794f8bf
:1014a8002630013b84f82630cbe700221146206b1a
:1014b8001cf0d8fd05f14002a36ca16b206b3244ef
:1014c80009f02cfed8f81030d8f80810626be06ae2
:1014d8001944a36c09f022fe0023a364bde8f08739
:1014e8001ef052fe7a6ad8f818309a423544a0d1d4
:1014f800b1e788f814904846bae7204609f082f820
:10150800022363752046bde8f047fff7a9bc00bf7a
:0415180050cc002093
:020000040000fa
:020000040003f7
:10151c002de9f84390f84460846914363c2e054656
:10152c0089461746984676d8c6f3830343f04003a2
:10153c002370b5f84630db0712d595f8453004f129
:10154c00140202eb8302134640f2944143f8041b4d
:10155c00a1195b1a1bb2002b70dc01d00023137194
:10156c003c49002363700b88f219013358ba52ba04
:10157c009bb21ffa82fc87b2b8f1000f44d098f8e6
:10158c000020900644bf04206070d00603d560781c
:10159c0040f008006070100703d5607840f0100030
:1015ac006070500703d0607862f3471060700b8056
:1015bc0000236cf30f0367f31f43c4f802300023be
:1015cc00e38098f802301bb1e37943f04003e371f8
:1015dc0098f80130ebb12372002384f809906381f1
:1015ec00d5e90e32296c2261e36091f8702012f07b
:1015fc0004021cd02a69938933449381ab69a96294
:10160c003344eb61bde8f8830b806280a080a4f8c2
:10161c0006806423dfe7104a104940f60a230020b5
:10162c0013f0a2ff0e4a1368002bfcd17ce7314665
:10163c0020460ff0b1fa296c6081dbe7064a0749b6
:10164c0040f61c23002013f08fff054a1368002b73
:10165c00fcd185e7f2d5002040e80400f031000011
:04166c0028d400205e
:020000040000fa
:020000040003f7
:101670002de9f04f8db01e469df86030169c9df808
:1016800068900b93002800f093808846002900f0b2
:101690008f801546002a00f08b80002c00f0888097
:1016a000074620461af02efa00285dd0b04200f31b
:1016b0008280a0f10b03b3f5fb7f82467ed2984572
:1016c00079d804f5805bdbf84c31022b27d057dc4e
:1016d000012b57d80123cbf84c3120461cf0defffc
:1016e0000b9b00931e9b07931d9b06931c9b0593ce
:1016f0001b9b0493199b02931f9b0890cdf80c90a1
:101700000193dbf8403109933846414653462a4657
:1017100007f04efb071e1adb0223cbf84c311f9a51
:10172000cbf850610123cde901420393179a00924f
:1017300004f58a53103351462a462846f2f794fca2
:10174000071e2cdb0323cbf84c31dbf8507117f16b
:101750006c0f2ad00023cbf84c31204616f03afc0f
:1017600038460db0bde8f08f04f58053d3f85431fe
:1017700002330ad0ff2e1eddf5234ff4807a9ee758
:10178000032be2d06ff0bf07e4e7002eb4bf6ff089
:1017900082076ff0e90738460db0bde8f08f17f10a
:1017a0006c0fd7d10323cbf84c316ff06b07d7e721
:1017b0006ff0ac07d4e76ff08207d1e76ff0e9076d
:0417c000cee700bfb1
:020000040000fa
:020000040003f7
:1017c40070b584b000260c46836cadf806600546ff
:1017d400039602a920469847002820dbab6a03aa97
:1017e400314620469847bdf80830072b00f28c801c
:1017f400dfe803f029344955607204172b6d039a0e
:10180400002120469847002809db012806d0072339
:10181400adf808300299eb6c20469847012004b0db
:1018240070bd6b6d0df10601204698470028f6db6c
:101834000128f3d0238fbdf806201a420cbf0020e4
:101844006ff00100ebe72b6d039a002120469847c7
:101854000028e4db0128e1d00123d9e76b6d0df109
:101864000601204698470028d9db0128d6d09df9e7
:101874000720eb6c002a3fdb0222adf80820029916
:1018840020469847cae7ae6d039b228f002120466d
:10189400b0470028c3db0128c0d00323b8e72b6d71
:1018a400039a0021204698470028b8db0128b5d0c8
:1018b4000423ade76b6d0df106012046984700281f
:1018c400addb0128aad0bdf80620238f934318d19d
:1018d4000523adf80a209be7238fbdf80a20ae6ddf
:1018e4005a4092b2039b00212046b047002896db61
:1018f400012893d006238be70021029120469847c4
:101904008ce74ff0ff308ae76ff00b0087e700bfea
:020000040000fa
:020000040003f7
:101914002de9f04782b0dde90b97ddf82880054614
:101924000c4616461ef0c0f920b105f50a701ef0eb
:10193400bbf948bb20461ef0b7f920b104f50a7084
:101944001ef0b2f938bb214628460ff0c9ff38b95a
:1019540004f58a6105f58a600ff0c2ff824608b378
:10196400cdf800902846434632462146ecf76efcfb
:1019740010b102b0bde8f08706f58a6528461ef06e
:1019840093f980bb0020f4e73146204602b0bde85d
:10199400f04719f06bb83146284602b0bde8f0476d
:1019a40019f064b805f50a7004f50a710ff098ff90
:1019b40000284bd0514630461cf01af80028d8d1e4
:1019c400014606f50a701cf013f80028d1d1012154
:1019d40006f58a601cf00cf80028cad1002fd1d07b
:1019e40001233b60cee730461ef05ef9d0b106f528
:1019f4000a701ef059f9a8b104f58a601ef054f972
:101a040020b32046314619f031f80028b1d14146bf
:101a140028461ef0f3fb0028abd14b464246314624
:101a2400304617e0002130461bf0e2ff0028a0d129
:101a3400014606f50a701bf0dbff002899d101214d
:101a440028461bf0d5ff0028c8d092e74b464246f3
:101a54003146204602b0bde8f047f7f7e5b800bfcd
:020000040000fa
:020000040003f7
:101a6400002800f0a28070b50d4682b0002900f075
:101a74009980d0f82431023304460cd194f82131f2
:101a8400b3b194f82031033b032b00f28b80dfe8e1
:101a940003f035516d15002300911a4690f820117a
:101aa40011f08cfb6ff487739842e7d002b070bddd
:101ab400204615f0cdfc0028e3d0f7e704f1fc063e
:101ac40031462046fef7b0fd0028efd1402204f154
:101ad400bc01204602f0d2fa0028e7d12022314688
:101ae400204602f0cbfa0028e0d129462046fef732
:101af4009bfd0028dad184f82101d7e704f1fc0624
:101b0400314620460cf094fe0028cfd1402204f147
:101b1400bc01204604f0a8fc0028c7d1102231469d
:101b2400204604f0a1fc0028c0d1294620460cf030
:101b34007ffedee704f1fc063146204601f078fb27
:101b44000028b3d1402204f1bc01204600f0d8f8ab
:101b54000028abd114223146204600f0d1f80028e9
:101b6400a4d12946204601f063fbc2e704f1fc0638
:101b74003146204601f0c6fd002897d1402204f1e9
:101b8400bc01204604f0caf800288fd11c2231463b
:101b9400204604f0c3f8002888d12946204601f0e5
:101ba400b1fda6e76ff0ac0080e76ff0ac007047c2
:020000040000fa
:020000040003f7
:101bb4002de9f04f0329a1b082460cd003684749b0
:101bc4005b6840689847dae9003045495b6821b0b2
:101bd400bde8f04f184714460022114660681df016
:101be40029fc002281461146a0681df023fc06460c
:101bf400002868d0daf800203a49546803464a4677
:101c0400daf80400a0474ff0000b00bfa6eb0b0866
:101c1400b8f1100f344a4b464ff0600108a828bfb2
:101c24004ff010080a251cf023fe002403af019690
:101c340011e019f8046033461cf01afea6f12002e4
:101c44005e2a04f1010488bf2e26102c3e70054440
:101c540007f1010710d008aba045244a03eb0500a7
:101c6400c5f16001e5d8224a1cf002fe0134102cb3
:101c7400054407f10107eed108f180030deb0308d9
:101c840008a8002308f8743cc5f160012844194ae7
:101c9400019e03ab1cf0ecfd054400201cf0d4f9bc
:101ca4008542fadcdaf8003013495b68daf804009c
:101cb40008aa0bf1100b98475e4509f11009a5d845
:101cc40021b0bde8f08fdaf800300c495b68daf82f
:101cd400040021b0bde8f04f184700bfa455000030
:101ce400c8550000fc550000745100007c510000f0
:101cf4008451000088510000d4030000e85500001e
:020000040000fa
:020000040003f7
:101d0400002800f09f802de9f04f0c4683b0174661
:101d1400002955d0436e0233054645d128683f2833
:101d240000f28d806b68fb186b6002d3ab680133e3
:101d3400ab6005f10c0600284bd13f2f5cd9a7f10d
:101d4400400828f03f0808f14008a04405f10809bc
:101d5400bb4605f1480a334604f14007d4f800c0f5
:101d64006068a168e268da601034bc42c3f800c05d
:101d74005860996003f11003f0d13c464b4600bf14
:101d840053f8042f12ba9a451a60f9d131462846fd
:101d9400dcf7ccfe47450346ddd10bf03f077fbba4
:101da400184603b0bde8f08f00230cf08bff6ff4ee
:101db400877290420346b1d0184603b0bde8f08f55
:101dc400002a14bf6ff0ac030023184603b0bde82b
:101dd400f08fc0f14008b84528bfb84630444246a9
:101de40021461cf0c5ff2b684344402b2b6013d0c5
:101df4004444a7eb0807a0e7a0460023002fcfd058
:101e0400414630463a4601931cf0b2ff019b2f60d5
:101e1400184603b0bde8f08f05f1080305f1480a40
:101e240053f8041f09ba53451960f9d131462846bd
:101e3400dcf77cfe03460028b2d12860d8e76ff0b7
:0c1e44008303ade76ff0ac031846704755
:020000040000fa
:020000040003f7
:101e50002de9f0410e1e144640f392809042054653
:101e60004ad0d0e9003800f10801c2e9003804f195
:101e700008004ff408721cf07dffb8f1000f40d14c
:101e80002b68b6eb431f35da236806f11f02b3eb6c
:101e9000521f4fea52171d460fd9ea1b7b1c9200b6
:101ea000b81cab4288bf042204eb800000211df067
:101eb000a5fab8f1010f31d0236806f01f06c6f16c
:101ec00020023eb104eb87074ff0ff31d1407a6822
:101ed0000a407a60002b51d09a1c04eb820202e087
:101ee0002360002b4ad052f8041d013b0029f7d093
:101ef00063686360bde8f081d0f80480b8f1000f3a
:101f0000bed0256806f11f02b5eb521f4fea5217eb
:101f10002b46c2d8b8f1010fcfd19db10023201daf
:101f2000a446194650f8044f0131e2185242002ce1
:101f300018bf43f00103a9420260f3d1af426446e7
:101f400009d95b42013504eb850200e00135bd4251
:101f500042f8043ffad3002206f01f06c4e90072db
:101f60003b46c6f12002002eb6d004eb87004ff0ae
:101f7000ff31d14042680a404260ade70023b8e734
:101f80000021c2e9001104f108004ff40872bde815
:081f9000f0411df033ba00bf5f
:020000040000fa
:020000040003f7
:101f98002de9f04f83b004469df838a00193aaf1cb
:101fa8000403012b9df830b00e46174603d91f29ac
:101fb80064d81f2a66d8002c55d02388002b52d00d
:101fc80094f90c90b9f1020f4dd1606817f0e0ff59
:101fd800002848d0d4f80480b8f8023013f002057d
:101fe80058d013f0080351d1d8f880508db3d8f8e1
:101ff8008420954214bf2b68c8f88430c8f8803014
:10200800d8f88830013bc8f88830eb7b012b4bd1de
:10201800019bab60baf1030f4ff00103ae80ef8074
:1020280085f80db02c6185f80ca0ab7335d0d8f8c5
:10203800903000222a60002b42d01d60c8f89050d2
:10204800d8f8943002220133c8f894304ff00009d0
:10205800ea731ef09ff898f80030013388f80030d2
:102068001ef09af802e000254ff0ff390d9b0bb1e6
:1020780083f80090284603b0bde8f08f00256ff084
:102088000409f3e700256ff00509efe700256ff075
:102098000709dee76ff00309dbe7b8f8023043f021
:1020a8000803a8f80230c2e7074a08494ff4b0739a
:1020b800002013f05bfa064a1368002bfcd1a7e74f
:1020c800c8e92355bce700bffce90400940a0000f6
:0420d8009cd3002075
:020000040000fa
:020000040003f7
:1020dc002de9f041002396b00329cde90033cde979
:1020ec000233cde90433466804460cd003683e49fc
:1020fc001b683046984723683c491b683046984714
:10210c0016b0bde8f0815068154612f0bbfe0746cc
:10211c0028b31df067fa8046a8680378752b0fd199
:10212c004378702b0cd1837853b938461df04cfd95
:10213c00014610b323682e491b6830469847dfe7e9
:10214c002c491cf0a0fe90b938461df03dfd00282e
:10215c0035d1236828491b6830469847d0e7236857
:10216c0026491b683046984716b0bde8f0812368b5
:10217c0023491b6830469847c2e70ff0c1f96946fe
:10218c0019f076ff019d45b31ffa88f005eb801519
:10219c000df1180ea44605f1400828686968aa6874
:1021ac00eb6874460fc410354545a646f5d1154b62
:1021bc000e9306a9384664460bf01efb02e0384627
:1021cc0016f090fd23681b6818b10f4930469847ec
:1021dc0096e70e493046984792e723680c491b68ee
:1021ec00304698478ce700bf3417000058170000a2
:1021fc00901700001c260000d41700007017000078
:10220c00f4170000e80b0000141800002c18000054
:04221c00ac170000fb
:020000040000fa
:020000040003f7
:102220002de9f0410024c0e90044164605464ff46c
:1022300008720f46083021461df0e0f8102e37d006
:10224000b31e3e2b2bd838782d282cd0a04618b39f
:10225000242e02dc1df022fbc0b2414b002402e020
:102260000134402c1bd013f801cb8445f8d1a64291
:1022700015dd2a46314628460bf0ccfb88b92146ad
:10228000284619f05bfc60b917f8010f0028dfd170
:102290002b680bb1c5f804800020bde8f0814ff039
:1022a000ff30bde8f08117f8010f4ff00108cee7cd
:1022b0003b782d2b08bf0137384608bf01241cf09e
:1022c00065fd0646002848d000223e44a44611463b
:1022d00017e043b2202908bf0132882a01f01f010c
:1022e00003fa01f304f1ff3401f10401d7d005eb47
:1022f000820ebc42def8080040ea0300cef8080077
:1023000018d0344616f8013da3f13000c0b20928b8
:10231000a3f1410eddd9bef1050fa3f16100a3f1d8
:10232000370e02d84ffa8ef3d4e70528b7d8573bbb
:102330005bb2cfe7013264462a60002aacd0931c1e
:1023400005eb830302e02a60002aa5d053f8041da0
:10235000013a0029f7d06c609ee701222a60eee77f
:04236000344a0000fb
:020000040000fa
:020000040003f7
:1023640014290fd881b1013913290dd8dfe801f000
:10237400280c0c0c0c0c0c0c0c0c340c0c0c4753d3
:102384000c0c0c64372901d04348704790f836117f
:102394004b077dd490f8363290f8342213f00403be
:1023a40002f0600263d0002a5ad190f83522d10697
:1023b4004fd490f93521002a4bdb6ff4ba70704783
:1023c40090f8343113f0060f62d1012262f3420314
:1023d40080f834310020704790f83531990757d48c
:1023e40090f8342243f0020312f0600f80f8353184
:1023f400f0d190f8343113f0060febd1dde790f80b
:1024040035315a0644d443f0400380f835319807f7
:10241400d3d50020704790f93531002b38db90f884
:10242400353190f8342143f0800312f0060f80f820
:102434003531c2d00020704790f83631d90727d4ff
:1024440043f001035a0780f83631c3d46ff4c470e3
:102454007047124ad0f834128a430fd0002bb9d0f7
:1024640090f8363143f0040380f83631b2e741f096
:10247400040180f83611002a97d0abe790f937228f
:10248400002a03da90f835215206e7d4044870474d
:102494006ff4c570704700bf76feffff80000040f8
:0424a40086feffffb2
:020000040000fa
:020000040003f7
:1024a8002de9f041f8b103880446e3b190f90c3006
:1024b800022b18d140680d46164617f069fd90b1f9
:1024c80067681db1ea7b931e012b11d96ff00106d5
:1024d8005fb11df05ffe3b7801333b701df05cfe81
:1024e8003046bde8f0814ff0ff363046bde8f08158
:1024f800ab7b052b12d8022a2bd15a1ed2b2002e42
:102508005bd0191f022913d8a9683160032a1ed984
:10251800052b0bd10423ab730026d9e7032a3dd141
:10252800002e50d0062b50d1ab683360ab7b03e054
:10253800032a0cd9062b48d80026052bc8d962686f
:1025480003239832294638460af0d8f8c0e701260e
:10255800bee71f4a1f49dff8848040f27b53002002
:1025680013f004f8d8f80030002bfbd1ab7b5a1ecf
:10257800d2b2002ec5d1032ae9d9062bc8d9164aea
:10258800144940f25b53002012f0f0ffd8f80030f5
:10259800002bfbd1ab7b6ff01306cee70c4a0d493d
:1025a800dff8388040f27f53002012f0dfff00bfd1
:1025b800d8f80030002bfbd1d8e7032ac7d9052b60
:1025c800a8d0002684e7062bb6d0dff81080d6e71f
:1025d800ecee0400940a00008cf004009cd3002068
:020000040000fa
:020000040003f7
:1025e8002de9f04fdff830a183b0daf80030019020
:1025f800002b5bd0434d2b78002bfcd02b78002b85
:1026080076d1019b404e9b8a4ff0010909fa03f9e4
:102618003368002b1add3d4b0093ab460024009b2a
:102628001b6853f8245065b1d5f8248040461cf047
:10263800e3ff0121002801fa00f002db10ea090f8c
:1026480037d1336801349c42e9db5d46019b9b7db1
:10265800022b43d1daf80040013ccaf80040002cb4
:102668003cd13368294a0092002b11680bdd00bf6a
:1026780051f8240018b10ff08dff009b19683368da
:102688000134a342f4dc224c224d2068c3689847e9
:10269800009b28684ff00008c3f8008018b11cf0b0
:1026a800b3ffc5f8008000232360336003b0bde8a2
:1026b800f08fb5f9120005f017f9eb6cb5f85a1060
:1026c8001f462b6d002fbcd011f4005f4146b8d0d7
:1026d800b5f912004ff40052b847b2e71df05afda1
:1026e8002b7801332b7003b0bde8f04f1df054bdbb
:1026f8001df050fd2b78013bdbb22b701df04cfd1b
:102708007fe700bffad5002094d4002098d4002099
:0c27180090d4002088d400208cd4002035
:020000040000fa
:020000040003f7
:10272400002816db4b4b1b68984212da4a4b1b6895
:1027340053f820306bb162b110290ad8dfe801f0f8
:10274400131b232b31373a3e42484c6d73777d83fc
:102754000b000020704793f83f30db43c3f3c013f2
:1027640013700120704793f83c3083f00403c3f3e3
:1027740080031370f5e793f83c3083f00803c3f348
:10278400c0031370ede793f83c3083f01003c3f3f8
:1027940000131370e5e793f83c30c3f3010313709f
:1027a400dfe793f83d30c3f380031370d9e71b8a46
:1027b4001380d6e7b3f854301380d2e7b3f8583017
:1027c4001380cee793f83e3003f001031370c8e79b
:1027d40093f85e301370c4e793f83c1093f83e000e
:1027e40001f01c03a3f11c03b3fa83f35b09c106d4
:1027f40048bf43f00203810648bf43f00403410687
:1028040048bf43f00803410748bf43f010030107e2
:10281400bfd543f020031370a3e793f83f30c3f30d
:10282400050313709de793f85f30137099e793f8ed
:102834003f30c3f38013137093e793f83e30c3f330
:10284400001313708de793f83e30c3f340131370f5
:0c28540087e700bf94d4002098d4002037
:020000040000fa
:020000040003f7
:1028600001292de9f047456804463cd0434e904687
:1028700006f5907977682fb1d8f80410b0681cf08d
:1028800008fb48b118364e45f4d123683c491b6813
:102890002846bde8f04718473368b8460746dbb11d
:1028a000236838491b68284698472368d8f80010e1
:1028b0001b68284698472368d8f808101b682846e4
:1028c0009847236830491b68284698473368013782
:1028d000bb4208f10c08e3d823682c491b68284642
:1028e000bde8f0471847254e002206f5907773683b
:1028f00003b322b9236826491b68284698472368f2
:1029000020491b68284698472368b1681b682846f9
:1029100098472368f1681b682846984723681a4936
:102920001b68284618369847be4206d07368002bad
:10293000e5d101221836be42d9d1236815491b685a
:10294000154e2846984706f1240723680d491b6851
:1029500028469847236831681b68284698472368ab
:10296000b1681b6828469847236807491b682846b2
:102970000c369847be42e8d1aee700bf80c40020c5
:10298000dc3a0000a03a0000a83a0000383200000b
:0c299000743a0000b03a0000d4d80400f3
:020000040000fa
:020000040003f7
:10299c002de9f04186b01f4600230393002800f078
:1029ac008e800c46002900f08a804ff001080092be
:1029bc001646cdf804800a4603ab3021054617f0c5
:1029cc005bfc002870db236803eb0802964273d390
:1029dc00eb5c022b39d0cde9006803ab22463021e9
:1029ec00284617f049fc00285edbcde90068236817
:1029fc00049304aa05ab0621284617f03dfc0028d9
:102a0c0052dbdde904231a449642226054d9531c4c
:102a1c009e4249d3a95c05293fd04ff00108002202
:102a2c00cde900823346214628460df039fb10b122
:102a3c0006b0bde8f081cde9006803ab2246302139
:102a4c00284617f019fc00282edb334603aa214632
:102a5c00284611f0dffc002834db0c9b039a03b1f1
:102a6c001a6023680fb1e91839601344236003aa74
:102a7c0033462146284611f0cdfc002822db0e9b64
:102a8c00039a03b11a600d99236809b11d440d60b6
:102a9c001344236006b0bde8f081023296420bd39a
:102aac00eb5c33b92260b8e76ff08b0006b0bde881
:102abc00f0816ff09100bbe76ff08300b8e76ff027
:0c2acc00ac00b5e76ff08e00b2e700bf71
:020000040000fa
:020000040003f7
:102ad8002de9f041adf58b6d002800f093800f468d
:102ae800002900f08f8000f58a66054600213046ef
:102af800904619f0c3fb00286ad00023cde90033c3
:102b08001a468ca902a80ef0b1f9002877d14246de
:102b1800394630461df0aefa044650b102a81cf002
:102b2800e7fb8ca81cf0e4fb20460df58b6dbde897
:102b3800f08102aa394630461df050fb04460028b1
:102b4800ecd18ca902a819f011f804460028e5d1a7
:102b58008caa394610461df03ffb04460028ddd1fb
:102b680002aa8ca9104617f091f804460028d5d17e
:102b780002aa394610461df02ffb04460028cdd185
:102b88002a468ca9284617f081f804460028c5d1a2
:102b98004246394628461df06dfa04460028bdd144
:102ba80005f50a752a4602a9284617f06ff8044663
:102bb8000028b3d14246394628461df05bfa044640
:102bc8000028abd1012130461af010ff0446a5e7d2
:102bd800014628461af00aff04460028a4d10146f7
:102be80005f50a701af002ff044600289cd101215d
:102bf80030460df58b6dbde8f0411af0f7be6ff069
:0c2c08007c0491e76ff0a9048ee700bf88
:020000040000fa
:020000040003f7
:102c140070b504460d46164600214ff41f721cf091
:102c2400ebfb05226b6bd5f8fc10c4f88820c4f8c4
:102c3400a42095f83d206362c2f3400004f17403bc
:102c4400c2f38002e367c4f8781204f1900394f8a5
:102c54003912c4f8983000014ff0ff3340ea4210b3
:102c64000022c4f84821c4e94533c4e93e33c4e929
:102c74004033c4f8443121f0300184f84831324bf8
:102c8400c4f83c210843c4f84021a36404f58a72c3
:102c940004f58c73c4e90423646484f839024eb9de
:102ca40001214ff4f6701bf04bfda060002848d0c2
:102cb4002b6b23b3324629462046f6f7b5ff01288d
:102cc40006461ad194f8383194f83622a3f1fe035b
:102cd400b3fa83f35b0963f3820284f836226b68e8
:102ce400a361cbb1204617f01bf8064628b9606ae9
:102cf40019f062fbc4f8f00018b3304670bd4ff40d
:102d0400ad7014f015fd6060d8b194f8393243f019
:102d1400800384f83932cde7014618201bf010fdfa
:102d2400a06170b194f83932d4f87822616a43f022
:102d3400010384f839321bf0c7ff06460028d1d0be
:0c2d4400dbe76ff07c06d8e705f3010028
:020000040000fa
:020000040003f7
:102d500070b53f4c237843b13e4d2b7843b11cf006
:102d6000c3ff02284ad0032800d070bd00232b7077
:102d700018f03cfe384bd3e900239042994123d30d
:102d8000364d374a286811780023237000282cd04c
:102d90000368344c344a5b684068002908bf224607
:102da00032499847286800284dd0036830495b684d
:102db000406898472868002840d003682d495b6820
:102dc0004068bde8704018471cf00afd0028ccd1cf
:102dd000234b29481a784ff48041920312f0b0fd3a
:102de0000028c2d001232b7070bd1f4b1d4a002943
:102df00018bf1a461d4912f0bdfbd3e717491f4bf8
:102e0000174a08681578012119700023237058b1fa
:102e100003681b491b4a5b684068002d08bf0a46cf
:102e2000bde8704018491847154a164b1649002d41
:102e300018bf1a46bde8704012f09cbbbde8704058
:102e40000c4912f097bb0a4912f094fbb2e700bf9d
:102e50001ed600201dd6002070d300206cd5002087
:102e60001fd60020fc1e00000c1f0000dc840000a8
:102e70002485000078850000f9080300c2d70020ef
:0c2e8000041f0000141f000094840000d8
:020000040000fa
:020000040003f7
:102e8c00f8b50446002879d00d46002973d0a1f17d
:102e9c00100600bf94f84430002bfbd094f844305b
:102eac0063bb636a55f80c1c002b36d09e4247d38b
:102ebc00a06a86420dd9436800eb0312964260d09b
:102ecc000023066045f8103ca6620f012ae0002b97
:102edc0040d01a4696421b68f9d99e42f7d206ebaf
:102eec00011c63454fea01175ad045f8103c536852
:102efc0002eb0310864247d0166013e01df048f930
:102f0c0094f84430013bdbb284f844301df042f9b4
:102f1c00636a55f80c1c002bc8d145f8103cc4e969
:102f2c0009660f01236b5b1a23631df031f994f8ca
:102f3c004430013384f844301df02cf93846f8bd88
:102f4c0006eb011293424fea011708d045f8103cea
:102f5c006662e7e7f82284f838201f46e5e75a68ee
:102f6c0018680a4445f80c2ca26a45f8100c9342d8
:102f7c00eed1a662ece70f463846f8bd0746384658
:102f8c00f8bd0b444360a0e755f80c0c184455f8f9
:102f9c00103c1360a36a50609e42c3d1a262c1e789
:102fac00d3e900c30b4445f810cc45f80c3c13682e
:082fbc0098429cd1a6629ae73d
:020000040000fa
:020000040003f7
:102fc400f8b54a4a4a4b586a917d00293dd0546865
:102fd40059699d699e6892f818c01cf0040f04f0aa
:102fe400070411d0d2f828c0df688f420cd94f1cd7
:102ff400002c45d15c6804f801c0117ecc0745d58e
:1030040001243946147524e0384a92f818c01cf09b
:10301400010f1bd1374c227859619d61334d2d7eb0
:10302400ad070ed58ab1da688a420bd12f49002246
:1030340007251a770d75196a227031b11b6a9847f2
:10304400227812b1294b02229a75f8bd012717750f
:103054001cbb9a68aa422ad91a68545d234a0135ce
:1030640094621a690ab9b54236d0da688a42d1d173
:103074001e4a204c01269675042616752278cbe745
:103084005c6824f811c0117ec90703d4194c394671
:103094002278c1e70124394614759a68aa4210d9e6
:1030a4001a6832f81540114a01359462d9e71a6951
:1030b400002ad6d00d4aff2494621a69013a1a6193
:1030c400cfe71a69002accd0084a4ff6ff749462fd
:1030d4001a69013a1a61c4e7044a59619d61127e72
:1030e400044c0125960725709dd4abe700300040c1
:0830f4002cd00020fbd50020c8
:020000040000fa
:020000040003f7
:1030fc001c0000000e0000000840000014400000fe
:10310c00504000008c400000c8400000044100000a
:10311c00404100003c01050005000000d10000000a
:10312c00010000001e000000040000007c410000b3
:10313c0088410000c84100000842000048420000dd
:10314c0088420000c842000074000500080000001e
:10315c000b0200000100000020000000070000002e
:10316c000843000014430000584300009c43000037
:10317c00e043000024440000684400006c0005009b
:10318c00080000000e0200000100000030000000ea
:10319c000f000000ac440000b84400001c450000c7
:1031ac0080450000e445000048460000ac460000a5
:1031bc003401050005000000d200000001000000f1
:1031cc004200000010000000104700001c470000e7
:1031dc00a047000024480000a84800002c4900002b
:1031ec00b04900002c01050005000000d3000000d0
:1031fc000100000000000000ffffffff00000000c6
:10320c0000000000000000000000000000000000b2
:10321c0000000000000000000000000000000000a2
:08322c0000000000000000009a
:020000040000fa
:020000040003f7
:10323400002800f08f802de9f0410f46002900f0ae
:103244008680436e0233064600f10c0874d133685d
:103254005a1c3260802208f803203368382b4cd87b
:1032640008eb0300c3f1380206f1080506f148042f
:1032740000211cf0c1f82a4652f8040f00ba944207
:103284001060f9d17368b0685a0f02ebc002db001a
:103294004146b26072647360b3643046dbf746fc47
:1032a40006f14c01224606f15c0300bf52f8044fbc
:1032b40024ba9a421460f9d18b684c68cd68f26cd8
:1032c4003a60bb60fd607c600a6924493a61244a23
:1032d400f16401f18831c6e9141202f12c5221493a
:1032e40002f5c012002302f2f242c6e91612c6e940
:1032f4000033b360f366bde8f081c3f1400208eb2c
:103304000300354600211cf077f8402345f8083bbc
:1033140006f148042b4600bf53f8042f12ba9c420e
:103324001a60f9d141463046dbf700fc0028e2d1af
:103334003060382240469be700220b4611460bf0d2
:10334400c1fc6ff48773984281d0bde8f0816ff0bf
:10335400ac00d0e76ff0ac00704700bf01234567b5
:08336400fedcba987654321029
:020000040000fa
:020000040003f7
:10336c002de9f843804617f0d3fd00287ed007885e
:10337c00444e742407fb04f406eb0409054699f843
:10338c007020012a05d01cf061fc002855d1bde845
:10339c00f88399f82630002289f870209bb999f8a7
:1033ac007120012a0ad01cf051fc0028efd01cf02f
:1033bc0047fcbde8f843344919f0cab989f87130b3
:1033cc00484609f0f5f9742303fb07631a6e42456e
:1033dc003ad004f1200232441368bbb1696a4ff051
:1033ec00000c03e003f1200213687bb19c698c4252
:1033fc00f8d15c7d012cf5d1186a10609c82c3f861
:10340c0020c083f800c01368002befd1742303fb9a
:10341c00076393f8263013b3742303fb07634ff051
:10342c00ff305a6802445a600021012259706862c8
:10343c00e97083f87020bde8f8831cf001fcbde84e
:10344c00f843124919f084b9002283f864209a6673
:10345c004ff0ff321a66012283f87220b9e7484612
:10346c0008f000fe012389f87130d5e71cf0eefb63
:10347c0000288cd01cf0e4fbbde8f843044919f09b
:10348c0067b900bf50cc0020540b0000340b000077
:04349c001c0b000005
:020000040000fa
:020000040003f7
:1034a0002de9f0478eb0002800f08e808a46002972
:1034b00000f08a809046002a00f086809946169b8c
:1034c000002b00f0818007461bf0e8f804461798af
:1034d0001bf0e4f884427adc0021202206a8049143
:1034e0001bf08cff0eae06ac204613f0b9fc043482
:1034f000054600284cd1b442f6d104a813f0b0fc24
:10350000054640b3049c05ae6cb120461bf0f4feaa
:1035100004f50a701bf0f0fe04f58a601bf0ecfe67
:10352000204617f025fc0daf56f8044f204664b135
:103530001bf0e2fe04f50a701bf0defe04f58a6063
:103540001bf0dafe204617f013fcbe42ecd12846f1
:103550000eb0bde8f087049c169a504621460af04a
:10356000a9f905ae05460028ced11698314617f0c8
:103570003ffb05460028c7d138461bf08ff80546ab
:1035800017981bf08bf8854204dd6ff0d805bbe778
:1035900005aec8e7169b0193059b0293cdf80090fa
:1035a000384606ab42462146eff74afa0546002860
:1035b000aad1199b002ba7d003461699059a40461d
:1035c000fff78afa05469fe76ff0a905bfe76ff09e
:0435d000d805bce777
:020000040000fa
:020000040003f7
:1035d4002de9f04100f1ff3ca0b05ffa8cfcbcf196
:1035e400100f269c0ad914f1ae0f94bf6ff0830418
:1035f4006ff0ac04204620b0bde8f0811f46404b7c
:1036040053f82c30a3425fd803380d4616460e28d3
:1036140057d8dfe800f0433b282008080e080808c4
:103624000856560808006ff0e704204620b0bde8ad
:10363400f08101a817f09afa04460028dad132463c
:10364400294601a802f010ff044600283fd001a833
:103654001cf0bafdcee73a463146284620b0bde814
:10366400f04113f05bbc0df10408404613f0b6fcc6
:1036740004460028bed132462946404602f04efb9d
:103684000446b8b340461cf0c9fdb3e73a46314698
:10369400284620b0bde8f04113f010bc0df1040839
:1036a400404617f063fa04460028a3d1324629465f
:1036b400404602f0d9fe0446b0b140461cf084fdf9
:1036c40098e76ff0ac0495e76ff0830492e739460e
:1036d40001a80bf0adf8044601a81cf075fd002c00
:1036e40088d107f11002d2e7394640460bf0a0f822
:1036f4000446e2e73946404600f004f80446c1e7d0
:04370400d8a3040042
:020000040000fa
:020000040003f7
:10370800002800f084802de9f0410f4600297bd085
:10371800036e00f120085a1c0266802208f8032074
:10372800036e382b054650d808eb0300c3f1380266
:1037380005f11c0405f15c0600211bf05bfed5e9d0
:103748001920510f01ebc001d2002346a9666a6611
:1037580053f8042f12ba9e421a60f9d1d5e91932ea
:103768004146c5e916232846eef7c0ff58bb2b1f74
:1037780005f1180153f8042f12ba8b421a60f9d1d7
:103788002b686a68a968ec68fc603b607a60b9607d
:10379800a9692b696a69b9611e493b617a611e4a48
:1037a80029601e49c5e901121d491e4a0023c5e9c1
:1037b80003121d4a1d49ab66c5e91833c5e9051250
:1037c8001b4aea61ab67bde8f081c3f1400208eb30
:1037d800030000211bf00efe05f11c0440232b669c
:1037e80005f15c06234600bf53f8042f12ba9e4227
:1037f8001a60f9d141462846eef778ff0028e2d151
:1038080028663822404697e76ff0ac00dbe76ff098
:10381800ac007047d89e05c117dd703007d57c36df
:1038280039590ef7310bc0ffa78ff9641115586885
:04383800a44ffabee1
:020000040000fa
:020000040003f7
:10383c0030b5a1b00022431e8df81c2008468df82f
:10384c000820092b62d8dfe803f01d242d363f42f7
:10385c004a525a0502ad1422294616f0e3ff2f4bab
:10386c002f4a009507ac6421204614f05ffe2d48ca
:10387c002d490368013303602246002011f074fec9
:10388c0021b030bd02ad1422294616f0cbff274bd8
:10389c00e6e707ac0091264b264a6421204614f03b
:1038ac0045fee4e707ac0091214b234a64212046f6
:1038bc0014f03cfedbe7214b07ac0090204a64215e
:1038cc00204614f033fed2e71e4b07acf5e707aced
:1038dc001d4b1e4a6421204614f028fec7e707ac96
:1038ec001b4b1a4a6421204614f020febfe707ac9c
:1038fc00184b164a6421204614f018feb7e702ada7
:10390c001422294616f08eff134ba9e707ac134a75
:10391c006421204614f00afea9e700bf9c0c0000ad
:10392c00f00b0000d4d30020b80c0000e40b000016
:10393c00040c0000100c0000240c00003c0c0000d7
:10394c00480c0000580c0000640c000004610000de
:10395c00740c0000840c0000900c0000ac0c0000f7
:020000040000fa
:020000040003f7
:10396c002de9f04fd0f800a00d680aeb0504872c68
:10397c00adf5137d00f38880074688461646002176
:10398c004ff408720aa81bf033fd002c76dd012dd4
:10399c00b8bf0125cde9034a05f1ff3b4ff0000c00
:1039ac0007f1080108f10802cde9068605971646cd
:1039bc000df12409634665465f460a46bd42294619
:1039cc000498a8bf3946a5eb010ea0eb0e0b8b4556
:1039dc0002eb8e0e06eb810845dd01f1010b194659
:1039ec0063464ff0000ccde901596046e246914622
:1039fc005ef8042b58f804595446e2fb05141c19c4
:103a0c0000f101004ceb4a0c83452346f0dc4a469e
:103a1c00019dddf8089049f8041f03990135a9426e
:103a2c00ccd1dde905780c46079e7868d8f80410ef
:103a3c000894a31c08aa02eb830301e0013c1ad0f2
:103a4c0053f8042d002af9d04140c6e900414ff447
:103a5c0008720aa906f108001bf086f900200df582
:103a6c00137dbde8f08fbbf1000fb8dc194663463f
:103a7c004ff0000ccfe700242146e6e70894fad07b
:103a8c007868d8f80410d4e74ff0ff30e7e700bfb0
:020000040000fa
:020000040003f7
:103a9c002de9f04790f8243286b00446002b7bd0f9
:103aac0090f85d30002b14bf4f26092694f83a325b
:103abc0043f00103314684f83a32204606f0d2fc3a
:103acc00002866d1d4e92653ed180fd016232b709d
:103adc0094f838316b7094f83931ab7094f8363205
:103aec005b075cbf4ff48063a5f803300e23c5f869
:103afc00053094f82432d3b9e06800285ad094f8f1
:103b0c003831032b4ad094f83a22d4f89c3008214f
:103b1c0022f001023344204684f83e1284f83a2203
:103b2c00c4f89c3006b0bde8f0470df01bbf94f80c
:103b3c005d30002be0d094f836325f0754bf4ff065
:103b4c0004084ff00c08404654bf4ff0050a4ff0e4
:103b5c000d0a13f0e9fd074678b305eb0a0142465e
:103b6c001bf002f900202946cde904000390012541
:103b7c0016203246cde901053b46cdf800802046a3
:103b8c00eaf790ff0646384617f0ecf8002ebada42
:103b9c00304606b0bde8f087092687e794f839313e
:103bac00022bb0d9721f691dd83000f063fa0028bf
:103bbc00a9d0eee76ff0ac00ebe76ff07c00e8e724
:020000040000fa
:020000040003f7
:103bcc00f0b5394b394d3a4e0446620339481a6008
:103bdc002a60394b394d05600d464ff46041196030
:103bec00374b01211970374900230b7036490b7084
:103bfc0036490b70364b02211970364b316853f82d
:103c0c00243083b000293dd0d1e9001000924f68d8
:103c1c0031492246b84724b9304b1c70012003b0ff
:103c2c00f0bd306880b103682d495b6840689847e7
:103c3c007db93368002b2cd01a6858682949526812
:103c4c009047012003b0f0bd254911f08dfc002deb
:103c5c00efd017f0c5fe04460f461bf0fdff224bbc
:103c6c001e4ae5fb00473068c3e900470123137087
:103c7c00a0b103681d495b6840682a46984701203b
:103c8c0003b0f0bd009208462246134911f06cfcbb
:103c9c00c1e71449284611f067fcbfe713492a46cf
:103cac0011f062fcbae700bf48d5002060d50020b7
:103cbc004cd5002064d5002044d50020fb0803001f
:103ccc0016d6002015d600201cd6002019d60020b0
:103cdc001ad600205cf30400f46c000014d600200b
:103cec00286d00008c6d000060d30020646d000016
:020000040000fa
:020000040003f7
:103cfc00f0b540f2ff7681ea030c16ea115e1ebfa6
:103d0c00b64516ea1355b54252d021ea465141f454
:103d1c008011a1fb024723ea465343f48013ae44bf
:103d2c00a0fb03650cf0004c36197d41a1fb034749
:103d3c0047f10003a0fb0217f619654153f100038c
:103d4c00094218bf46f0010640f2fe74b3f5007f3d
:103d5c0013d2aef5806ea64523d24cea033128036c
:103d6c0041ea155140ea16503203450872f10042ff
:103d7c0050f1000051eb0e51f0bdaef2ff3ea645e6
:103d8c000fd24ceac321e80241ea555140ea5650a1
:103d9c00f202450872f1004250f1000051eb0e5155
:103dac00f0bd1eea0e0f2dd50cf000410020f0bd29
:103dbc0016ea115f04bf01f000410020004218bf59
:103dcc0041f0010116ea135f04bf03f00043002227
:103ddc00124218bf43f0010306ea1354b44218bf51
:103dec00b64503d00cf000410020f0bd21f000419d
:103dfc0023f00043b1eb065f0cd8b3eb065f09d898
:103e0c0041b13bb10cf0004141f0fe4141f4700175
:103e1c000020f0bd40f20001c7f6f8710020f0bda3
:020000040000fa
:020000040003f7
:103e2c002de9f84f837d032b04d03c4d2c6824b135
:103e3c0001342c600120bde8f88f394a8368136087
:103e4c00384fdff8f880dff8f890374bdff8f4a044
:103e5c00dff8f4b0354a1c60c7e90044c7e90244f6
:103e6c00c8e90044c8e90244c9e900440e46caf84e
:103e7c000040c9f80840cbf80040146009b10a684a
:103e8c004ab94ff0ff341bf0e1fe98b912f0c2fab8
:103e9c000020bde8f88f26492246032016f064f96d
:103eac00caf8000080b3384619f0baff48b96ff071
:103ebc000204e8e71bf0c4fe1e49224611f054fb35
:103ecc00e4e740461cf054f908b3154a3168106811
:103edc0010228768b847cbf80000d8b148461bf0d1
:103eec005bfe3368dbf800704bb1394648461af07c
:103efc00bbfd33680134a34207f11007f5d80e4b14
:103f0c002c6800221a6093e76ff00104bbe76ff096
:103f1c000304b8e76ff00404b5e700bf34d4002005
:103f2c0044d4002080d2002038d4002030d400208b
:103f3c0019ab0200143200002cd4002070d20020e7
:0c3f4c00c8d2002040d400203cd400204b
:020000040000fa
:020000040003f7
:103f58002de9f041b2f57f4f93f800c01e460546a3
:103f68000c465b78c2f30720d1b22ad28cea000c47
:103f78004b400d2a86f800c0737006f1020c76d803
:103f88004cea020c4cea040c1cf0030f21465dd1ec
:103f980092080cd004eb8207b01e00bf51f8042b26
:103fa80050f8043f8f4283ea02030360f6d10027ea
:103fb800324631462846e9f7dffc00283cd0bde808
:103fc800f0816fea0c0c4ff0000eb77883f0fe0317
:103fd8006cf3070e63f30f2ef37887ea126767f323
:103fe800174e83ea124363f31f6e3379c6f800e075
:103ff8005840737930715940717106f1060c4ff0d1
:104008000a08062708f1ff3ee644611e0cf1ff3c52
:104018001cf8013f11f8010fe64583ea00038cf80c
:104028000030f5d1103a1744314632462846444408
:10403800e9f7a2fc0028c2d1002fc0d033463a4687
:1040480021462846bde8f04104f074b8002aaed0f5
:10405800731c1a44601e00bf13f8011f10f8017f7b
:10406800934281ea07011970f6d10027a0e74ff0c3
:084078000e080227c6e700bf95
:020000040000fa
:020000040003f7
:10408000002800f08b802de9f04188461546002974
:1040900044d0036f0233044606d000230af068fec2
:1040a0006ff48773984237d1206e3f2879d8636eba
:1040b000eb18636637d204f1200600283ad125f0c8
:1040c0003f074744b84548d04146334608f14008c9
:1040d000d1f800e0d1f804c08868ca68da6010310d
:1040e0004145c3f800e0c3f804c0986003f1100331
:1040f000eed18846403d04f11c0304f15c0100bf91
:1041000053f8042f12ba99421a60f9d13146204669
:10411000eef7f0fa0028d5d0bde8f081002a3ad1b8
:104120000020bde8f081a36e0133a36604f12006f0
:104130000028c4d0c0f14007af4228bf2f463a46fe
:10414000414630441af016fe236eb844ed1b1f445e
:10415000402f27660cd00020b1e70028dcd1002dcd
:10416000ded02a46414630461af004fe2566d7e7df
:1041700004f11c0304f15c0153f8042f12ba9942b4
:104180001a60f9d131462046eef7b4fa08b9206634
:1041900095e7002593e76ff0ac00bde76ff0ac004a
:0841a00070476ff08300b7e7e0
:020000040000fa
:020000040003f7
:1041a80004292de9f047044615d0036832495b68b5
:1041b80040689847d4e9003030495b689847d4e9ab
:1041c80000302f495b689847d4e900302d495b6877
:1041d800bde8f0471847dff8ec8098f800603eb17a
:1041e8000368294a5b6829494068bde8f0471847d1
:1041f80015463146686832461bf01af93246314690
:104208008146a8681bf014f9324607463146e8682b
:104218001bf00ef905463fb330ea070204d02368c5
:104228001b495b68606898471a4b1c6098f8003017
:10423800c3b9194a1948c2f80090194a19491760b0
:10424800194a1a4c15601a4a03701560194a1a4817
:10425800176001220a7019492270032203700b703b
:1042680088f80020bde8f0872368606814495b6817
:10427800bde8f047184700bfc46e0000f86e0000a4
:10428800206f0000606f0000c06c0000d4030000c5
:10429800e86f00004cd5002064d5002015d600201a
:1042a8005cd5002017d6002060d5002016d6002047
:1042b80048d5002044d500201cd6002019d600205f
:0842c800a46f00001ad60020cb
:020000040000fa
:020000040003f7
:1042d0002de9f0470446894609b100230b60002c04
:1042e0007bd0414819f092fd8046002878d0268a7c
:1042f0000836b6b2022300223146482018f084fc6a
:104300000546002850d0c769384b83604ff0000a3b
:104310000823c0f80ca03b606389bb802389fb8025
:10432000228ae16807f108001af024fd524631465e
:1043300038460cf037fc6368788005f13802eb638f
:104340002068534605f13c0115f03cfb286420b37e
:104350000fccd5f810e008f10807bef80cc00fc765
:1043600094e80700b44487e8070053462846aef8af
:104370000cc032460121fdf7d1f828461bf0bafdea
:10438000d8b9194841461af075fb6ff00204284667
:1043900017f014fa2046bde8f087134841461af09a
:1043a00069fb6ff00104f2e70f4841464ff0ff341c
:1043b0001af060fb2046bde8f08719f0c1fa034609
:1043c000c8f804300a4841461af054fbb9f1000f0e
:1043d00001d0c9f800800024dce76ff00304d9e7be
:1043e0006ff00404d6e700bfbcd20020fdb004008b
:0443f000b0d2002027
:020000040000fa
:020000040003f7
:1043f4002de9f047022982b04ff00006cde90066ae
:10440400d0f80490804663ddcf1e27f00107141d09
:10441400033701250ee035491af039fdd0b1d8f83b
:10442400003033491b68484698470235bd4204f1c1
:10443400080432d0d4e9000a03782d2bebd142785a
:10444400612a17d02d2be6d14378692be3d18378e9
:10445400002be0d101aa0a21504612f011f80028dd
:10446400e3dad8f8003023491b684846984702b07d
:10447400bde8f0878278002ae4d16946504603f00b
:10448400e7fd06460028d0d1d8f800301a491b6849
:104494004846984702b0bde8f087d8f80030c6b166
:1044a4001649019a08685c68824219d2144be821c3
:1044b40001fb0233484693f8da10012905bf00993d
:1044c400c3f880100f491049a04702b0bde8f08737
:1044d40003681b680d494846984702b0bde8f08759
:1044e400421e0b494846a047f7e700bf24270000b7
:1044f4003029000010290000ec28000024d40020fa
:10450400b8c700204c29000090290000c4280000ee
:0445140080270000fc
:020000040000fa
:020000040003f7
:104518002de9f04f8bb00d460493d1e901132f68b4
:10452800d5f80c9003900029a8bf27f002079246ff
:10453800b8bf012117f010020592dae9006232d003
:1045480056ea02002fd0a3f1020b2c69029617f04d
:10455800080004f1ff3418bf0bf1ff3b904600221e
:1045680009f8042006905a46012c1edc059a002af8
:1045780051d1069a1ab1013c202209f804202a696f
:1045880003980097013a121b09eb04010ff026fd6e
:10459800039b5b68db0503d56b689842b8bf184678
:1045a8000bb0bde8f08f9b46cfe7029850ea0800b1
:1045b80008d1a1eb0b001044002803dc002ad5dd4c
:1045c800b807d3d50298049e00f00f000928a6f179
:1045d800410cd4bf30305730bcf1190f04f1ff340f
:1045e8000ed840f0200cacf1610cbcf1190f07d8c3
:1045f800cde9081307921bf04df9dde90813079a76
:1046080009f804000298060946ea0870013a02907f
:104618004fea1818a8e7dae900210a43a9d009ebfc
:104628000402049902f8011c023c302209f8042013
:024638009fe7fa
:020000040000fa
:020000040003f7
:02463a007047c7
:020000040000fa
:020000040003f7
:10463c00454b93f81432012b02d0042318467047d3
:10464c00424b2de9f04f4fea9008a3fb08384fea94
:10465c005813c3ebc313a0eb830391463a4a9cb2a5
:10466c000023adf5017d07468a464fea581882f8bb
:10467c001432acb9b9f5fe7f12d30df1040b9af8d4
:10468c0000308bf800307d1cadb209eb07039d4266
:10469c002e4629db59464046f8f7f6f8034648e023
:1046ac00294b1b78002b43d0b7f57e6f4ad20df106
:1046bc00040b5946404613f06ff90346002838d1d5
:1046cc003e46002cdbd03d46b9f1000f0cd130e05a
:1046dc00f61b0135adb209eb07031af806100bf8ff
:1046ec0004109d422e46d5da1849ab08a1fb0313e2
:1046fc005b09c3ebc313a5eb8304a4b2002ce7d175
:10470c0059464046f8f7c0f808f1010803461ffa6d
:10471c0088f85946404663b90b4b1b7843b1b8f146
:10472c00070f0fd813f038f903460028d0d000e05b
:10473c00042305490122184681f814220df5017d48
:10474c00bde8f08f0223f4e700bb00200502814096
:020000040000fa
:020000040003f7
:10475c002de9f04300f580550f4695f89fc195f86b
:10476c0099119146a1eb0c0c95f8982187b05ffa42
:10477c008cfc94459df83880059303d3002007b03a
:10478c00bde8f083032f064666d8012f25d8f5d156
:10479c00013a0a40d5f89441c2eb0212002344f8c6
:1047ac00223004eb82046360a360e360b8f1000f75
:1047bc0057d040461023029305ab0093019401237c
:1047cc004a4600210df01efe002848d1d5f8a02144
:1047dc000921304609f084fed0e7013a0a40d5f8a9
:1047ec009441c2eb0212002044f8220004eb820434
:1047fc006060a060e060b8f1000fdbd14146c9f306
:10480c000340014399fa99f20020e0702170a4f85a
:10481c000120204619f064fa00f00100e0700c2031
:10482c00109a2262e362119a0f9b84f828702087f9
:10483c00c4f8349084f83a806262236395f8993115
:10484c00d5f8a0110133304685f899311af00efcd9
:10485c00012007b0bde8f083042f99d08ee7059bab
:0c486c00dee7059b1aba20216260c8e755
:020000040000fa
:020000040003f7
:104878002de9f041374e33680546cbb9364f3b68d2
:1048880013b10020bde8f08190f81680b8f1000f50
:10489800f7d18368022232601bb10c4609b10b685c
:1048a80093b91bf0d5f900283fd100233360e8e71e
:1048b800012be6d1284a1368002be2dd817d09b976
:1048c800013313600120dde718f034fa234aab689e
:1048d8001060234a2349a08813602568224a08806b
:1048e800e18811809c68184604222946a0471f4b7e
:1048f800186000b31e4b1f491d6005220a2015f0e1
:1049080035fc1d4b04461860f8b13b6801333b6029
:104918001bf040fc194b01241c701bf03dfc184b8c
:104928003c60c3f800803460cce71bf08bf9154974
:1049380010f01cfeb9e71bf08bf90028b5d01bf06e
:1049480081f9114910f012feafe70cf0c3fc346096
:1049580097e700bfc8d30020c4d30020acd3002001
:10496800c0d30020ead50020e6d50020ccd3002013
:10497800bcd3002041dc0000b8d3002059d200206d
:0c498800b4d30020940b0000c40b00000e
:020000040000fa
:020000040003f7
:10499400022800f0858001282de9f04104460e46e6
:1049a40017461d460ed10ab113685bbb002332467d
:1049b40029460120fbf7ecfe431c52d14ff0ff3097
:1049c400bde8f0810a4600232946fbf7e1fe411cbd
:1049d400f4d0354b1b6853f8203000225a624fb193
:1049e40093f85c20012a50d093f83d2042f08002d5
:1049f40083f83d2093f83e2042f0020283f83e20e3
:104a0400bde8f0810021104612f0d8f88046002855
:104a1400d4d03246294620460023fbf7b9fe421c77
:104a2400ccd0214b1b6853f8203093f93f20c3f8b6
:104a34002480002a0adb93f85d2012f0020205d1db
:104a440093f83c1062f3c30183f83c1093f85c20a4
:104a5400012a0dd093f83d2042f0400283f83d2016
:104a6400c2e7114b1b6853f8203000225a62c1e799
:104a74009a8f3968996122f4814222f0600242f4eb
:104a8400804242f060029a87aee793f83c2039688e
:104a9400996102f01f0242f0600283f83c20a3e710
:0c4aa4004ff0ff30704700bf98d4002096
:020000040000fa
:020000040003f7
:104ab00030b587b01af0ecfd09f060f902f034fd72
:104ac00015f036ff0ff0f8fb16f074ff1bf05afbe1
:104ad0000ef0a8fe2e492f4c2f4d002004f0b8fafe
:104ae0002e4b60612e491b68002098470021034629
:104af0000846a36114f0e4fb6062f2f737f8294935
:104b0000002015f033f92849012015f02ff91bf08a
:104b1000dff868741bf0e2f8a8741af059fe234914
:104b2000034600206b7609f07ff9214903460020f7
:104b3000636014f0a9fc03461e48a36016f0e0fa77
:104b40001d4903460020236118f0d6fe1b49034689
:104b50000020e36119f02afa194a1a490192002348
:104b60000d22cde903122062694600930225184602
:104b7000154b059302950cf0c9fce0601af0d0fdce
:104b800012f0befa07b0bde8304007f033b800bffe
:104b90001cc2040080d0002030d70020ec98040014
:104ba000bcff040074d7002060d700209cff0400e5
:104bb00088fc0400a40105007cfc0400a4ff0400a0
:0c4bc000c02e0400bc5d0400c5bc040055
:020000040000fa
:020000040003f7
:104bcc002de9f04fadf2cc6d0aad002706468946b3
:104bdc0092463946282228469846cde9087507970b
:104bec001af006fc14abab613069032309a90b2244
:104bfc00eb61f6f79ffa044620b120460df2cc6d1e
:104c0c00bde8f08f07a812f025f9044668bbcde982
:104c1c00020073690493eb6801936b68ddf81cb0b8
:104c2c0000934946ab6881465a4606f5d260fef7ba
:104c3c0031fc044608b35846c8f800700bf50a76e8
:104c4c0019f018fd304619f015fdbbf1000f0cd012
:104c5c0058461af04bfb30461af048fb0bf58a60ad
:104c6c001af044fb584616f07df828460df014fd5a
:104c7c0020460df2cc6dbde8f08f686808a915f0e0
:104c8c00b1ff044608b14f46d5e7089a696801237d
:104c9c005846fdf71bff04460028ccd1686816f077
:104cac002bffd8f800308342074602d26ff0830402
:104cbc00c1e7584616f020ff8742f7db21463a46fb
:104ccc0050461af095fb584616f016ff391a514407
:0c4cdc0058461bf087fa0446ade700bf05
:020000040000fa
:020000040003f7
:104ce8002de9f04f8fb007468b46904600212022d1
:104cf80006a8ddf8609004919a461af07bfb002f15
:104d080074d0bbf1000f71d0b8f1000f6ed0b9f1bb
:104d1800000f6bd0384619f0bdfc0446484619f020
:104d2800b9fc431c9c4265dc06ac0eae204612f072
:104d380093f80434054600285ad1b442f6d104a8a1
:104d480012f08af8054640b3049c05ae6cb12046c3
:104d58001af0cefa04f50a701af0cafa04f58a6055
:104d68001af0c6fa204615f0ffff0daf56f8044fab
:104d7800204664b11af0bcfa04f50a701af0b8fac1
:104d880004f58a601af0b4fa204615f0edffbe4229
:104d9800ecd128460fb0bde8f08f049c58464a462f
:104da800214608f083fd05ae05460028ced13146e0
:104db800484615f019ff05460028c7d1059a029202
:104dc800cde900a906ab384642462146edf734fe48
:104dd80005460028bad1199b002bb7d00346059a7f
:104de80049464046fdf774fe0546afe76ff0a90552
:0c4df80005aebae76ff0d80505aeb6e7cf
:020000040000fa
:020000040003f7
:104e04002de9f04f444b04680d688446884602f14e
:104e1400800ed2e9007687ea35176e4007f03f002e
:104e240006f03f09c7f3052100f5c07009f5e079e4
:104e340001f5807153f8299053f8200053f821109c
:104e4400c7f3054a80ea0900c7f305670af1800a37
:104e54004840c6f3052153f8279053f82aa0c6f317
:104e6400054701f5a071c037c6f3056653f8211054
:104e740053f8277080ea0a00403680ea090053f8a4
:104e84002660484078407040d66897684440664041
:104e940087ea341706f03f0000f5e07007f03f01a1
:104ea40001f5c071c6f3052953f8200053f8211009
:104eb40009f5a079c6f3054b6840c6f305660bf106
:104ec400c00b53f829a053f82b5006f14009484071
:104ed400c7f3052101f58071c7f3054653f82990fe
:104ee40053f8211080ea0a0080366840c7f305654c
:104ef40053f8266053f8255080ea090048401032e0
:104f04007040964580ea050583d1ccf80040c8f886
:0c4f14000050bde8f08f00bf60530100aa
:020000040000fa
:020000040003f7
:104f2000002815db424b1b68984211d2414b1b688d
:104f300030b453f820506db114460c290ad8dfe87c
:104f400001f01025424b090954095e6570730c008d
:104f500000207047002030bc704785f88820012071
:104f6000f9e7002af6d01378517895f8862083f077
:104f7000010381f001011b0143ea411303f03003f7
:104f800022f03002134385f88630e8e7002ae1d0aa
:104f900095f88530127862f3861385f885305b06c4
:104fa000ddd5002385f87330638842f21072002b40
:104fb00008bf1346a5f86c302379002b08bf0623e1
:104fc00085f88030cbe7b2f5803fc3d2a1b224236d
:104fd00030bc0022ecf708b9b2f5803fbad230bc41
:104fe000182392b20021ecf7ffb895f88730003a09
:104ff00018bf012262f3410385f88730afe795f8c7
:10500000853062f3051385f88530a8e792b295f8ec
:105010008530003a18bf012262f3c71385f8853046
:105020009de785f881209ae785f8822097e700bf01
:08503000bcd30020ccd300200a
:020000040000fa
:020000040003f7
:10503800444b70b51e68002e7dd0044630680028a9
:1050480079d0002c72d02368002b6fd06368002bb6
:105058006cd01af067f8054600286fd00378db0794
:1050680061d56268016a2068013a1af063fed4e9e2
:1050780000321344002103f8011ceb69e36195f841
:10508800293023622b8813f080023cd02175726985
:10509800f169ab68002a42d0521a1344a36195f80b
:1050a8002600002845d0b4f810c0002308e029697c
:1050b800a26851f8231042f823100133834201d02b
:1050c8009c45f4d1636295f82710c9b1002114e01a
:1050d8006a69e36802eb011203eb0113d2f800e0fe
:1050e80056689068d268da60c3f800e05e6098603d
:1050f80095f8273001318b4202d9638a8b42e7d871
:10510800a162002070bd13f4807f14bf6ff0040308
:1051180001232375c4e90922a261002070bdaa6990
:1051280013445b1abae76ff0030070bd6ff0080014
:1051380070bd0346c6e76ff0050070bd6ff0020052
:0851480070bd00bf4cd4002033
:020000040000fa
:020000040003f7
:105150002de9f04f83b090f8a430d0f8ac20019244
:10516000002b4dd0d0f894e00546002606eb06173c
:105170000eeb870e0024d5f8a0202b6acee902445e
:1051800006eb8608e86932f82810cef810400422b1
:10519000bf004fea8809984700285ed0d5f8a030b4
:1051a000d5f894e033f809200eeb070103eb090b67
:1051b000d1f804a00860002a4cd0534600eb820cc2
:1051c0008c8740f8044b84451c605c6003f1080345
:1051d000f6d102f10052013ad2005244136843f072
:1051e000020313609bf81130012b0dd0019a2af0b5
:1051f0000303936195f8a4200136f3b29a42b5d81f
:10520000002003b0bde8f08ff4b2bbf802102246d4
:1052100028460af03df80028f3d1d5f8a02002eb8b
:10522000090103468988224628460af031f80028f9
:10523000e7d1d5f8a010024631f82830284621469b
:10524000f8f70efc0028dcd1d5f894e07744d7f8c5
:1052500004a0cbe76ff00702bfe74ff0ff3003b0c9
:04526000bde8f08f26
:020000040000fa
:020000040003f7
:10526400002a36d13749384b42891b8830b5054668
:10527400088829892c8a121a18bf01229942334bb3
:1052840089b01988eb6856d08c4242f0020204d0ef
:105294008c4228bf0c4642f008026cb12c49964659
:1052a4001c4401e0a34218d013f8010b11f8012ba0
:1052b4008242f7d04ef01002264b27481b6827493c
:1052c4001b6800685b689847254b00221a6009b088
:1052d40030bd234b00221a6070477246002aebd17e
:1052e40018f02cfb1f4b204a1b6814684ff47a718a
:1052f400c31a01fb03f3a34203a928bfb3fbf4f4cd
:105304004ff014024ff0000305f1040038bf0124ec
:105314008df80c3013f0f8ff0e4a144b11681a681c
:1053240008680d4945680868114901321a600094fb
:1053340003aba847c8e78c42aad1002caed1002aff
:10534400bad1cde7eed50020f0d5002072d70020e9
:10535400e893002010d40020f0d30020b41d0000f6
:10536400f4d30020dcd3002004d40020e4d30020b4
:04537400e01d000038
:020000040000fa
:020000040003f7
:105378002de9f047089cddf830e09846dde90a6c35
:105388009df8243064b1012c03d06ff0c800bde84b
:10539800f087cde909ce0896bde8f047faf794ba48
:1053a8009146002a6ad08a1e4ff6fd739a420f462c
:1053b80064d8b8f1010f027805463fd0022f08f1f2
:1053c800ff3157d07b1e03448c4601309246264657
:1053d80000f1020e10f8011f0139c91789b221ea3c
:1053e8000602aeeb050e02ea0e0e984244ea0e04df
:1053f80041ea0606ecd1c4f10a00c00ff6430138b1
:105408003f1b52466146f6b2c0b22c446d78c9f8cb
:105418000040a5eb0803491b013bdb0fc90f013a0c
:105428000139013bd20f0b43013a13431e4330436a
:10543800c0f3c01001383840bde8f087002aa4d175
:105448004378012ba1d1022303e0aa5cff2a8bb287
:1054580004d19f4203f101011a46f6d80a2b94d9c8
:105468001d4415f8012c002a8fd1c9f80050f81aec
:10547800bde8f087ff202c460646c7e76ff0ac0072
:0454880085e700bff5
:020000040000fa
:020000040003f7
:10548c0010b590f88c300446002b7fd194f939324a
:10549c00002b75dbe0680023636040b1d8301af054
:1054ac00bbfee06808b115f05dfc0023e36094f8e6
:1054bc003632da0750d594f84531002b4cd094f99c
:1054cc003832002b03db0121204607f099fbd4f87e
:1054dc004c0248b10bf080fcd4f84c0208b115f02a
:1054ec0041fc0023c4f84c32d4f86802002384f841
:1054fc00503248b117f032fcd4f8680208b115f0fc
:10550c0031fc0023c4f86832d4f86402002384f818
:10551c006e3248b117f022fcd4f8640208b115f0d1
:10552c0021fc0023c4f86432d4f85c02002384f814
:10553c00613248b117f012fcd4f85c0208b115f0d6
:10554c0011fc0023c4f85c32002384f8603220463e
:10555c00bde810400ff05cba94f83932db07aed5d9
:10556c00a06913f009f9a06908b115f0fbfb94f8d8
:10557c003932002262f30003a26184f839329ee7cb
:10558c006068002886d015f0edfb83e7002108f059
:04559c00a5fe7be706
:020000040000fa
:020000040003f7
:1055a0002de9f04790f84591b9f1020f04460e46f7
:1055b00002f0010a02f0020524d090f84971baf114
:1055c000000f04d1002d6bd10020bde8f0873a46d2
:1055d00000f5a670b84619f0cdfb002d52d1b4f8f5
:1055e0003c51f1192a4604f5c67019f0c3fbe919bc
:1055f000b4f83e21314404f5e67019f0bbfb0020fd
:10560000bde8f087b0f83c81baf1000f2cd000273c
:10561000f119424604f5c67019f0acfb4744002d61
:1056200040d04246f11904f5d67019f0a3fbb4f846
:105630003e51b84406eb08012a4604f5e67019f01d
:1056400099fb05eb08012a46314404f5ee7019f088
:1056500091fbb9f1020fb7d10023c4f8ec31c4f8c3
:10566000f0310020bde8f087002df5d05746f11944
:10567000424604f5d67019f07dfbb4f83e5108ebb4
:105680000701e0e73bb2f1195f00424604f5b6704e
:1056900019f070fbb4f83c81baf1000fb8d1e6e71d
:1056a000b846f2e7b4f83e21f11904f5e67019f0b6
:0456b00061fbcee7e5
:020000040000fa
:020000040003f7
:1056b40010b50446d0e900302f495b689847d4e917
:1056c40000302e495b689847d4e900302c495b6868
:1056d4009847d4e900302b495b689847d4e90030f7
:1056e40029495b689847d4e9003028495b689847a2
:1056f400d4e9003026495b689847d4e9003025494d
:105704005b689847d4e9003023495b689847d4e93b
:10571400003022495b689847d4e9003020495b682f
:105724009847d4e900301f495b689847d4e90030b2
:105734001d495b689847d4e900301c495b68984769
:10574400d4e900301a495b689847d4e90030194914
:105754005b689847d4e9003017495b689847d4e9f7
:10576400003016495b689847d4e9003014495b68f7
:10577400bde81040184700bf804a0000984a000066
:10578400cc4a0000044b0000444b00009c4b00003a
:10579400e84b0000444c0000884c0000cc4c000056
:1057a400144d0000584d0000984d0000f04d0000cd
:1057b400484e0000a04e0000ec4e0000244f0000b4
:0457c400744f00001e
:020000040000fa
:020000040003f7
:1057c8002de9f047404dd5f8006ad5f8043a01367e
:1057d80006f03f06b34282b051d040f2ee579742ee
:1057e800dff8ec8028bf1746d8f8e03e0446bfb281
:1057f800002941d00abb91466361d5f8003a84f884
:105808001b9003eb830305ebc30cd5f80c3a2283fa
:10581800a6460133c5f80c3abee80f00ace80f0005
:10582800bee80f00ace80f009ee80300c5f8006a68
:105838008ce8030002b0bde8f087c3f5bd406030d6
:105848008742ba4623d9d5f804cad5f8002a944520
:1058580031d0d5f8042a02eb820205ebc202526964
:10586800974228d982b24ff00109002ac4d0824653
:1058780017464ff001090ce03a468946bce7d5f8cf
:10588800083a0133c5f8083a02b0bde8f0874ff08e
:1058980000090e4801935246184419f067fa019b13
:1058a80045f6df629a44924588bf4ff0000ac8f86f
:1058b800e0ae3a46a0e705483a464ff0000919f02d
:1058c80055fa4b46f3e700bfd889002000000020b6
:0458d800005000205c
:020000040000fa
:020000040003f7
:1058dc0070b5402282b004460021083019f088fdd2
:1058ec00384b394805260025c4e9003601a9019535
:1058fc0002f0aafb019ba36001a93448019502f0b8
:10590c00a3fb019b236101a93148019502f09cfb8b
:10591c00019ba36101a92e48019502f095fb019b07
:10592c00236201a92b48019502f08efb019be360d9
:10593c0001a92648019502f087fb019b636101a92f
:10594c002548019502f080fb019be36101a92048e9
:10595c00019502f079fb214b01996162d3f8fc317e
:10596c001f484ff480622285252284f82a201a0cc5
:10597c0084f82b205abaa285a26ac4f82e20a28dd4
:10598c00628601330822c4e90d62c4e90f5584f81c
:10599c00333004f1ff3c04f143054ff0ff3200bffc
:1059ac001cf8013f08215a4042f30003034001391f
:1059bc0083ea5202f8d16545f2d1d243626402b057
:1059cc0070bd00bf524249540c3d00001c3d00000c
:1059dc002c3d00004c3d00005c3d00000060800050
:0459ec002083b8ed6f
:020000040000fa
:020000040003f7
:1059f00070b5044610f0b6fb70b3a068628f0369ff
:105a0000a18e13f0060f08bf43f0040313f0380f04
:105a100041ea020103f001021fd143f0200382b3e7
:105a200008229d0748bf42f480525e0701d542f428
:105a3000006242f4807242f001020a4001d1cd05b9
:105a400026d5036140f2011300208b432284e063da
:105a500035d0274bc4f81a3070bd03f0100522b3bf
:105a600003f02006002d3ed013f0020f44f208028e
:105a700008bf08225d0701d542f40052002ed8d09d
:105a8000cfe703f0020222bb40f601120a40d8d150
:105a9000184b19490020c4e9060302226280bde8c0
:105aa00070406ff005020ff065bd03f00202002d9b
:105ab000e9d09ab144f201120a40e9d0c1e70f21be
:105ac00020460cf06bf80028c6d00c4bc4f81a30f6
:105ad00070bd41f201120a40dad0b2e742f201127f
:105ae0000a40d5d0ade70822002ea2d099e700bf2a
:105af000040003000000faffcc02000004000200d2
:020000040000fa
:020000040003f7
:105b00002de9f04f0129466883b0054657dc012393
:105b100001934ff000080427dff8f09035e00369a7
:105b200098472a683249d2f804b0034652463046b4
:105b3000d8472a686369d2f804a0204698472d49bf
:105b400002463046d0472a68a369d2f804b02046fe
:105b50009847e369824620469847274903465246bc
:105b60003046d8472a68236a204654689847234914
:105b700002463046a0472b6821491b6830469847ab
:105b8000019b0133bb42019316d20021d8b259f8d0
:105b900023a019f02ffb04460028c0d11949524612
:105ba0003046b8f1000febd02b685b689847019b3b
:105bb0000133bb420193e8d303b0bde8f08f00236b
:105bc0005068019301aa0a2110f05cfc019b5a1e47
:105bd000022a03d85f1c4ff001089de72b680a4991
:105be0005b6803223046984703b0bde8f08f00bfe2
:105bf000641500009c150000c4150000fc15000091
:105c000014160000401500001c150000a0f504004b
:020000040000fa
:020000040003f7
:105c1000f0b5424b1d6885b0002d78d004460028b1
:105c200070d00378002b6dd00e46174619f0aef8f1
:105c30003f2867d86946204602f00cfa002844d174
:105c400069462046f1f7eef800283ed12146286843
:105c500010f056ff044600285cd0012e4bd01c2ebd
:105c600014bf03220222237894f82a0003f00201d1
:105c700023886fb3002938d1d70744bf002184f8a7
:105c80002610910748bf002123f0800348bf84f805
:105c900027109bb2024384f82860002184f82a2050
:105ca0002380eb6984f82b106a68a161c4e9023390
:105cb0001ab3022384f82c30eb8c01332146eb8499
:105cc0002846eaf733f905b0f0bd022005b0f0bd73
:105cd00059b932ea0001cfd11a0616d413f4807fe5
:105ce00014bf6ff004000120f0e723f4c07300211b
:105cf0009bb2e184cee73246b5e719f05fff43007f
:105d0000dbb2d7e76ff00800e0e73846dee76ff078
:105d10000500dbe76ff00700d8e700bf4cd4002098
:020000040000fa
:020000040003f7
:105d200000287bd02de9f0410c46904600294fd049
:105d30000546006e3f2874d86b6ed3186b6602d38d
:105d4000ab6e0133ab6605f1200668bb28f03f0758
:105d50002744bc4240d02146334604f1400e00bfe8
:105d6000d1f800c04c688868ca68da6010317145a3
:105d7000c3f800c05c60986003f11003f0d10c46da
:105d8000a8f1400805f11c0305f15c0153f8042f4c
:105d900012ba99421a60f9d131462846ecf7aafcaa
:105da0000028d6d0bde8f081c0f14007474528bfa4
:105db00047463a462146304418f0dcff2b6e3c44ff
:105dc000a8eb07081f44402f2f6612d00020bde724
:105dd00052bb0020bde8f0810028e3d1b8f1000fec
:105de000f7d042462146304618f0c4ffc5f860801f
:105df000efe705f11c0305f15c0100bf53f8042f28
:105e000012ba99421a60f9d131462846ecf772fc71
:105e100008b928669ae74ff0000897e76ff0ac00e2
:105e200070476ff08300bde76ff0ac00bae700bfca
:020000040000fa
:020000040003f7
:105e30002de9f843d0e92042d0f88830161b3344ce
:105e4000a41a54ea03020e446dd4002e6bddb34253
:105e500005460f4658db002c4cd10023c5e92043f2
:105e6000eb6fd5f828901c44b9f1000f16d04ff015
:105e70000a082b69324621462846c84700282bdaf3
:105e8000831d052b51d8dfe803f009031d200c0901
:105e900095f8363243f0100385f836322548bde8d0
:105ea000f883b8f1000f3add2b6893f93a30002bf4
:105eb00008f1ff3833da95f8413283bb95f8363272
:105ec0005b072cd4d5f82890d3e795f8363243f009
:105ed000080385f83632e1e786421ddbd5f88030cd
:105ee000c418bc42a6eb0006c5f88040b8d3002019
:105ef000bde8f883d5f884100029aed0e86f2246bb
:105f0000014414f0f5fea8e7224601f0e1fd002867
:105f1000a1da6ff07c00c2e70748bde8f8836ff4b0
:105f2000a170bde8f8830548b9e76ff4a173984202
:105f3000b4d1b4e7ccfeffff88feffffb8feffff41
:020000040000fa
:020000040003f7
:105f4000ffffffffffffffffffffffffffffffff61
:105f5000ffffffffffffffffffffffffffffffff51
:105f6000ffffffffffffffffffffffffffffffff41
:105f7000ff00010203040506070809fffffffffffa
:105f8000ffff0a0b0c0d0e0f10111213141516172c
:105f900018191a1b1c1d1e1f20212223ffffffffa3
:105fa000ffff0a0b0c0d0e0f10111213141516170c
:105fb00018191a1b1c1d1e1f20212223ffffffff83
:105fc000ffffffffffffffffffffffffffffffffe1
:105fd000ffffffffffffffffffffffffffffffffd1
:105fe000ffffffffffffffffffffffffffffffffc1
:105ff000ffffffffffffffffffffffffffffffffb1
:10600000ffffffffffffffffffffffffffffffffa0
:10601000ffffffffffffffffffffffffffffffff90
:10602000ffffffffffffffffffffffffffffffff80
:10603000ffffffffffffffffffffffffffffffff70
:0a604000ff0001020407030605003b
:020000040000fa
:020000040003f7
:10604c002de9f04fdff8fcb09bf81432012badf5c5
:10605c00037d05d0042210460df5037dbde8f08fbd
:10606c0000238bf814329bf80030002b57d0b0f57e
:10607c007e6f064658d2324b4fea9008a3fb083885
:10608c004fea58180df10c0a8946404651461746fe
:10609c0011f082fc0246002839d106eb4603c6eb10
:1060ac00c313c6ebc313c3f38d0141ea83339bb215
:1060bc00812b3ed935463744af4209dc27e0ab1b78
:1060cc000135adb21af8041009f80310bd421edafe
:1060dc001b49ab08a1fb03135b09c3ebc313a5eb73
:1060ec008304a4b2002cead19bf80030019208f191
:1060fc00010851461ffa88f88bb1b8f1070f13d875
:10610c00404611f049fc019a0028d8d002460123e0
:10611c008bf8143210460df5037dbde8f08f01238a
:10612c0004228bf81432f5e7012302228bf8143287
:10613c00f0e79af8003089f80030751cadb2bae778
:08614c000502814000bb0020a8
:020000040000fa
:020000040003f7
:106154002de9f0475c0482b01d46174647d4836d91
:10616400dff8f0a0b3f87630daf80420c3eb0313b9
:1061740002eb83080646d8f8000010f0bffc044682
:10618400002861d002780388920706d413f0c00f68
:1061940040d1032002b0bde8f0874ff0000965f359
:1061a4000f094fea191202f4807219f4005f18bf44
:1061b40042f4007223f0c003134303800125daf88c
:1061c4001430c360211d08f12400e58211f0f0fcb5
:1061d400a3681f4c3a680094002409f00f0130466c
:1061e400019403f051fc284602b0bde8f0870b4649
:1061f40000211b68126801911549009105f00f01f7
:1062040003f042fc00280cbf6ff00800062002b027
:10621400bde8f0870a9a22b1006910600a99a28a3f
:106224008a801b0601d40220b4e708f11408251d56
:10623400294640460cf06ef9daf81430e36029463a
:10624400404611f0b5fceee76ff00100a2e700bf95
:08625400a4d7002030ce002089
:020000040000fa
:020000040003f7
:10625c00f0b50129456887b004461edd5068037807
:10626c00752b06d0304918f00efe014610b307b05e
:10627c00f0bd4378702bf5d18678002ef2d13146e3
:10628c0030460bf03df901301ed0236827491b68be
:10629c00284607b0bde8f0401847036824491b683e
:1062ac0028469847234923681b68284607b0bde851
:1062bc00f04018470bf024f9431c064625d12368ff
:1062cc001d491b682846f1e71c4b22681b683bb331
:1062dc009c465768bce80f00ee46aee80f009ce801
:1062ec0003008ee8030028461549b8476946304636
:1062fc000bf006f9134a236813491b68b0f1ff3ff2
:10630c0008bf114628469847b1e7104f394615f09b
:10631c00affe0a4b30461f6018f0a2f80c49c2e7da
:10632c0013680c492846c1e71c260000981600008b
:10633c00581600007c160000f816000014d400203b
:10634c00cc1600002c16000040160000bcd100201a
:08635c0020170000ac16000040
:020000040000fa
:020000040003f7
:1063640030b43f4c646804f00704012c54d03d4c15
:106374000025206062606561a5612561002856d012
:10638400a160002a56d0e3600121354a2177117ead
:10639400490703d5916a117e4d07fbd430494a8bd6
:1063a40092b242f004024a830a7e42f080020a76e4
:1063b400a268e1688a4202d2e168891a2161284907
:1063c400486840070fd1a06982423fd922681278f9
:1063d4008a62a2690132a261d3b1214b04229a7567
:1063e400012030bc7047a2685208a260226952089a
:1063f4002261e2685208e260a068a26990421bd957
:10640400226812888a62a2690132a261002be4d157
:10641400134b01229a75e3e721b1cd0702d5002081
:1064240030bc7047002ba2d0dc07f8d49fe7a060f3
:10643400002aa8d1e260a7e72269002accd04ff64f
:10644400ff728a622269013a2261c5e72269002a41
:10645400c2d0ff228a622269013a2261bce700bfee
:08646400003000402cd00020a4
:020000040000fa
:020000040003f7
:10646c002de9f843002876d00c46904605460029c5
:10647c004fd000683f2871d86b68d3186b602ed250
:10648c0005f10c0690bbb8f13f0f57d9a8f14007a6
:10649c0027f03f07403727442346314604f1400e8e
:1064ac00d3f800c05c689868da68ca60103373452a
:1064bc00c1f800c04c60886001f11001f0d1314688
:1064cc0028461c46e0f726febc428146e4d108f083
:1064dc003f08b8f1000f27d14846bde8f883ab68f8
:1064ec000133ab6005f10c060028ccd0c0f140079d
:1064fc00474528bf474630443a46214618f034fcfd
:10650c002b683b44402b2b601cd03c44a8eb070869
:10651c00b9e702bb03683f2b8cbf6ff083094ff0c8
:10652c0000094846bde8f88339463046424618f023
:10653c001bfcc5f800804846bde8f88327464ff0a1
:10654c000009c6e731462846e0f7e4fd81460028fd
:10655c00c2d12860d9e76ff0ac09bde76ff08309b1
:04656c00bae700bfcb
:020000040000fa
:020000040003f7
:10657000012970b5044637dc2c4d236828782c4956
:106580002c4a5b68002818bf0a4660682a49984769
:106590002a4a236812785b6860681abb284a127816
:1065a000002a34d095f800c0264a2749bcf1000fd4
:1065b00018bf0a46254998472b7873b123682449a8
:1065c0005b6860689847d4e9003022495b68984767
:1065d000d4e9003020495b6898472046bde8704008
:1065e00008f060bd1d4ae5e71346002258681146d1
:1065f00018f022ff002814bf0120002002d0184b01
:106600001b7833b9174b1c600bf0b4fdb4e7164a86
:10661000d0e72368606815495b689847d4e9003083
:1066200013495b68bde87040184700bf21d60020c1
:10663000a8600000a4600000e48600001ed60020d0
:10664000c2d700202886000048860000048700008a
:106650001c87000064870000b0870000c085000030
:1066600022d600206cd50020f48500006c86000046
:04667000b8860000e8
:020000040000fa
:020000040003f7
:106674002de9f04fdff8f8804ff4067601fb06f6bb
:106684000d4608eb060187b00c69074654b9036848
:10669400314a5b6852f825203049406807b0bde8ac
:1066a400f04f18470868d1f804b005900023d1e9e9
:1066b40002019146224616f057f9802c06f1140186
:1066c400274e28bf8024a20041448246304618f059
:1066d4004ffb244b214604223046f8f7fdf96308aa
:1066e40014f0010434d1591e56f8232056f82130f1
:1066f4009b1864415b0843eac473b9f1000f10d0de
:10670400194a0599a2fb0101a2fb0b0ba2fb0a0a81
:10671400a2fb03328b0905934fea9b1b4fea9a1a9b
:106724009309cde902a3059b0093cdf804b0d7e902
:1067340000404ff4067202fb0588074b0b4953f8df
:1067440025206468d8f81030a04707b0bde8f08f62
:1067540056f82330d1e700bfdcc80400689e00006f
:1067640018c10020c1f3040089888888849e000031
:04677400e85e0020bb
:020000040000fa
:020000040003f7
:106778002de9f04fc3b000283ed00d46164604461a
:10678800c9b3cab30368032b6cd0abb343680133f6
:10679800052b31d803697bb3d3f8008013684fea1f
:1067a800480909f101094b4557d300f1180a504629
:1067b80015f0a4f904f510740746204615f09ef963
:1067c800b84583464bd3804549d304232b7040f208
:1067d800011200210deb030018f00cfea8eb0701d5
:1067e80001ab1944504619f0fffc074650b1384632
:1067f80043b0bde8f08f3abb6ff0a907384643b005
:10680800bde8f08f424601a9681c18f0affa394676
:1068180040f2011201a818f0edfd01aba8eb0b0145
:106828001944204619f0e0fc07460028dfd108f19a
:10683800010001a92844424618f098fa3846c6f8db
:10684800009043b0bde8f08f036973b11b685b002b
:10685800013333606ff0c907c9e7c2f800906ff0e1
:106868008307c4e76ff0f507c1e78523f1e700bfa9
:020000040000fa
:020000040003f7
:10687800637c777bf26b6fc53001672bfed7ab76f5
:10688800ca82c97dfa5947f0add4a2af9ca472c0a0
:10689800b7fd9326363ff7cc34a5e5f171d831150d
:1068a80004c723c31896059a071280e2eb27b2752e
:1068b80009832c1a1b6e5aa0523bd6b329e32f84a6
:1068c80053d100ed20fcb15b6acbbe394a4c58cf9e
:1068d800d0efaafb434d338545f9027f503c9fa872
:1068e80051a3408f929d38f5bcb6da2110fff3d240
:1068f800cd0c13ec5f974417c4a77e3d645d1973f4
:1069080060814fdc222a908846eeb814de5e0bdbed
:10691800e0323a0a4906245cc2d3ac629195e47924
:10692800e7c8376d8dd54ea96c56f4ea657aae087e
:10693800ba78252e1ca6b4c6e8dd741f4bbd8b8a19
:10694800703eb5664803f60e613557b986c11d9e7f
:10695800e1f8981169d98e949b1e87e9ce5528dff6
:106968008ca1890dbfe6426841992d0fb054bb1622
:020000040000fa
:020000040003f7
:1069780052096ad53036a538bf40a39e81f3d7fbac
:106988007ce339829b2fff87348e4344c4dee9cbf6
:10699800547b9432a6c2233dee4c950b42fac34e6b
:1069a800082ea16628d924b2765ba2496d8bd12521
:1069b80072f8f66486689816d4a45ccc5d65b692c5
:1069c8006c704850fdedb9da5e154657a78d9d8469
:1069d80090d8ab008cbcd30af7e45805b8b3450689
:1069e800d02c1e8fca3f0f02c1afbd0301138a6ba3
:1069f8003a9111414f67dcea97f2cfcef0b4e673d3
:106a080096ac7422e7ad3585e2f937e81c75df6e80
:106a180047f11a711d29c5896fb7620eaa18be1be6
:106a2800fc563e4bc6d279209adbc0fe78cd5af48c
:106a38001fdda8338807c731b11210592780ec5fd2
:106a480060517fa919b54a0d2de57a9f93c99cef2e
:106a5800a0e03b4dae2af5b0c8ebbb3c835399612f
:106a6800172b047eba77d626e169146355210c7d6d
:020000040000fa
:020000040003f7
:106a7800982f8a4291443771cffbc0b5a5dbb5e9a1
:106a88005bc25639f111f159a4823f92d55e1cab15
:106a980098aa07d8015b8312be853124c37d0c55a3
:106aa800745dbe72feb1de80a706dc9b74f19bc1eb
:106ab800c1699be48647beefc69dc10fcca10c24db
:106ac8006f2ce92daa84744adca9b05cda88f976bf
:106ad80052513e986dc631a8c82703b0c77f59bf29
:106ae800f30be0c64791a7d55163ca066729291455
:106af800850ab72738211b2efc6d2c4d130d3853f2
:106b080054730a65bb0a6a762ec9c281852c7292b3
:106b1800a1e8bfa24b661aa8708b4bc2a3516cc7e1
:106b280019e892d1240699d685350ef470a06a101a
:106b380016c1a419086c371e4c774827b5bcb03469
:106b4800b30c1c394aaad84e4fca9c5bf36f2e6807
:106b5800ee828f746f63a5781478c8840802c78c96
:106b6800faffbe90eb6c50a4f7a3f9bef27871c699
:020000040000fa
:020000040003f7
:106b7800f8b5384e3368002b5ed0d3e900540027af
:106b8800eb6820469847c0b12b6920469847712882
:106b98004ad035d8512847d0522833d000f0df00ea
:106ba80054284ad04328ebd100232b4a01271370dd
:106bb800eb68204698470028e6d1002f3fd014f014
:106bc80011ff264cc4e9000119f048f8d4e9003255
:106bd800234d1b1842f10002c4e900322b7833b967
:106be8003368d3e9001014224b681e4998471a4aa3
:106bf8003068117800232b70bde8f840f5f758bdd0
:106c08007228cbd14ff4c9520021174818f0f2fb73
:106c1800154b4ff0ff3203f5c9511a6003f506739f
:106c28008b42fad10127c3e733681049d3e9002022
:106c38005368984700233360f8bd0123b5e7074c34
:106c480014f0d0fe23689842636861eb03010029c1
:106c5800badaf8bdc4d5002029d6002090d3002088
:106c680028d6002090a10000e85e002074a1000052
:020000040000fa
:020000040003f7
:106c78002de9f04186b01f4600230593002972d004
:106c8800064600286fd09046002a6cd00c4605ab0b
:106c98003a46012505f0fefecde9007504ab224613
:106ca8003021304613f0eafa002859db3b4603aaa4
:106cb8002146304613f098fe002851db08f5805332
:106cc8002246c3f8485131463b46404611f0a2f8e7
:106cd800002842db3b462246314608f50a7011f08f
:106ce80099f8002839db3b462246314608f58a6088
:106cf80011f090f8002830db3b462246314608f573
:106d0800cf6011f087f8002827db3b462246314642
:106d180008f50a6011f07ef800281edb3b46224683
:106d2800314608f6c82011f075f8002815db3b46f7
:106d38002246314608f54f6011f06cf800280cdb4c
:106d48003b462246314608f6187011f063f80028d1
:106d580003db002006b0bde8f0816ff08e00f9e794
:0c6d68006ff08b00f6e76ff0ac00f3e773
:020000040000fa
:020000040003f7
:106d74002de9f047dff8f08098f8005004468dbb09
:106d840001290e461edd5068174629462a4618f08a
:106d940051fb0428814634d8022e44d02946b868d1
:106da4002a4618f047fb431eb3f5167f014621d24d
:106db400214a98f80030146093b94846bde8f0477a
:106dc400fcf702bf1c4b1d4a18601d4b1d48106088
:106dd4001d491e4a1d7001230d70157088f800307e
:106de400bde8f08703681a4a5b681a494068bde841
:106df400f04718472368606817495b68bde8f047a7
:106e040018472368606815495b6804229847d4e9e9
:106e1400003013495b689847d4e9003011495b6836
:106e2400bde8f0471847044a98f800301460294632
:106e3400002bc2d0d4e700bf4cd5002064d500207d
:106e44001cd60020fb08030015d6002019d600200c
:106e5400c06c0000d4030000a06e0000086e0000a7
:0c6e64002c6e0000786e00001ad6002092
:020000040000fa
:020000040003f7
:106e7000c8b910b53a4c01220b4684f8c82179b341
:106e800094f8b031012bdab23cd0022a0cd00023a6
:106e9000d4f8a01184f8b03184f8c8313148bde885
:106ea000104018f0e9b8704794f89a3194f89b2193
:106eb00094f89811013b9b1adbb28b4238bf013228
:106ec00094f89d3138bf84f89b2194f89e21013bb2
:106ed0009b1adbb2994284bf013284f89e21d6e727
:106ee0004ff48070d4f8a021a4f8cb010821a4f5b8
:106ef0008050a4f8bc3107f0f9fa94f8b031012bb6
:106f0000dab2c2d194f8193194f81a1194f8182110
:106f1000013b5b1adbb29342b9d2d4f81431013a87
:106f20000a4041f27a0000fb023303f58052b2f8c6
:106f30007820134403f6380293f8383858060bd4f7
:106f40009b0609d5d378c3f3440384f8c33113787f
:106f500003f01f0384f8c431013184f81a1196e755
:086f60000888002008780020d9
:020000040000fa
:020000040003f7
:106f68002de9f04fdff8e090d9f80070012f83b0d9
:106f780002d003b0bde8f08fdff8d0a0daf8003017
:106f8800002bf6dd0223dff8c880c9f80030838ab9
:106f98009f40d8f800300646abb1dff8b8b00024ff
:106fa800dbf8003053f8245045b1686c18f024fb26
:106fb800002803db012383403b420dd1d8f8003081
:106fc80001349c42ecd3b37d022b2cd00123c9f8a9
:106fd800003003b0bde8f08f95f8843095f8702044
:106fe80043f00101072a85f8841015d027d8023a02
:106ff800032a0ad82a682a61c5e902221421002234
:1070080028460193e1f7f8fd019b01934ff40051e5
:10701800284600f09df8019b95f8842063f3000250
:1070280085f88420cae7daf80040013ccaf8004035
:10703800002ccbd10af04ef9c9f8004099e7083a7c
:10704800012ae2d8d6e700bfc8d30020c4d3002065
:08705800bcd30020ccd30020c2
:020000040000fa
:020000040003f7
:1070600001292de9f047044659dd134600225868ee
:10707000114618f0e1f942f2ec23a0f13c029a42e9
:1070800005460ad923682e495d686068ac4642f21d
:107090002833bde8f0473c226047012017f0bcf9d7
:1070a000804600283ed01ffa85f900224946382044
:1070b00009f00afa074600283bd003699e6846613a
:1070c0004ff0ff333360b380404618f06bf820b1c7
:1070d0000368c6f80630838873814ef6fe53b38189
:1070e00006f10d020e2300bf02f8013f01339d425d
:1070f000fad13b691349a3f80c90134bbb600023f2
:10710000fb60d4e900302a465c684ff6ed63a04787
:10711000d8f850003946bde8f04708f0ffbd0368d5
:107120000a49b1e72368606809495b68bde8f04730
:1071300018472368606807495b68bde8f04718474f
:10714000e88300004484000035020500b483000099
:087150000c84000024840000ff
:020000040000fa
:020000040003f7
:107158002de9f047d0f88420394b1340012b044621
:1071680082b0806c26d018b194f87130012b48d0c9
:10717800b4f8763011ea0305d4e91e9614d0b9f1b3
:10718800000f11d0b4f97480676c204613f08cfaa4
:1071980033462a4639464046cc4602b0bde8f04759
:1071a8006047baf1000f20d0204602b0bde8f04792
:1071b80013f07aba94f8863018b194f87120012a3d
:1071c8001cd0b4f8763011ea0305d4e91e960cd029
:1071d800b9f1000f09d0b4f97480676c20460bf040
:1071e800ebfc002384f87030d2e720460bf0e4fc77
:1071f800002384f8703002b0bde8f08713f0030371
:10720800dfd19a46036a13f0080312d00023a3645f
:10721800b4f8763011ea0305d4e91e96c1d0b9f165
:10722800000fbed0b4f97480676cbaf1000fd5d0e6
:10723800abe7a364019114f0bdfa0199e8e700bf38
:047248000100000140
:020000040000fa
:020000040003f7
:10724c00022872d0012870b50c46154623d1002aad
:10725c0045d01668002e38d100232246194601204d
:10726c00f1f758f9421c37d0314b1b6853f82040ca
:10727c0094f871306664012b3ed0feb194f88730df
:10728c0043f0080384f8873094f8873043f01003f8
:10729c0084f8873070bd00230a461946f1f73af995
:1072ac00411c19d0224a126852f820400023636412
:1072bc00002defd094f87130012b2dd094f887303d
:1072cc0043f0100384f8873070bd002110460ff096
:1072dc0071fc06460028bfd14ff0ff3070bd13463d
:1072ec000a462946f1f716f9431cf5d0104b1b68da
:1072fc0053f820305d6470bd94f887302a6822649e
:10730c0043f0040384f88730002ed7d0dbb243f06f
:10731c00080384f88730d1e794f887302a68226410
:10732c0043f0040384f88730c8e74ff0ff30704710
:04733c00ccd300208e
:020000040000fa
:020000040003f7
:1073400000281cdb2de9f041384e0c46316888429c
:1073500082b010d2364f396851f820505db195f89f
:107360007010c81e022806d9082904d095f871109b
:1073700039b1a14205d0002002b0bde8f081002063
:107380007047002b3dd0012cf5d118460021019209
:1073900000930ff015fcdde9003280460028ead0aa
:1073a00092b3b5f85e10914212d0d6f800c0bcf18d
:1073b000000f0dd03f680021043f00bf57f8046f55
:1073c00001311eb1b6f85e009042d4d08c45f5d1a3
:1073d00085f87140c5f844800bb1012c1cd095f89c
:1073e0008430a5f85e20db0707d4eb8fa88fb5f8b3
:1073f0005c1003440b4453409ab2a5f86e20012060
:10740000bae7d5f84480cbe700930ff059fa009b18
:1074100002460028dcd1aee795f88710186828648a
:1074200041f0040385f88730d9e700bfbcd30020c2
:04743000ccd3002099
:020000040000fa
:020000040003f7
:107434000f21f8b5084616f097f900b9f8bd364b98
:107444001c6800f00200002cf8d000bb334e344d11
:1074540004e000bfb4f9240014f0e6f9b4f9240000
:1074640013f024fa40f2c663324629460028e5d0d8
:10747400b4f92600003818bf012016f005fdb4f950
:107484002630002be6d02046e2f7b4ffe2e715f001
:1074940053fc054616f064fa00232a4615f064faf4
:1074a4002668e061f3680746002bcfd000250ae088
:1074b400626902b98a698b68fb1a934221d2f36824
:1074c40001359d42c2d22946304617f02dfe03787d
:1074d4000146d807f3d50b881a06e9d4d805ca683b
:1074e4000dd4ba1a012aead991f82b2091f82c006c
:1074f400cf60904209d843f480730b80dfe7974252
:10750400ddd0204612f0cefdd9e7013281f82b20e0
:107514002046e8f709fdd2e74cd400205cea0400d9
:047524008c320000a5
:020000040000fa
:020000040003f7
:107528003549364a364b0020087493625368d906a9
:10753800fcd44223c2f8843030494ff4fa6301e0a6
:10754800013b03d0d1f884205206f9d52d490023f8
:1075580077228b634ff4fa634a6301e0013b02d060
:10756800ca6b5007fad42749022381f830304ff408
:10757800fa6301e0013b02d0ca6b9207fad42149b1
:107588004ff4fa6201e0013a04d00b6c03f00303f4
:10759800032bf8d11c4a01235371d378d807fcd5a3
:1075a800164a1a4b136253685907fcd4184b1348f0
:1075b800536243681b07fcd441231049c0f89c3030
:1075c800d1f89c305806fbd541230c4ac1f8a030ad
:1075d800d2f8a0305906fbd541230849c2f8a43097
:1075e800d1f8a4305b06fbd5074b6ff07f4147f21b
:1075f800ff7219615a61704700140040001c004076
:10760800060130000010004000080040070101009a
:047618000701020064
:020000040000fa
:020000040003f7
:10761c00816870b501f2bb1115460122044618f0c1
:10762c00fdfd58b194f83932b0f86420c3f3400131
:10763c0091420fd003f0020342b92bb194f83532ca
:10764c0023f0100384f83532002070bd002bfbd1e1
:10765c002a4870bd298800294ed090f866202b1d31
:10766c004ff0000c06e000bf0cf1020c8c4503f14e
:10767c00020308da93f800e09645f5d15e7890f8ad
:10768c0067e07645f0d1614536d094f83532db06ab
:10769c001ed42946204607f0adfc00282cdba1683f
:1076ac00a069202201f5bd71f8f706ff0028ccd1a6
:1076bc00204604f073f994f83922b0fa80f35b0990
:1076cc0063f386120d2384f8392284f83f3270bd9f
:1076dc0084f83c2290f8673084f83d322046f3f76a
:1076ec0001f80028b1d16a8805f59871204606f09a
:1076fc004bfe0028d3d070bd014870bd62feffff69
:04770c000cfeffff71
:020000040000fa
:020000040003f7
:107710002de9f0410229d0f8048086b004460cdc43
:1077200003682e491b684046984723682c491b680c
:10773000404606b0bde8f041184750680d46164671
:107740000df0a6fb074600282dd090f842305b06ce
:1077500007d4236823491b68404606b0bde8f041c2
:107760001847b06801a900f075fc08b3384618f056
:1077700037fa38bb032d19d0f06802a900f06afc73
:1077800030b302aa01a9012338460ff079fa16494d
:107790002368164a1b68002818bf114640469847c0
:1077a00006b0bde8f08123681149d4e70246e9e755
:1077b00002a9b068eff736fb23680e491b68404604
:1077c0009847ede723680c491b6840469847e7e770
:1077d00023680a491b6840469847e1e7481a0000b9
:1077e000901a0000c01a0000301a00001c1a000095
:1077f00070170000fc190000dc1a0000241b0000b8
:020000040000fa
:020000040003f7
:1078000070b5d0f8d02090f8d93056680446002bd7
:107810004fd094f8da10324a0129137802d0013b94
:10782000dbb21370002b4bd02e4ad4f8d010a21a22
:10783000d210c2ebc213012002ebc30384f8da00ba
:10784000c3eb833302eb03120b6827495b6802eb3f
:1078500082052a463046984740f2b45240f2be5361
:107860009fed1b7ba4f8de20e3602a460023d4f8ba
:10787000d05084f8d93084f8dc302d681b496d680d
:10788000c4f8943084ed087b9fed137bc4e92a3360
:10789000c4e92c33c4f89830c4f8c03084ed0a7bb6
:1078a00084ed0c7b84ed287b30462b46bde8704090
:1078b00018470221f1f732fd012384f8d930a8e7f7
:1078c0004ff480711f2015f051ffade7aff300803a
:1078d00000000000000000000000000000000000a8
:1078e000e9d50020b8c70020e02a0000102b0000d6
:020000040000fa
:020000040003f7
:1078f000002848db374b1b68984244da364b30b5da
:107900001b6853f8204083b0002c60d094f83d30c1
:1079100013f0300f42d094f83e2022f0020284f897
:107920003e2013f04002c3f3011008bf62621b0641
:1079300084f85c0007d494f83c30002203f03f0345
:10794000a26184f83c30254be26b934304bf0023d3
:107950002385d1b104f1400501e015f06bf928460b
:1079600016f054fa09226ff010010028f5d12046d4
:1079700011f0e6f994f83e3043f00203012084f858
:107980003e3003b030bd00207047e16a0029f1d0dd
:107990000128efd120460af0ddfaebe794f85c20ed
:1079a000012a02d00022e260b5e7e0680028f9d0a1
:1079b000026a1207f6d4019113f000ffb4f85620c2
:1079c00094f83d300199013aa4f85620eae72046a0
:1079d000d7e700bf94d4002098d400200400800092
:020000040000fa
:020000040003f7
:1079e0002de9f041069d1c467bb1002d0ddd0e46b4
:1079f00059b1002a09dd0b782e2b06d0954204dc04
:107a0000411e012904d9042816d00020bde8f081c8
:107a1000012828d0521b1644671901e0a74220d044
:107a200016f8010b17f033ff054614f8010b17f099
:107a30002eff8542f2d0e8e72a462146304616f06e
:107a4000d4f8b0fa80f04009e0e78d4233dd01312f
:107a5000bcf12e0fa2eb010207f10206dad0002ad8
:107a600016dc0120d2e794f800c0bcf12e0f27d01d
:107a7000bcf1400f0cd02046002101e08d4209dd11
:107a800010f8017f402f01f10101f7d18d4201dd96
:107a90001546c1e7402b18d006eb05083346c6f162
:107aa000010e00bf03eb0e011f4613f8010f402823
:107ab000cbd04345f6d1bcf12e0fabd01546abe78a
:107ac000402be9d10136013aa4e70136013ac6e775
:020000040000fa
:020000040003f7
:107ad0002de9f84390f8365252ea0103c5f38005c8
:107ae00067d457182d010446e81990460ff022fe7e
:107af0000646002860d025b30336b8f1000f2bd11d
:107b000094f88c30abb3d4f87c9094f88d30a9eb1a
:107b1000030094f8243213b194f85d306bbb08b1c4
:107b200013f026f9012384f88c3005b103250020d9
:107b3000c4e9210784f88d50e667c4f88080bde869
:107b4000f883b8f1000f27d194f88c30002bdad1ec
:107b5000012384f88c30eae7d4f87c90d4f88410c0
:107b600042464944304617f005f994f88c30002b12
:107b7000cbd1012384f88c30d8e7d4f88820002ab0
:107b8000cdd002440021017001309042fbd194f825
:107b90008d20e36f981ac2e7d4f87c90d4f8841053
:107ba0004246494417f0e6f894f88c30002bcfd0c9
:107bb000abe76ff0ac00c2e76ff07c00bfe700bf3f
:020000040000fa
:020000040003f7
:107bc0002de9f041384c65680026b64605f50050b1
:107bd000a95b4ff6ff7291420ef1100706d0202fdd
:107be00004d00388934201d0994233d0202f06f568
:107bf00000564ff0100eebd1294600230a88072ac1
:107c000098bf121901f5007198bf13720133202b30
:107c1000f4d14ff6ff7626822b460122198803f510
:107c20000073b14218bf00229842f7d1002a37d121
:107c30000346012205f580404ff6ff75198803f5cc
:107c40000073a94218bf00228342f7d1012342bb2f
:107c5000bde8f081ab1903f58051b1f800801a88b6
:107c6000424503f500730fd0b1f800c294450bd024
:107c70008b42f4d115f0e6fd17f01afd0028fbd178
:107c8000656805f50050b1e705eb4e2015f0dafd0b
:107c900017f00efd0028fbd1656805f50050a5e73b
:0c7ca00000232382d4e700bf00bb0020bb
:020000040000fa
:020000040003f7
:107cac002de9f84300286ed0884600296bd0144685
:107cbc00002a68d01e46002b4bd01d0763d1d0f88c
:107ccc0034710237054647d1360942d008eb061607
:107cdc0008f10f070f3605f5847820686168a268f3
:107cec00e368c8f80c30a7f10f09c8f80000c8f811
:107cfc000410c8f8082041464a462846ebf73cf8e1
:107d0c0040bb05f1f80040ea090919f0030f2bd12b
:107d1c00a7f1130305f1f401a7f1030e53f8042f97
:107d2c0051f804cf734582ea0c021a60f6d1103771
:107d3c00d8f800c0d8f80410d8f80820d8f80c30bf
:107d4c00c5f8f8c0b74204f1100441608260c3600a
:107d5c00c3d10020bde8f88307f074fc6ff487737f
:107d6c009842b1d0bde8f883a7f1100305f1f702f2
:107d7c0013f801cf12f8011fbb428cea010c83f8f7
:0c7d8c0000c0f5d1d3e76ff0ac00e3e7d6
:020000040000fa
:020000040003f7
:107d980070b54d680b68384e290a2d0205f0ff258d
:107da80001f0ff1129431bba83ea313c0cf0f03c87
:107db80083ea0c038cea313c83ea3c51154601ea1c
:107dc8000602534082ea3c5283eab24101f0333161
:107dd8004b4081eab24183eab11202f0ff125340ec
:107de80082eab11283eaf25101f0aa314b4082b023
:107df8004feaf37381eaf251cde9003104460246b5
:107e080001a96846fcf7faff04f18002694601a857
:107e1800fcf7f4ff04f5807201a96846fcf7eeff51
:107e2800dde9001381ea730202f0aa32514082eac6
:107e3800730383ea712202f0ff12534082ea71222f
:107e480083eab26101f033314b4081eab26183eadf
:107e5800b1323240534082eab13283ea323101f022
:107e6800f03181ea32324b404fea321212ba1bba71
:0c7e78002b606a6002b070bd0000ffffcc
:020000040000fa
:020000040003f7
:107e8400f8b5364da8421cd1037e0446d80718d550
:107e9400d4f8b060e0683369984794f91430012b42
:107ea40014d0b5f8d8305a070cd595f8db30012b2f
:107eb40007d12a484ff0ff3109f0b0f8002385f8c4
:107ec400db30f8bd2b7edb06f3d5eee72769f369db
:107ed400384698470128f4d0336a3846984706460e
:107ee40058bb2b7eb5f8a82043f00403d1072b76aa
:107ef4001ed412f0020fa98f14bf0f2200222846ad
:107f04000af0bef915f01afd286414f015ffb5f84f
:107f1400a630134a00fb03f303f2e733a2fb032367
:107f2400002102229b0985f84e102a756b64f8bd66
:107f3400dbb243f008032b76e4e72046f4f77efe39
:107f4400ff23237517f086fe0028bad017f07cfeb5
:107f540032460449bde8f8400df00abb2cd6002097
:087f6400d34d6210ec02000095
:020000040000fa
:020000040003f7
:107f6c002de9f843031e37db0d46334909688b4274
:107f7c0032d23249096851f82360002e42d0d6e93a
:107f8c00070188423bd2b3695c1a7369c01a044476
:107f9c000134a4b20cb3a24228bf2246b769881898
:107fac00b842904691461bd82db128464a4612f04d
:107fbc00f9fb306a4844306230460ff019fd48b97d
:107fcc00a4eb0804a04596f884301ddb43f0800335
:107fdc0086f88430444600e000242046bde8f8834f
:107fec007f1a0137bfb2d21b1ffa82f90db3284694
:107ffc003a4612f0d7fb716931623d44d5e7401a1d
:10800c0084b2c7e73446e8e75a07e3d443f00403e5
:10801c0086f8843015f08efc094b1b68c82202fbd5
:10802c0003f3084aa2fb032300eb9310b06244460f
:10803c00d3e770694844bee7bcd30020ccd3002002
:08804c00acd30020d34d6210fb
:020000040000fa
:020000040003f7
:1080540009b100230b60002869d010b5047882b000
:10806400002c61d04ff0000c0130e646634600bf9f
:10807400a4f13002d2b2002b52d0032b28d02e2ce4
:1080840028d0092a50d810f8014b01334fea0c2ca0
:10809400dbb262f3070c002cead1bef1030f43d12b
:1080a400244b9c4540d8ccf30742ccf3072302eb86
:1080b400820203eb830302eb82025b0003eb820385
:1080c40063448df8073009b1019b0b6001202ce05b
:1080d4002e2c29d1174b9c4526d80ef108030deb05
:1080e4000304ccf3074303eb830303eb8302ccf3d6
:1080f400072303eb83035b0003eb8203634404f86d
:10810400043c10f8012b0ef1010e5ffa8efe4ff0c5
:10811400000c002ac1d0bef1040f05d0303ad2b20f
:10812400092a01d80023aee7002002b010bd0020c8
:08813400704700bf05050200c1
:020000040000fa
:020000040003f7
:10813c002de9f84322f00f0417460e4605469946e2
:10814c000c448846a04539d049ea08039a071ad14d
:10815c00a9f1040ca8f1040309f10c015cf8040f5b
:10816c0053f8042f8c4580ea0200ccf80000f5d1be
:10817c004a464946284608f11008e5f7fbfb00285b
:10818c00e0d0bde8f88309f1ff3c08f1ff3309f1b9
:10819c000f0100bf1cf801ef13f8012f8c458eea7c
:1081ac00020e8cf800e0f5d14a464946284608f103
:1081bc001008e5f7dffb0028c4d0e2e73e44b6eb3d
:1081cc000800ded049ea080303439b074a4614d152
:1081dc0080080bd0a8f1040809eb8003106858f84c
:1081ec00041f414042f8041b9342f7d14a464946ca
:1081fc002846bde8f843e5f7bdbb09f1ff3308f1ac
:10820c00ff38184413f8012f18f8011f834282ea33
:08821c0001021a70f6d1e9e736
:020000040000fa
:020000040003f7
:108224002de9f041044640680b440244187915795d
:10823400a8425ad156790f465979b14255d10022f4
:10824400e2f788fb18b194f83732d8074dd50122ec
:1082540031462846e2f77efb18b194f837325907c5
:1082640043d5022231462846e2f774fbc8bb0322f9
:1082740031462846e2f76efb18b194f83732db0634
:1082840033d594f8343204223146284603f00108e9
:10829400e2f760fb10b1b8f1000f26d00522314699
:1082a4002846e2f757fb30b1164bd4f8342213407a
:1082b400b3f1006f19d0062231462846e2f74afb93
:1082c400b8b984f83c5284f83d622046f2f70efabd
:1082d40068b97a8807f598712046bde8f04106f040
:1082e40057b894f837329a07c1d46ff4fa70bde8de
:1082f400f08194f83831032be3d194f83931022b0f
:08830400dfd8f2e76000000879
:020000040000fa
:020000040003f7
:10830c002de9f04fc1b01546019119685b68ddf895
:10831c0030b10591dde94a82cde9063007460646c3
:10832c004ff0010a059b0293012b01d1069b5bb117
:10833c004fea880903925bf80940341b3946204602
:10834c00a8470028039a11dc002a4ad1019852460a
:10835c0007a90ef0bfff0199cdf828b143462a4674
:10836c00304641b0bde8f04f0cf03abcaab107abb7
:10837c0043f82a40029b5e1e96faa6f6b6fa86f6db
:10838c0016f01f0620d0314605a815f0d7f8b044da
:10839c000af1010a26460022c4e7b8f1010fe6dd16
:1083ac00019b58420beb0903214653f8083ca0eb08
:1083bc0003093044a8470028b144c7da214648468f
:1083cc00a8470028d3dbc1e7069b93faa3f3b3fac3
:1083dc0083f303f01f0303f12002002b18bf164692
:0883ec00d1e741b0bde8f08fbc
:020000040000fa
:020000040003f7
:1083f4002de9f041034686b05d68344f08460024f9
:108404000e46059410f0dafd17f0c6fe2b7938708d
:10841400012bd5f8f00008bf2c7105a912f0e6f87d
:108424008046002836d034690599002c4ad00023b0
:108434008c461a468e4601e0904533d0a189a06847
:108444002468ccf800000b440132acf80410d2b21a
:108454009bb20cf1080c002ceed17146d5f88000cb
:108464001b4c0130c5f88000306a40f008003062cf
:10847400d5f8f00001940024029600940df0d4fe87
:10848400b8b9d5f88020336a013a23f00803c5f857
:1084940080203362d5f888300133c5f888306ff016
:1084a4000b0406e0d5f8843001336ff00504c5f8f9
:1084b4008430012338782b7117f070fe204606b003
:1084c400bde8f08123462246c8e700bf9fd10020c3
:0484d40041be0400a1
:020000040000fa
:020000040003f7
:1084d8000378002b39d070b590f91030022b044680
:1084e80032d1066a3249b2697420c2f3072300fb0d
:1084f8000311d3b2cd6803eb830305ebc30595f9ec
:108508001c104b1c10d0c1f34a1000f502006a7f02
:1085180000f5807001f01f010123c00103fa01f189
:10852800a2b917f02ffeb2696b6a934214d0236a7e
:108538002bb10022196a21625a751a621a70256acb
:1085480015b16b7d012b23d070bd704717f01cfe51
:10855800b2696b6a9342ead101233375236af169e0
:108568002bb11a6a226200225a751a621a706e6852
:10857800002ee4d094f82630013384f82630aa6817
:108588000120b04794f82630013b84f82630d6e71e
:10859800284602f037f802236b7562692b69546824
:1085a8006a68d5e90201a446bde87040604700bf8b
:0485b80050cc002083
:020000040000fa
:020000040003f7
:1085bc002de9f04f85b00df1040840461e460d46de
:1085cc00174617f0e9fa2e48dff8b4a013f036fd81
:1085dc00002eacbf6ff004096ff00309284815f0aa
:1085ec000ffc044640b32079012801d0022838d171
:1085fc006079d4f808b015f009ffe2682b689a424c
:10860c0024d1002e27dbdbf814303a681a60ba88c4
:10861c009a800023cbf80030e8b1594610f0bcfe2c
:10862c00002818db2146174816f01efa144815f0de
:10863c00e7fb04460028d6d198e807008ae8070033
:10864c000f4815f0fdfb05b0bde8f08f2146404604
:10865c0016f00afac2e703224946584614f0e4fa27
:10866c00e0e7094a094940f6b62300200cf07cffec
:10867c00074a1368002bfcd105b0bde8f08f00bf92
:10868c0080d20020c8d2002064ee0400f03100003b
:04869c0028d40020be
:020000040000fa
:020000040003f7
:1086a0002de9f047dff8d8a0daf80030002b84b0cd
:1086b00002dc04b0bde8f08780460df104094846ad
:1086c000d8f81050294e17f06dfa284813f0bcfc6a
:1086d000304615f09bfb0446a8b12379012b01d04d
:1086e000022b37d16079a76815f096fe15b3854245
:1086f00020d02146484616f0bdf9304615f086fbdd
:1087000004460028e9d199e8070086e807001748e1
:1087100015f09cfb98f81630022bcad1daf800301d
:10872000013bcaf80030002bc3d104b0bde8f047cc
:108730000df076be2379013b012b04d90c4821466c
:1087400016f098f9c4e7384603226ff0040114f0dc
:1087500071faf3e7074a084940f22e4300200cf073
:1087600009ff064a1368002bfcd1d3e780d2002012
:10877000c8d200202cea0400f031000028d40020e8
:0487800034d40020cd
:020000040000fa
:020000040003f7
:10878400837d032b45d02de9f0412c4f3e68002e0c
:1087940037d183680446002b36d00d46002936d0e5
:1087a400dff8bc8017f0f8fc012388f8003017f0dc
:1087b400f5fc32462249234e092011f0d9fc3060e1
:1087c40028b3a068298883680422984748b33b6883
:1087d400a268698801333b601b4b1a601b4b2a88d3
:1087e4001a601b4b1b4a1860118017f0d5fc98f8cf
:1087f4000030013388f8003017f0d0fc0120bde8c8
:10880400f08101363e60f9e717f024fa18b9002028
:10881400f5e70120704717f017fa0f490cf0a8fe8e
:10882400f5e717f017fa18b9306816f0effeeee71f
:1088340017f00afa09490cf09bfef5e78cd40020e6
:1088440049b3020088d4002090d4002094d400209e
:1088540098d40020f6d50020683800008c38000039
:04886400fad5002021
:020000040000fa
:020000040003f7
:1088680000282de9f84351db344b1b6898424dda58
:108878001546002a4ad0324b1b6853f82040002c7a
:1088880044d0276b8846002f4fd0e28e0026002a5e
:1088980034d09542276b294628bf1146002f36d081
:1088a800a38e9942894628bf9946b9f1000f31d065
:1088b800b8f1000f07d04a464046a16b11f074ff8b
:1088c800e28ea38ec844a16ba2eb0902a3eb0903b5
:1088d800a5eb09054e4492b29bb24944adb2b6b27b
:1088e800e286a386a16333b93b682363c3b1998940
:1088f8009b68a363a186002dc9d142b994f83e3084
:10890800db0704d5204610f017fa00e000263046b1
:10891800bde8f883002bc1d13b682363002be6d167
:10892800a386a363002db2d1e7e794f83e30da07b7
:10893800abd5204610f000faa7e700bf94d400207a
:0489480098d400209f
:020000040000fa
:020000040003f7
:10894c002de9f043344a002964d0344e344f0123ce
:10895c0000f1ff3ea0f1020818e09568d068d2f84b
:10896c0010c06c1c644528bf0024a04234d0706831
:10897c001ef803c000f0070001283bd007f805c023
:10898c009942946003f1010025d90346746804f000
:10899c00070cbcf1010f03f1ff39ded19068d568eb
:1089ac00d2f810c0441c644528bf0024a54213d043
:1089bc00d6f8049018f813501ef813c009f00709e4
:1089cc00b9f1010f45ea0c2c1bd099423d5494602f
:1089dc0003f10100d9d899469168d36899423cbffc
:1089ec0012698918cb1a13b10c4b01229a7548469f
:1089fc00bde8f08307f815c06d00013500207855ef
:108a0c00bee707f81050400001304fea1c2c07f865
:108a1c0000c0b5e78946dfe748cf002000340040ae
:048a2c00e8a7002097
:020000040000fa
:020000040003f7
:108a3000f8b504460df096fb00283ad0a368a08e46
:108a40005d7894f82030668ca78cb4f826e013f09b
:108a500001022fd113f010010ebf4ff0030c11468d
:108a60004ff00b0c1ef4006f01d0bb0547d41ef471
:108a7000806f04d0ff0502d50c2000230ee03040ab
:108a800010f480732dd0122042ea01032b402a43b8
:108a90005b42114003f0080343ea8103a26a1ab162
:108aa000a2f800c0508013710023c4e906330222eb
:108ab0006280f8bd16f4005f4fea162314bf4ff032
:108ac000050c4ff0010c13f004011cbf4cf0100c0e
:108ad000114613f00802c5d04cf0200cc5f340023b
:108ae000c0e706060dd410f040030cd110f02000b2
:108af0000bd12cf0010c4cf4005c0346cee70a20ad
:108b0000c2e71420cae72220bee72420c6e700bf40
:020000040000fa
:020000040003f7
:108b100070b5304b8668858b9e420cbf1e46002682
:108b2000012d044615d0022d07d0ddb94ff40042c7
:108b3000294609f0bbf810bb70bd0df013fb0028ef
:108b4000fad094f93530002b2edb0423c4f81a3008
:108b500070bd002109f022f80028edd01e4bc4f8aa
:108b60001a3070bd1d4b1e490020c4e906030222c5
:108b70006280bde870406ff00b020cf0fbbc194b3b
:108b8000c4f81a3014f0daf8054614f0d9fe326a47
:108b9000154b126802fb05f505f2e735a3fb053519
:108ba00000eb9510e06270bd14f0cafee36a9842d3
:108bb00003d20c4bc4f81a3070bd0c4b65800020fa
:108bc000c4e906030649bde870406ff002020cf0ec
:108bd000d1bc00bfc4cc0020030002000000f4ffa1
:108be000cc02000003000100d34d62100000fdff25
:020000040000fa
:020000040003f7
:108bf0002de9f04790f8a430d0f8ac90002b61d06c
:108c0000d0f894100546d0f8a0004ff0000800bf3f
:108c100008eb880700eb870208eb081601eb8603d8
:108c200052890024c3e90644c3e90c44c3e909445a
:108c3000b6001c629c63dc62bf0082b945e0106034
:108c40005863d5f8a0009a6b00eb070c0134bcf810
:108c50000ae01ffa84fc0132e6459a631bd95a697f
:108c6000e86902ebc4024ff0000a4ff08021c3f81c
:108c70003ea02b6ac2f800a051600c220121984747
:108c8000d5f89410c0f800a08b195a6b002ad6d1e1
:108c9000c3e90c00d5e76ff0604212fa84f4e400f7
:108ca0005b691c4423f00303626842f08042626007
:108cb000c9f81c3095f8a43008f101085ffa88f66d
:108cc000b342a5d80020bde8f0876ff00704e7e7be
:020000040000fa
:020000040003f7
:108cd000f8b5354d6b686c6b9b69984768616b693b
:108ce0002869d5e90a67834298bf03f58033181acb
:108cf000821947f10003c5e90a23002c33d095f807
:108d00003030013385f8303012f018fa6c6b9cb1ba
:108d10000126a36883b9a378267566756bbbe368e3
:108d2000002b33d0e06905f0d5f8e3680bb120697a
:108d300098476c6b002cecd11c4f00243e4600bfc2
:108d400007eb441300215a7d1ab15975b278012af4
:108d500024d00134052c06f12006f1d195f83030ed
:108d6000013b85f8303017f019fa04460af098fdf7
:108d70002046bde8f84017f013ba204610f0aafbd1
:108d8000a278e368002ad1d16270cfe7204610f0c4
:108d9000a1fba378002bccd16370cae772689a60fc
:108da00030460bf0c5fad4e788cf00200cca00206b
:020000040000fa
:020000040003f7
:108db0002de9f04f83b0dde9107addf838c09df879
:108dc00030e0ddf834809df83c90ddf848b001904b
:108dd000bcf1000f12d0bcf1010f04d06ff0c8003d
:108de00003b0bde8f08fcde90fabcde90d97cdf81d
:108df000308003b0bde8f04ff4f77cbc1c46019b0b
:108e0000002b42d00e4600293fd01546002a3cd008
:108e1000002c3ad0a4f10b039942dfd89146bef161
:108e2000010f09f801cb04f1ff3a82f801e002f1e9
:108e3000020123d0023ca41b40462246f7f742fb26
:108e40000028cdd1012c0ad9019f2a194b460120b7
:108e500013f8011f01b918709342f9d10197aaebd9
:108e6000060a0024019905f80a40324609eb0a0077
:108e700015f080ff204603b0bde8f08fe21e921b84
:108e80000846ff2116f0bafae9e76ff0ac00a7e751
:020000040000fa
:020000040003f7
:108e90002de9f04184b0064612f0a8fd07460c46c5
:108ea00016f0e0fe0546002855d00246002338465d
:108eb000214613f05bfd2a4a00230c46054613f0b9
:108ec00055fd19460746002310464ff4616213f022
:108ed0004dfd214680464ff461622846002313f081
:108ee00045fd2048d11841f10001a0fb01ec4feafb
:108ef000dc0ccceb0c1ca1eb0c01521a63f100034f
:108f0000291941f10001a0fb0140c008c0eb00108d
:108f1000154c091a691aa1fb04104ff0ee3002fb40
:108f200000f004fb03038908a2fb0424c1eb011138
:108f300023449208a5eb810142ea8372cde9011531
:108f40000092d6e900200949546843463a46a047b2
:108f500004b0bde8f0810146024680460746ede7d1
:108f60008051010089888888efeeeeeef052000013
:020000040000fa
:020000040003f7
:108f7000244b25491a780868002a31d030b4234997
:108f8000234d244c00221a700b782a70227003bbe8
:108f9000214a224c1460224c4ff480422260214c22
:108fa0002360214c2360214c2260214c012222703d
:108fb000204c2370204c2270204c214a23701370c7
:108fc00003230b70c8b103681e495b68406830bc5e
:108fd000184758b103681c495b68406830bc1847a3
:108fe00040b1036819495b684068184730bc1649ae
:108ff0000cf0c0ba15490cf0bdba30bc11490cf0e8
:10900000b9ba00bf0fd600204cd500201ad60020d8
:109010000ed6002008d6002064d50020a000040051
:109020005cd5002060d5002048d5002044d5002024
:1090300016d6002015d6002017d600201cd60020fa
:1090400019d60020487100006471000030710000e2
:020000040000fa
:020000040003f7
:10905000f8b5002849d1304c2378002b4bd10122a0
:1090600040f20110a4f8700084f87220d1e9015692
:109070004869d1f800c0e060886a8f69e061c86a19
:10908000a061c4e90b564ff0ff3084f8263023620c
:10909000a284a062c4f814c02280a760d1e903278b
:1090a000c4e90d27d1e907e24f6a6360c4e913e21e
:1090b00067650a6b84f86430c4e91a33174be265bc
:1090c0008542c3e90000c3e9020005d0864203d00f
:1090d000022323740020f8bddcf80c3010480e4940
:1090e0009847022323740020f5e716f0b5fd60b918
:1090f0004ff0ff30f8bd16f0affd0028f8d016f0a5
:10910000a5fd084913f02afbf2e716f09ffd06497a
:1091100013f024fbece700bf50cc002060d200200d
:0c912000d9840300d00a0000b80a000047
:020000040000fa
:020000040003f7
:10912c002de9f0410229d0f8048082b004460cdc11
:10913c0003682a491b6840469847236828491b68de
:10914c00404602b0bde8f041184750680d4616463f
:10915c000bf098fe074658b3b0686946fef774ffeb
:10916c0000282dd00123032d019311d169463846d7
:10917c0015f092fc21681b4a1b4b4c681b490028bc
:10918c0008bf1346019a4046a04702b0bde8f081e3
:10919c0001aaf0680a210df06ff9019b5a1e012af1
:1091ac0016d8012be2d06946384615f081fce1e770
:1091bc0023680f491b68404602b0bde8f0411847d0
:1091cc0023680c491b684046984702b0bde8f08103
:1091dc00236809491b6840469847d6e7401b0000a6
:1091ec00601b0000dc0b000020110000d41b0000f1
:0c91fc00801b0000a01b0000c01b000036
:020000040000fa
:020000040003f7
:109208002de9f04f1468002c154683b01a465ddd31
:10921800002302f1040c0e1d0435071de146cdf8ac
:1092280004c0aa46184619469e469846b346944630
:1092380057f8046f5bf8042fb21848eb080651186a
:1092480049f8041f46f10006ca1840f100035af80d
:10925800040f0ef1010e101a63f10003a645314602
:109268004feae370e4d1c91840f1000000236246d8
:10927800c043ddf804c0c00f1f469e46984600bf95
:1092880055f8046f5cf8041f002808bf0026891be6
:1092980063eb03030137b1eb080163f10003a74255
:1092a800ccf8001003f00108ead1a31cc2e9004e73
:1092b80002eb830301e0146024b153f8041d013c60
:1092c8000029f8d0002003b0bde8f08f002300206b
:0c92d800c2e9003303b0bde8f08f00bf16
:020000040000fa
:020000040003f7
:1092e400f8b50e4609680446002958d04a1c4b1e9e
:1092f40056f822205b01002a5ed0b2fa82f29a1a52
:109304002032504200f01f0002f01f0558bf4542b2
:1093140012f01f0f08bf2025012940dd00212b4436
:109324005f1ec4e900114ff4087204f1080016f03e
:1093340063f8b7f5885f09da7b119a1c013323605f
:1093440007f01f070123bb4044f82230013d2146aa
:10935400204608f0f3f90746f8b9236832689342c7
:1093640013dc17db5a1e10d4023304eb830c06eb18
:10937400830302e00ed3511c07d05cf8040d53f8ac
:10938400041d884202f1ff32f4d9224631462046b8
:1093940003f042f80135202dd9d13846f8bd002517
:1093a40065604ff40872294604f1080016f024f8a9
:0c93b4000123a3602360cae72025ade779
:020000040000fa
:020000040003f7
:1093c000f8b50e1e054614461f462bdd904244d0cc
:1093d000d0e9003200f10801c4e9003204f10800cc
:1093e0004ff4087215f0c6fc1f2e41dc31462046b2
:1093f00009f066ff27b13a4631462846f8f728fdbe
:1094000023686bb19a1c04eb820201e023603bb13c
:1094100052f8041d013b0029f8d063686360f8bd71
:109420000023fbe790420bd0d0e9003200f10801a5
:10943000c4e9003204f108004ff4087215f09afcf8
:10944000002fecd00021c7e9001107f108004ff40c
:109450000872bde8f84015f0d1bf8bb11a46f8f795
:10946000f7fc1f2e11dc3146204609f029ffc7e723
:10947000711120460cf03efd16f01f01bad0b6e780
:109480001f2e02dc09f01cffbae7711120460cf018
:0c94900031fd16f01f01b3d02046f3e7b9
:020000040000fa
:020000040003f7
:10949c0070b590f83a3290f9352243f00103002a66
:1094ac0092b04ff0760180f83a32acbf24250c25ef
:1094bc00044600f0d7ff002843d1d4e9266294f883
:1094cc00343227498df81a0016441422adf81820ae
:1094dc00244a8df81b5003f06003202b08bf0a466a
:1094ec0094f93532002b2edb00230122cde9022327
:1094fc00cde9043304351623cde90053762206abaf
:10950c0031462046e5f7cefa031e27db94f83512d8
:10951c0094f83422c90602f060021cd41ab94ff434
:10952c008872a4f84022d4f89c201a442046c4f82f
:10953c009c2008f017fa94f83a3223f0010384f8cf
:10954c003a3212b070bd07a9204600f0c1f90028cc
:10955c00cad012b070bd202ae5d1e0e70248f0e78e
:0c956c004c01050044010500c0feffff9b
:020000040000fa
:020000040003f7
:1095780000295fd02de9f04f80469fb08a464ff012
:10958800000900bfaaeb090bbbf1100f2a4a43469a
:109598004ff0600106a828bf4ff0100b002515f00a
:1095a80065f90a2401af11e018f80560334615f093
:1095b8005df9a6f120035e2b05f1010588bf2e2673
:1095c800102d3e70044407f1010710d006abab45df
:1095d8001a4a03eb0400c4f16001e5d8184a15f0f3
:1095e80045f90135102d044407f10107eed10bf1bf
:1095f80078030deb030b06a8c4f160012044114a5f
:10960800002501ab0bf8745c15f030f90444002018
:1096180014f018fda042fadb0b4906aa002009f154
:1096280010090bf0a3ffca4508f11008aad81fb00b
:10963800bde8f08f704700bf745100007c510000f6
:0c9648008451000088510000d403000091
:020000040000fa
:020000040003f7
:1096540070b5002851d1314c94f87030012b02d0f0
:109664004ff0ff3070bd94f9103084f87000022b75
:109674003cd12378002b39d06378002b39d166682c
:109684000eb10b0735d4a568002d32d0e368002253
:1096940004e00132954203f128032ad0d878002847
:1096a400f7d10d074ff00100d87048bf6070a08c4f
:1096b400d2b242ea004201305a6280b24ff6ff72df
:1096c400904208bf0120013641f00401012284f8d0
:1096d4007020a08466609970ff2100221977c3e985
:1096e4000122586a83f820201a8070bd16f0b2fa5d
:1096f40068b9012384f87030b2e716f0abfa002899
:10970400aed016f0a1fa064913f026f8a8e716f031
:109714009bfa044913f020f8ebe700bf50cc00207b
:08972400e80a0000000b000040
:020000040000fa
:020000040003f7
:10972c002de9f0430129476895b0044607dd2d4823
:10973c000d465168164615f0a6fb804638b12368d5
:10974c0029491b68384615b0bde8f043184716f098
:10975c000bfa022d814641d0b068cdf8148005aad1
:10976c000a210cf089fe059e013623681f495b68af
:10977c004a4638469847059dae422cd906a928b2d0
:10978c0000f0a4ff20b39df84e2023680292bdf890
:10979c003e200192bdf83c200092d3f8048014497d
:1097ac009df818302a463846c047bdf84c2023682f
:1097bc000292bdf84a2001929df844200092d3f801
:1097cc000480bdf84620bdf848300a493846c047e9
:1097dc000135ae42d2d115b0bde8f083cdf814807e
:1097ec000646c2e74426000004120000681100007f
:0897fc007c110000c411000003
:020000040000fa
:020000040003f7
:1098040030b590f8243289b004461bb190f85d302d
:10981400002b52d1062594f83a3243f0010329462d
:1098240084f83a32204600f021fe002843d1d4e9de
:109834002613c9180fd014230b7094f838314b70c9
:1098440094f839318b7094f836325a075cbf4ff470
:109854008073a1f803300120487194f82432b3b125
:1098640094f85d309bb194f8413283b10023cde983
:109874000433cde902331423cde900032a468df8dd
:109884001c0007ab2046e5f711f9051e22dbd4f8ce
:109894009c302b440121c4f89c302046d9f726fc87
:1098a40048b994f83a3294f8382260f3000384f803
:1098b4003a32530608d509b030bd90f84132002b36
:1098c40014bf4c250625a6e7204609b0bde8304064
:0898d40008f04cb82846eee74d
:020000040000fa
:020000040003f7
:1098dc0000285cd02de9f04192b004460f461646a4
:1098ec0014f00eff28b194f84631042b39d9082b0b
:1098fc0037d0284904223046242513f0f7fd0028e0
:10990c003dd025490422304613f0f0fd00283bd110
:10991c00dff88c80a268204602f2bb1614f0f0fe31
:10992c00cdf8008004900395d4f878120791616a01
:10993c00069194f84611059109ac0f21302302943d
:10994c00019132460c2138460af010fa611923466f
:10995c0000241a4601338b421470fad112b0bde8c0
:10996c00f081e06809a9d83012f0d4fc50b909494b
:10997c0004223046202513f0b9fd0028c1d1dff8b0
:10998c002480c7e70548e9e76ff0ac00e6e76ff025
:10999c00ac0070475c01050054010500c0feffffe0
:0899ac0090f70400a0f704008d
:020000040000fa
:020000040003f7
:1099b4002de9f74f9846d2e9037bd2f808a0044674
:1099c400894611f0f3f9d8f800301844baf1000fc1
:1099d40001d10bf1ff3a00265645c8f800003ddae4
:1099e4000bf1ff33b34239dde36be26c93421cd2db
:1099f4005a1ce2631d78284614f0b0fe00283dd1bd
:109a0400012e26d1284615f040ff782821d13b7835
:109a1400302b1ed1e36be26c934211d25a1ce263e9
:109a24001878e36b013be36310e020460ef0d8fbab
:109a3400431c0546dfd18eb9284603b0bde8f08f3c
:109a440020460ef0cdfbe36c002bead114f086fe29
:109a5400a0b9e36c13b1e36b013be3630023bb5593
:109a6400102201a9384615f028fa019bbb42c9e926
:109a7400000114bf01256ff00105dde7bd55d8f8dd
:089a8400000001360130a7e7e4
:020000040000fa
:020000040003f7
:109a8c002de9f84f2e4cddf828a0656cddf82cb0d4
:109a9c0007460e469146984695b32b6a1b072fd462
:109aac00ac69284b236040f20643e680a380bbf1ef
:109abc00000f3fd0dbf80030a360bbf80430a3816b
:109acc00daf80030c4f81230baf804202b69e282bc
:109adc001d4a226076ba1c22c4f80e90c4f8188075
:109aec00e68038469a8115f06bfb40f60603024679
:109afc005146284611f040fe80b90020bde8f88f91
:109b0c00124a1c21382006f0d9fc05460028f4d056
:109b1c000f4b83600023c3606064c1e700232b609c
:109b2c00af62294638460ff037fcc043c0f3c01073
:109b3c00bde8f88ff86bb7f84030a060a381bfe7a1
:109b4c0030ce0020010000080001080002000100d6
:049b5c00a9e3040075
:020000040000fa
:020000040003f7
:109b600070b582b00023012946680193044636d0bf
:109b7000032906d0236826491b683046984702b05f
:109b800070bd506803782d2b154622d14378692b80
:109b90001fd18378ebb9a86801aa0a210cf072fce6
:109ba000002822db1b4b019a1b6821689a4222d2b3
:109bb000194be82000fb023393f8da00012821d08a
:109bc000012083f8db004b6814493046984702b007
:109bd00070bd134915f05df90028dcd0cae70368b1
:109be00010491b6830469847dce723680e491b681c
:109bf00030469847c3e74c680c495a1e3046a04788
:109c000002b070bd0b680a493046984702b070bd7b
:109c10005828000024d40020b8c700209428000051
:109c2000242700002028000038280000802700009a
:049c30007428000094
:020000040000fa
:020000040003f7
:109c34002de9f0470e46054618b34468f4b183682d
:109c4400002b54d0c768c7b13846a04780460028c7
:109c540051d000f10f0424f00f043918091b21f02e
:109c64000f01a1f15003b3f5806f0ed26ff003031f
:109c740006b133702046bde8f0873c464ff0ff3311
:109c8400f6e704464ff0ff33f2e720464fea131994
:109c940016f068fadff868e00446844600f1500ada
:109ca400bee80f00ace80f00bee80f00ace80f0000
:109cb4000027def80030ccf80030c4e909aac4e972
:109cc4000c7784f83870c4f85490c4f82c90276545
:109cd4006b7884f83930ab68c4e90f8316f05cfa0a
:109ce400012384f8443016f059fa3b46c0e71c4679
:109cf4004ff0ff33bce704466ff00103b8e700bf41
:049d0400dcd60400a5
:020000040000fa
:020000040003f7
:109d08002de9f041074684b0144698460d4609b13e
:109d180000230b6024b1002222606260a260e2602e
:109d28002b4a1668002e4cd069463846fef78ef945
:109d380030b10db1009b2b60002004b0bde8f0816c
:109d480069463846edf76af840b1002cf4d06d4604
:109d58000fcd20606160a260e360ede730683946ae
:109d68000cf09afe80b303881a060bd590f82730ba
:109d780090f826206bb90ab3002dddd003691b6863
:109d88002b60d9e713f4807f14bf6ff00400012023
:109d9800d3e784b1416903f18053013b01eb03131d
:109da8001f685e689968db68e36027606660a16089
:109db800b8f1000fc0d1002abed0dde76ff0010076
:109dc800bbe76ff00500b8e74ff0ff30b5e700bf1d
:049dd8004cd4002047
:020000040000fa
:020000040003f7
:109ddc0043b2002b62ddc3b20a2b5fd82de9f047ea
:109dec00013804b22e4f154604ebc40207eb820374
:109dfc0017f822200e46e100002a34d09a68126d22
:109e0c00002a38d09888800625d593f802c0d868e7
:109e1c00bcf1040fd0f81880d0f82ca025d1b8f1e3
:109e2c00000f22d0baf1000f1fd0b3f906009047f3
:109e3c00242304fb03771c37814600223146384625
:109e4c00c047d8b131463846d04780b2814515d38a
:109e5c003046bde8f087b3f906009047b042f8d21f
:109e6c000db1a842f5d20020f3e7214407eb8101a4
:109e7c00ff23cb70f7e7ff22da70f4e7002df2d066
:109e8c00002229463846c0470028ecd029463846df
:109e9c00d04780b28145e6d32846dae700207047e8
:049eac0018c30020b7
:020000040000fa
:020000040003f7
:109eb000f0b50c6817687cb3012c10f807e000ebd4
:109ec000070c45d0bef1200f48d17d1e25443b46ee
:109ed00003e000bfbef1200f05d11e460133ab42a7
:109ee0001cf801eff6d12744bef10d0fa7eb0304d8
:109ef00019d0bef10a0f24d003f1010c844434b907
:109f00000ae000bf1cf801ebaceb0003013bbef123
:109f1000200f04d1013cf5d16ff08300f0bd0c603f
:109f200000201360f0bd012c15d00236855d0a2d8e
:109f300003f10203a4f102040dd134b110f803e0df
:109f4000dae7013cb31c002cf8d14ff00a0ed3e73e
:109f5000bef10d0f0ad16ff09900f0bdbef10d0feb
:109f60000ad0bef10a0f0ad03b46c5e7bef10a0f80
:109f7000fad17b1c0024bfe77e1c3b46d6e77b1c46
:049f8000013cdbe7de
:020000040000fa
:020000040003f7
:109f84002de9f04f83b0002860d01446002a5dd03c
:109f9400ca070d4654d51f4604f5d26b002304f1bd
:109fa400180904f5107804f58d6aa3600646cde916
:109fb4000033424653464946584606f059ff0028a6
:109fc40041d13378042b16d0023b012b94bf6ff0a0
:109fd400ad046ff08b04484615f08cf9404615f03b
:109fe40089f9504615f086f9584615f083f920464c
:109ff40003b0bde8f08f013d6d083a46204629467e
:10a004000bf042ff0127276004460028e3d1013604
:10a014002a463146484616f0edf804460028dad1bf
:10a0240071192a46404616f0e5f804460028d2d1b4
:10a034003946504613f0dcfc04460028d7d0cae762
:10a044006ff0a904d3e76ff07c04d0e76ff0ac04a1
:04a05400cde700bf95
:020000040000fa
:020000040003f7
:10a058002de9f04f1568872d83b05fdc9a425dd0fb
:10a06800002d57dd03f10409061d4ff0000c01f126
:10a078000408ce46ac0006eb850a4f46e346019538
:10a0880056f8045f15eb0c054bf1000c58f804bfab
:10a09800b5eb0b056cf1000c564547f8045f4fea29
:10a0a800ec7bedd1019dae1c043250f8260051f82e
:10a0b800261010eb0c004bf1000b401a6bf1000b53
:10a0c8000021a1444feadb7b8c460f465ef8046f03
:10a0d80052f8040f76184cf1000cbbf1000f08bfc2
:10a0e800002080194cf10001ce45cef800004fea5f
:10a0f800e17cebd10834c3e900571c4401e01d6042
:10a1080025b154f8042d013d002af8d0002003b0f1
:10a11800bde8f08f0022c3e90022f7e74ff0ff30d7
:04a12800f5e700bf98
:020000040000fa
:020000040003f7
:10a12c00f0b5324f3b680846013316468bb00d46ee
:10a13c003b6009f013ff304615f054fb044648bb56
:10a14c002b4b1b6823f00203012b20d1cde903001c
:10a15c00cde90500cde90700099011f041fccde9ee
:10a16c000001d5e904319a89d1f806003b680293c5
:10a17c0002254b89cdf81d006846adf810608df8ae
:10a18c001c50adf81220adf82130fbf717fb204620
:10a19c000bb0f0bd0023cde90533cde907336f6972
:10a1ac00099311f01dfccde9000115f023fb029081
:10a1bc00384615f0a5fd2b69d7f806109a8903903f
:10a1cc007b89cdf81d1068466969adf81220adf891
:10a1dc002130adf81060fbf7f1fa2846012202217c
:10a1ec0012f022fd20460bb0f0bd00bf08d50020b8
:04a1fc0024d5002046
:020000040000fa
:020000040003f7
:10a20000838b70b50446dbb1012b0cd02a4b2b4954
:10a210000020c4e9060302226280bde870406ff0ae
:10a220000b020bf0a7b9036c254821469847021e84
:10a2300025d028db13f084fbe36a98422ed270bd50
:10a240008668204972691269c363002a08bf0a46fa
:10a25000026412f073fd054613f072fb326a1a4b6a
:10a26000126802fb05f505f2e735a3fb053500eba7
:10a2700095104ff00113e062c4f81a3070bd02234c
:10a28000c4f81a3070bd00200223a083a06163804f
:10a29000e2830a49bde870400bf06cb90b4b0749eb
:10a2a0000020c4e9060302226280bde870406ff01e
:10a2b00004020bf05fb900bf0000f4ffcc02000005
:10a2c000c8610400c5170300d34d62100000fbfff6
:020000040000fa
:020000040003f7
:10a2d0002de9f047adf58b6dddf87894ddf87c4421
:10a2e00000285ad01546002a57d0b9f1000f54d093
:10a2f000002c52d0d4f8b878023788469a460646e1
:10a300000bd0cde9009409f001fc6ff487739842fb
:10a3100003d00df58b6dbde8f0874ff40a72002174
:10a3200002a815f06bf84ff40a7200218ca815f002
:10a3300065f8a368072b05d8dfe803f00c040404d4
:10a34000040c192d6ff0bf000023a3600df58b6d79
:10a35000bde8f0870523a3600023c9f8003041461b
:10a3600030468cab02aa06f0f9f80028ecdb062197
:10a370002a465346cde9009402a8a1608ca9e4f7cf
:10a3800081f9054602a814f0b7ff8ca814f0b4ffb9
:10a3900005eae570d8e70020d6e76ff0a900b8e736
:020000040000fa
:020000040003f7
:10a3a000002861d02de9f0470c46002959d0154608
:10a3b000002a56d0d0f8a87102379846064648d1f0
:10a3c0005fead80742d004ebc70707f10708073454
:10a3d00006f5c47906f5c07718e0d6f8800154f880
:10a3e000072c54f8033c424044f8072cd6f884214b
:10a3f000534044f8033c0834d9f80020d9f804301d
:10a400007b6044453a6005f108051fd02a686b68f7
:10a41000c9f80430a4f1070ac9f800204946524699
:10a42000304647ea0a0afdf7b7fc1af0030fd4d00a
:10a43000a4f1080306f27f1113f8012f11f8010fa0
:10a44000a34282ea00021a70f6d1d4e70020bde8e8
:10a45000f08705f04df96ff487739842b0d0bde8ee
:10a46000f0876ff0ac00f2e76ff0ac00704700bf10
:020000040000fa
:020000040003f7
:10a470002de9f0470d1e5ddbd0f8a470d0f89c608c
:10a48000bb1bab42044602d30020bde8f08790f826
:10a4900036325b072fd44ff005084ff0080906eb62
:10a4a000050a09eb0a000df045f9002845d0a9eb93
:10a4b000080900eb090846bb94f8a8308bb194f862
:10a4c000a930d4f89800c01a94f8243213b194f843
:10a4d00071300bbb08b110f04bfcd4f89c3005eb8d
:10a4e000030a012384f8a83084f8a990c4f898805e
:10a4f000c4f8a4a0c8e704235b00dbb20c2bfbd993
:10a500004ff00d084ff01009c9e7d4f89810324603
:10a51000404614f02ffccfe7002fdbd00744002289
:10a5200002700130b842fbd194f8a930d4f89800f9
:10a53000c01acfe76ff0ac00a7e76ff07c00a4e78c
:020000040000fa
:020000040003f7
:10a54000f0b585b0002844d12a4c2378002b40d0a8
:10a5500094f82450002d3cd1e369e0885b692946da
:10a560009847431c064639d06369234a9b68019289
:10a5700004f12407394621489847e36902909b6912
:10a580008df80c5001a9304698470028e36912db8a
:10a590002363e36884f85450c4e90a340122022397
:10a5a0003846c4e90d6584f82420e563a4f84050da
:10a5b000e38405b0f0bddb6930469847104a114985
:10a5c00040f26b3328460af0d5ff0f4a1368002b80
:10a5d000fcd14ff0ff37384605b0f0bd084a0949b5
:10a5e0004ff4557328460af0c5ff074a1368002b3d
:10a5f000fcd1eee7c4cc0020000e2707c8610400a0
:0ca6000040f50400ac020000e45e002005
:020000040000fa
:020000040003f7
:10a60c0081692de9f04f304c7422c1f3072302fb12
:10a61c0003430646d868cbb203eb830300ebc305b8
:10a62c0030f8333002fb034287b0926a914245d036
:10a63c00742202fb034405f10c0e6369d5f81890e3
:10a64c001f68d4f84c80bee80f000df1040cd5e95e
:10a65c0004abace80f00def80030ccf80030236d12
:10a66c0053f82b10636d53f82a2058f829300493b3
:10a67c00cde9022101a80021b847b269a2620023ea
:10a68c0085f8203095f91c104b1c0fd0c1f34a10e3
:10a69c0000f502006a7f00f5807001f01f010123b4
:10a6ac00c00103fa01f122b915f06cfd07b0bde849
:10a6bc00f08f15f065fd07b0bde8f08f95f8202000
:0ca6cc00002adfd0b4e700bf50cc002013
:020000040000fa
:020000040003f7
:10a6d80070b5061e4edb2f4b1b68b3424ad92e4b72
:10a6e8001b6853f82640002c51d00d4600293fd056
:10a6f80038220021284614f07dfe94f87130012b91
:10a708003dd0e26d636cc5e9092394f8703085f893
:10a718002c30d4e90012521ad4e905032a86d4e968
:10a728000721a3eb000c8a42a5f82ec024d25b1a9d
:10a73800121a134401339bb26b8630460af008fea6
:10a74800a88694f87030d4f88420d91e02291cd920
:10a75800082b0cbf032301239005c2f3072148bf30
:10a7680043f004034a0748bf43f0080385f836302e
:10a77800012070bd002070bd521a93b2dce7e26b75
:10a788006a60226c6a612b70bbe70323e4e720460a
:0ca7980070bd00bfbcd30020ccd300205b
:020000040000fa
:020000040003f7
:10a7a400f824000029bd0200002500001c2500003b
:10a7b40095af030024250000402500004dfe030052
:10a7c400482500005c2500002d910300642500004d
:10a7d4007c2500001177030084250000a0250000db
:10a7e400b5fd0300a8250000c0250000c5530400e2
:10a7f400c8250000e4250000850a0400ec250000bb
:10a8040000260000dd2003000426000024260000aa
:10a814005d6203002c26000040260000015b03005b
:10a824004c26000060260000bd820200682600005d
:10a8340080260000d5b3010088260000a026000071
:10a84400d9fb0200a8260000c02600002d970300b3
:10a85400c4260000d426000081140400e026000071
:0ca8640020610000f5dd0100f42600007a
:020000040000fa
:020000040003f7
:10a87000002843db10b42f4c2468a04232da2e4c5f
:10a88000246854f820406cb394f85c0081b948bb4c
:10a8900094f85d30228513f0010325d094f83e3002
:10a8a00043f00203012084f83e305df8044b70470a
:10a8b00001f1ff3cbcf1010f14d8e0b994f83ec09f
:10a8c00084f85c102cf0020c84f83ec0002bdfd022
:10a8d000012915d094f83e3084f85c0043f002035f
:10a8e00084f83e300020e0e794f83c2063f38202d5
:10a8f00084f83c20d2e78842f4d1dfe7002070479b
:10a9000094f83cc01cf0030fe4d194f83d10186893
:10a91000606141f0010384f83d3094f85d30e061fe
:10a9200013f00400b6d1614660f3041184f83c10c2
:0ca93000b0e700bf94d4002098d40020b1
:020000040000fa
:020000040003f7
:10a93c002de9f04f43b2002b9bb059ddc3b20a2b6b
:10a94c0056d8013804b22b4e04ebc40006eb80033e
:10a95c0016f8200000284bd0988880060fd5d868b0
:10a96c00c769002f42d00d4699b1242304fb036024
:10a97c001c30b84785b228461bb0bde8f08f9868ec
:10a98c00446c9cb3b3f9060023461bb0bde8f04ff2
:10a99c001847194ba3fb02384fea58196423c846d1
:10a9ac00632a03fb19291ffa89f912d94ff0240adb
:10a9bc0004fb0a6a8b460af11c0a642201a9504660
:10a9cc00b8470bf1010b1ffa8bf32844984585b25d
:10a9dc00f3d8b9f1000fced0242004fb00604a4616
:10a9ec0001a91c30b847284485b2c4e7ff22da70ad
:0ca9fc000025c0e718c300201f85eb51a8
:020000040000fa
:020000040003f7
:10aa08002de9f047adf58b6dddf878a4ddf87c8491
:10aa1800002858d01646002a55d01f46002b52d081
:10aa2800b8f1000f4fd0d8f8b84802348946054627
:10aa38001dd1baf1000f46d04ff40a72002102a8c6
:10aa480014f0d8fc4ff40a7200218ca814f0d2fc40
:10aa58000023cde900331a468ca902a806f006faad
:10aa6800044690b120460df58b6dbde8f087cde921
:10aa780000a809f009f86ff4877398420446d8d003
:10aa880020460df58b6dbde8f0878cab019302abca
:10aa980000935246434649462846ecf715fb041ee8
:10aaa80006db8cab3946304602aa03f06bfe04463f
:10aab80002a814f01dfc8ca814f01afc20460df511
:0caac8008b6dbde8f0876ff0a904cbe7b0
:020000040000fa
:020000040003f7
:10aad4002de9f04fadf50f7d894616461d46989f2a
:10aae400029014f0a9f824228246002105a814f04b
:10aaf40083fcbaf1000f48db06f1040bbbf1240f11
:10ab04003ed9d3455a4638bf5246b2f5007f41d8a4
:10ab14000024cdf80cb0a0469346324649460ea810
:10ab240014f026f90eaa98fa88f3cdf800b09351e0
:10ab340013460298039a1946f8f74afde0b9baf1a8
:10ab4400000f15d0a74217d905eb0a0121440eab1b
:10ab54002c4407eb050c01e064450dd013f8012be0
:10ab64002270224601348c42f6d1c5f1010414440a
:10ab7400a74208f10108d0d80df50f7dbde8f08f8c
:10ab8400baf1240fbdd82422c2e750460df50f7d3b
:0cab9400bde8f08f6ff0ac00eee700bff2
:020000040000fa
:020000040003f7
:10aba00000285fd02de9f0410c46002957d015460a
:10abb000002a54d0c3b3d0f83471023706464feaa6
:10abc000131834d1b8f1000f2ed004eb081706f19a
:10abd000f80800bf48ea05039b0730d106f1f403eb
:10abe0002a1f06f5827c00bf53f8040f52f8041f99
:10abf000634580ea01001860f6d14246414630467e
:10ac0000e2f7befe88b9d8f80010d8f80420d8f8ca
:10ac10000830d8f80c00e06021606260a360103456
:10ac2000bc4205f11005d5d10020bde8f08103f04c
:10ac30004fff6ff487739842c4d0bde8f08106f1ee
:10ac4000f7036a1e06f2071013f801cf12f8011f6e
:10ac500083428cea010c83f800c0f5d1cde76ff098
:0cac6000ac00e2e76ff0ac00704700bff2
:020000040000fa
:020000040003f7
:10ac6c0000285fd02de9f0410d46002957d0002b6c
:10ac7c00984654db044616460021802214f0b8fb9b
:10ac8c00d4f8a8210023023204f5c077c4f880312f
:10ac9c00c4f888312cd1b8f1000018bf012005eba5
:10acac00001022464146f4f7c1fb08b1bde8f08123
:10acbc00b8fa88f1490904f1800205f10800f4f7ab
:10accc00b5fb0028f2d1b8f1010018bf012005eb4b
:10acdc000010414604f58072f4f7a8fb0028e5d17a
:10acec00ceb132687368c4f880217b60bde8f08116
:10acfc002b686a68a968e868c4f89c01c4f89031ac
:10ad0c00c4f89421c4f898112b696a69c4f8a42179
:10ad1c00c4f8a031bfe7c4f880017860c6e76ff0d3
:0cad2c00ac00c3e76ff0ac00704700bf44
:020000040000fa
:020000040003f7
:10ad380010b50446d0e9003022495b689847d4e949
:10ad4800003021495b689847d4e900301f495b68a7
:10ad58009847d4e900301e495b689847d4e9003029
:10ad68001c495b689847d4e900301b495b689847e1
:10ad7800d4e9003019495b689847d4e9003018498c
:10ad88005b689847d4e9003016495b689847d4e96e
:10ad9800003015495b689847d4e9003013495b686f
:10ada8009847d4e9003012495b689847d4e90030e5
:10adb80010495b689847d4e900300f495b68bde8e3
:10adc8001040184798660000b86600000067000049
:10add80050670000a4670000006800005068000089
:10ade800c06800002069000080690000d469000084
:0cadf8001c6a0000646a0000b06a0000e1
:020000040000fa
:020000040003f7
:10ae0400f0b5456990f8316085b0bdb9032e0446ac
:10ae140017d0731e012b3ed8c368c28e1f6b006906
:10ae2400618ea38e012e1fd000950df10f050195a3
:10ae3400b84790b99df90f30022b1ed1032005b0fd
:10ae4400f0bdc3680df10f020092de6ac28e418e1e
:10ae540000692b46b0470028ecd060610225012030
:10ae640084f8305005b0f0bd00960df10f06019640
:10ae7400b8470028ded02846f2e70e4a0e494ff4c0
:10ae8400b47300200af074fb0c4a1368002bfcd145
:10ae94006ff00100d3e7074a09494ff4ae7328461f
:10aea4000af066fb074a1368002bfcd14ff0ff3011
:10aeb400c5e700bfd0e70400ac020000e45e002058
:08aec4008c020000cccb002041
:020000040000fa
:020000040003f7
:10aecc00f0b585b000260c46836cadf806600546df
:10aedc00039602a9204617469847002819db3146ed
:10aeec00bdf80860ab6a03aa20469847012e28d00b
:10aefc00022e14d07eb92b6d039a1b212046984745
:10af0c00002806db012803d0eb6c01212046984772
:10af1c00012005b0f0bd6ff00b0005b0f0bdbdf821
:10af2c000a20ad6d039badf8062020461b21a847d7
:10af3c000028eedba0f10100b0fa80f0400905b06a
:10af4c00f0bd6b6d0df10601204698470028e0db43
:10af5c000128ddd0bdf80630b90503f010030bd580
:10af6c000222adf80820adf80a30ea6c0299adf86f
:10af7c00063020469047cbe73a0554bf43f40043d4
:08af8c0043f42043ece700bf91
:020000040000fa
:020000040003f7
:10af94002de9f0410129476886b004460addd2f85c
:10afa40004800d4640462249164613f070ff70b9de
:10afb400022d25d123681f491b683846984723680a
:10afc4001d491b68384606b0bde8f04118471b49c7
:10afd400404613f05cff0028ecd101ad14f0e6fd0f
:10afe4002946142210f010f82368154a5b681549a5
:10aff400002818bf2a463846984706b0bde8f081b5
:10b00400b06809f043ff70b112f04eff23680e4997
:10b014000e4a5b68002818bf0a460d49384606b038
:10b02400bde8f041184723680a491b683846cae757
:10b03400081c0000481c00006c1c00000c1c0000d4
:10b04400001c00002c1c0000ec1b0000f81b00007e
:08b05400101c00007017000041
:020000040000fa
:020000040003f7
:10b05c002de9f0411d462f4b9df818801b6823b13c
:10b06c00064610b1144602b115b90020bde8f081b6
:10b07c0018680f4631460bf00dfd02460028f4d03f
:10b08c0003881b06f1d590f82a3018ea0308ecd097
:10b09c00b8f1010f20d090f8271043698f4203ebd1
:10b0ac000713e2d8002004e092f827103e188e42d5
:10b0bc00dcd80130d3f800c05e689968d3f80ce096
:10b0cc00c4f80ce08542c4f800c06660a16004f1cd
:10b0dc001004e9d12846c9e790f8261003698f427d
:10b0ec0003eb8702c1d8136844f8103b012d0fd035
:10b0fc00c7f1010008440123984203f10103b5d0c4
:10b10c0052f8041f44f8101b9d42f5d12846ade7b8
:08b11c000120abe74cd4002038
:020000040000fa
:020000040003f7
:10b1240070b52e4d2e4c05eb001c04eb00152d7b49
:10b134009cf84ee01ef0030e4fea001c02d1edb263
:10b14400002d3ed10cf1824505f5204504eb0c0e93
:10b154000326244c85f84e6001258ef80c5004eb30
:10b164000c05b5f800e01ef4806f18bfc9186960bb
:10b1740004eb0c010d882d0520d4184d6d88adb25b
:10b18400b5f5804f28bf12688a6064449bb2228858
:10b19400c2f301220cf1824c13410cf5204c9bb2fa
:10b1a4006380dcf8403043f00203ccf84030dcf834
:10b1b400403013f4fe4f06d0012070bd1a448a605b
:10b1c400e3e7704670bd9cf846305b06f4d4034a4e
:10b1d4000123116983400b431361ede700a0004193
:08b1e4001cd1002040d1002025
:020000040000fa
:020000040003f7
:10b1ec002de9f0472d4c9df820a094f83050814665
:10b1fc00884617461e46a5b194f8311094f90030d4
:10b20c00022b17d04ff0ff35b4f9080012f038ffbd
:10b21c0094f8303013b9012384f838302846bde84f
:10b22c00f08794f83830012b13d04ff0ff352846b7
:10b23c00bde8f087b8f1000fe4d0c845e2d3184a56
:10b24c000025107878b10135052d02f12002f8d1d6
:10b25c00d8e7b4f9080084f838500ef061fc0146c8
:10b26c0084f83100cae7107550750e4882f802a0b8
:10b27c00a8eb090393600388c2f8048045ea0345f0
:10b28c000133c2e903769bb24ff6ff76b34208bf97
:10b29c00012303800123d5611380b5e788cf0020fb
:08b2ac000cca002086d7002027
:020000040000fa
:020000040003f7
:10b2b40015280cd8dfe800f00e1c0b0b2b0e150b19
:10b2c4000b0b151c230b230e0b0b0b0b3b336ff0db
:10b2d400ac00704709b11a4b0b60b2b1194b136043
:10b2e40013e009b1184b0b607ab1184b13600ce0f2
:10b2f40009b1174b0b6042b1164b136005e009b15d
:10b30400154b0b600ab1154b13600020704709b14f
:10b31400134b0b60002af8d0124b1360f5e709b108
:10b32400114b0b60002af0d0104b1360ede709b10c
:10b334000f4b0b60002ae8d00e4b1360e5e700bf0b
:10b34400dc3d0000f83d0000483e0000683e00007f
:10b35400883e0000a83e0000c83e0000e43e000015
:10b36400143e0000303e0000383f0000603f000003
:08b37400003f00001c3f000037
:020000040000fa
:020000040003f7
:10b37c002de9f041adf6f82d02ae07460c46154608
:10b38c000021282230469846019614f031f8052306
:10b39c00f3610cabb361002d4bd0002f49d00023cf
:10b3ac002146ab60424628460af06afd0446e8b9dd
:10b3bc00ddf8103beb60d5f8b838023309d04346c2
:10b3cc002a46384606f02af96ff4877398420446e9
:10b3dc000cd105f5d268404613f03ef9044650b145
:10b3ec00404613f047f9304607f056f920460df663
:10b3fc00f82dbde8f081286901a93b22eff79afef0
:10b40c0004460028ecd12b6942461968f36838468b
:10b41c0008f0b4fb04460028e2d102463b46314614
:10b42c002846eef71bfd04460028d9d102232b60d9
:08b43c00d9e76ff0ac04d9e779
:020000040000fa
:020000040003f7
:10b444002de9f0470568adf58a6d04469db3d2f841
:10b454000090b9f1440f164653dcd1f804a0baf1b8
:10b46400010f884605d00df58a6dbde8f047def77b
:10b47400fdbc00f108014ff408721f4643680193b4
:10b4840002a8009513f074fc4ff4087206f1080149
:10b494008ca8cdf8289213f06bfc00236a468aa985
:10b4a40068468b93dcf722fd054688b128460df5e6
:10b4b4008a6dbde8f08745604ff40872294608306c
:10b4c40013f09aff284625600df58a6dbde8f087d4
:10b4d400c8f804003b46684632464146def7c6fcdf
:10b4e400b845054618bfc8f804a00028ded1736823
:10b4f400012bdbd13a463146384607f09ffe05461c
:08b50400d4e74ff0ff35d1e759
:020000040000fa
:020000040003f7
:10b50c00cb1e012b2de9f04104460bd903682849c9
:10b51c005b6840689847d4e9003026495b68bde811
:10b52c00f0411847164600220d467068114613f07c
:10b53c007dff002280461146b06813f077ff042d82
:10b54c0007460bd0d4e900305c681b49c8f8007082
:10b55c003b464246a446bde8f04160470022f068f5
:10b56c00114613f063ff02280fd00428ead00128fb
:10b57c0017d1fbb288f80030d4e9002054680f4989
:10b58c004246a446bde8f0416047226860685568b1
:10b59c000b49bbb2a8f800304246ac46bde8f041be
:10b5ac0060472368606807495b68bde8f04118474d
:10b5bc007c530000b453000004540000dc53000022
:08b5cc00f053000018540000c8
:020000040000fa
:020000040003f7
:10b5d400f8b52a4d854246d10c461646c9b1ab6b27
:10b5e4001bb1052105f164009847254a111fa2f1fa
:10b5f400740006f087feab6b13b12248062198470e
:10b60400214f0fcfa446ace80f0097e803008ce865
:10b61400030036b3ac6b4cb31c480321a04795f828
:10b62400a420ac6b0023c5f8883092b1d5f89430cf
:10b63400013a92b202eb021103f1640202eb8102bd
:10b644002033002153f8440b93420144fad1c5f846
:10b65400881014b10d480421a0470d4b0fcb86e888
:10b664000f000020f8bd6ff00500f8bd95f8a42088
:10b67400c5f88840002ad9d1efe700bf2cd60020b6
:10b68400a0d6002090d6002098d6002094d6002082
:04b69400b0d600200c
:020000040000fa
:020000040003f7
:10b69800d1e90032b3fbf2f3082b19d9102b43d8a8
:10b6a800036813f0080f4ff48022036816d15b0774
:10b6b80028d5036823f004030360436823f4e013e8
:10b6c80013434360036843f004030360002070479a
:10b6d8000022036813f0080f0368e8d023f008037a
:10b6e80003600368590714d5036823f00403036053
:10b6f800436823f4e01313434360036843f00803eb
:10b708000360dfe7436823f4e0131343436000203a
:10b718007047436823f4e01313434360036843f01e
:10b728000803036000207047202b06d9302b07d967
:10b73800402b08d84ff48012cbe74ff40022c8e71b
:10b748004ff44022c5e7602b8cbf4ff4c0124ff472
:04b75800a012bee796
:020000040000fa
:020000040003f7
:10b75c00002814db2d4b1b68984210d22c4b1b6815
:10b76c0053f8200060b152b10c2908d8dfe801f081
:10b77c000e1d292e070734073a40454909000020c1
:10b78c00704790f8883013700120704790f886301d
:10b79c0083f0100183f020030020c1f30011c3f3e8
:10b7ac004013117053705080eee790f88530b0f86c
:10b7bc006c105180c3f38013137090f880301371a8
:10b7cc00e2e7d0e905135b1a1380dde7d0e900133b
:10b7dc005b1a01331380d7e790f88730c3f340032b
:10b7ec001370d1e790f88530c3f301131370cbe7d6
:10b7fc0090f88530db091370c6e790f88130137030
:10b80c00c2e790f882301370bee700bfbcd30020b3
:04b81c00ccd3002069
:020000040000fa
:020000040003f7
:10b82000002857d0002955d070b501f10f052d091a
:10b830000646013596f84430002bfbd096f844308c
:10b84000b3b9746afcb1002203e023682246d3b185
:10b850001c466368ab42f8d3591b022921d82168e2
:10b86000002a3cd01160b16aa14235d01d461ee0cd
:10b8700014f094fc96f84430013bdbb286f8443077
:10b8800014f08efcdde7fa2386f8383014f086fcdd
:10b8900096f84430013386f8443014f081fc0020df
:10b8a00070bdab42dbd0616004eb01146560d6e98a
:10b8b0000c2315449d4288bf7563356314f06efcfc
:10b8c00096f84430013386f8443014f069fc04f1f2
:10b8d000100070bd00207047b2621d46e7e771623c
:04b8e0000a46c0e76d
:020000040000fa
:020000040003f7
:10b8e40000285dd090f85c33da0770b5054603d5bf
:10b8f400406e08b10ff03afaab68012b4ad095f8c4
:10b904005c335b060cd56c6a54b126462468f06837
:10b9140008b10ff02bfa30460ff028fa002cf4d1be
:10b92400ac6a54b126462468f06808b10ff01efad8
:10b9340030460ff01bfa002cf4d1ec6a54b12646c1
:10b944002468f06808b10ff011fa30460ff00efacf
:10b95400002cf4d12c6b54b126462468706808b1cd
:10b964000ff004fa30460ff001fa002cf4d16c6b9e
:10b9740054b126462468706808b10ff0f7f93046d0
:10b984000ff0f4f9002cf4d105f54a70bde87040cd
:10b994000cf06eba28680028b1d00ff0e7f9aee7d2
:04b9a400704700bf29
:020000040000fa
:020000040003f7
:10b9a8002de9f043b0f83c2190f84961b0f83e31f8
:10b9b8008468d1b0164405461e4412f0a3fe08afb1
:10b9c800d4f87e11d4f88221d4f8863195f84681ce
:10b9d800d5f824908646d4f87a01bc46ace80f0026
:10b9e800d4f88a01d4f88e11d4f89221d4f896317b
:10b9f800ace80f00d4f85a01d4f85e11d4f86221eb
:10ba0800d4f86631ace80f00d4f86a01d4f86e11a6
:10ba1800d4f87221d4f87631ace80f00d5f8783232
:10ba2800cde9069340230d22760003930c4b009337
:10ba3800cde90127cde904e8302304f2bb123146f1
:10ba4800604608f095f910b151b0bde8f0830322c3
:10ba580018a92846f9f7a0fd51b0bde8f08300bf4a
:04ba680070f804006e
:020000040000fa
:020000040003f7
:10ba6c00902910b50fdc7f2913dd8039102910d8ef
:10ba7c00dfe801f02b2b360f110f0f0f200f0f0fdc
:10ba8c000f0f0f0f3600c02944d0f02942d0a02947
:10ba9c0021d000200de019682ab10a1d1a60b1f9f5
:10baac000030da1702e00c1d1c600b88c0e9003274
:10babc00012010bd196822b10a1d1a6091f90030dd
:10bacc00efe70c1d1c600b78f0e71968f2b10a1d4a
:10badc001a600b68e5e71a68111d19601368e0e736
:10baec00196852b1073121f0070101f108021a60ff
:10bafc00d1e90023c0e90023dae7ca1d22f00702ce
:10bb0c0002f108011960d2e90023f3e70c1d1c6057
:10bb1c000b68cbe71a68111d1960136803600023ca
:04bb2c004360c5e7c6
:020000040000fa
:020000040003f7
:10bb300053ec102bc3f30a512de9f04140f2fd7094
:10bb40004c1e84429e4641d8a1f2ff30002833dbd0
:10bb500033282ddc264c4ff0ff3cc0f12006154663
:10bb6000a1f21f4104fa06f22cfa00fc4cea020c86
:10bb700024fa01f24cea020cc44003ea040805ea84
:10bb80000c0757ea080725ea0c0223ea04030fd042
:10bb9000002b0dda4ff4801404fa06f624fa01f1b2
:10bba0000e43b61824fa00f444eb0304324623464d
:10bbb00043ec102bbde8f081002b03db9fed080b5d
:10bbc000bde8f0819fed080bbde8f0810029efd1c1
:10bbd0000a4603f0004343ec102bebe7aff3008081
:10bbe0000000000000000000000000000000f0bfa6
:04bbf000ffff0f0044
:020000040000fa
:020000040003f7
:10bbf4002d49cb684ff6ff02134043f0bf6343f473
:10bc0400003310b4cb60bff35f8f62b6274be022e2
:10bc140083f81f234ff00040186083f8202301208d
:10bc2400586083f82e234ff48040586083f82f2304
:10bc34004ff40040586083f830234ff4803058604c
:10bc440083f831234ff40030586083f832234ff4e3
:10bc54008020586083f833234ff40020586083f821
:10bc640034234ff48010586083f835234ff40014c4
:10bc74005c6083f85423986083f86b234ff400626c
:10bc8400da604b6a5df8044b43f480234b624b69e2
:10bc940043f010034b614b6a43f400334b624b6a2d
:10bca40043f480334b62704700ed00e000e100e0b4
:020000040000fa
:020000040003f7
:10bcb400f8b52c4d2c4c2b7e5b074bd5ae6aa36a92
:10bcc400206be16a0133834228bf0023994227d0c5
:10bcd400e16a9942efd06a6802f00702012af1b2e0
:10bce4002cd0a26a21488154a36294f83430002bea
:10bcf400e1d0e36aa26a934284bf216b5218d31a3b
:10bd0400226a002ad7d0616a94f83c2002f0ff002e
:10bd14000ab3a26b9a42ced8236a00209847cae796
:10bd2400226a002ad4d0616a236a01209847a36a50
:10bd3400226b0133934228bf0023c9e7d4f828c0fb
:10bd44000a4f4fea4c000130c6f3072207f81c10d3
:10bd54003a54c9e7f8bda26b9342acd1236a984721
:10bd6400a9e700bf0034004048cf0020e8ab002022
:020000040000fa
:020000040003f7
:10bd74002de9f043294a2a4bb2eb030983b08046ec
:10bd840045d04e4600270125741b05eb540420467c
:10bd94000bf0cefc00283cd00ef0e8ff651c2746d3
:10bda400b542f1d9d8f800301e495c68d8f80400cf
:10bdb4003b464a46a0470021012013f019fad8f85f
:10bdc40000300446d8b1d8f80490d3f8048014f0b5
:10bdd400b3f80546204614f0b7f80646204614f09a
:10bde400aff80746204614f0b3f80f49cde90070c8
:10bdf40033462a464846c04703b0bde8f0830b49a2
:10be04005b68d8f8040003b0bde8f04318474f4618
:10be1400c8e7002cc6d0661ec2e700bfc85703207f
:10be2400c8d7002090510000e851000028520000bb
:020000040000fa
:020000040003f7
:10be340070b52448244e234d11f0f6ff002401224e
:10be440040f2ee51382004f03dfb00220146002868
:10be540032d0c0e90262013428460bf0a9fe082c56
:10be6400edd11a4b1a4a1b48032106f0e7ff50b1e3
:10be740013f0a4fc184b187070b913f0a7fc174bff
:10be8400187098b970bd164909f072fb13f096fc4e
:10be9400114b18700028f0d01249002009f068fbfb
:10bea40013f094fc0d4b18700028ebd0bde87040e3
:10beb4000d49002009f05cbb0c490823224609f017
:10bec40057fbcee790d200207d7604002c8800003a
:10bed40054880000ccda040022d6002021d60020a9
:10bee4005c8800007c880000b088000000880000a6
:020000040000fa
:020000040003f7
:10bef4002de9f04f1f4b204a5c8a12781f4b89b002
:10bf040053f8223007931e4b1e4a1e681e4bd2f86c
:10bf140000901d781d4a1e4bd2f800a01b781d4ac4
:10bf240014f0100f52f825b0446888460cbf42271d
:10bf34004127ebb1184ad2e9003213430ed0174b14
:10bf44001749079acde904b3cde902a5cde9006903
:10bf54003b464046a04709b0bde8f08f0df056f8c7
:10bf6400104a03461821104812f082fc0e4be7e7f2
:10bf74000e4be5e70040004127d60020ece1040029
:10bf8400b4d50020b8d5002026d60020c0d5002086
:10bf940024d6002058d4040078d30020588e000002
:10bfa400748e0000648e00001cd200203c26000029
:020000040000fa
:020000040003f7
:10bfb40038b58b7b022b0c46054627d0032b07d0c4
:10bfc400012b32d1c06813f0c7fd00283bd038bd27
:10bfd400c06813f0c1fd0028f9d1e86813f080ffb0
:10bfe400a1880346c1f34402c1f38311e868a36046
:10bff40042f0010241f0100111f0d6fe637b13f010
:10c00400010f14bf06230223a37338bdc06813f0c5
:10c01400a3fd0028dbd1e86813f062ffa3680622c1
:10c0240043ea0043a273a36038bd0d4a0d4940f2b0
:10c03400cb43002009f09cfa0b4a1368002bfcd177
:10c044000723a37338bda288e868c2f3831141f0c3
:10c054001001c2f3440211f0a7fe0323a37338bdf9
:0cc0640004ef0400940a00009cd30020ac
:020000040000fa
:020000040003f7
:10c07000c36a70b5c56d01332a7804460bd0036bd3
:10c08000013308d00ab390f83e10b5f90400bde8ba
:10c09000704011f0fbbf3ab194f85b10b5f90400a1
:10c0a000bde8704011f0f2bf14f078f806466868f9
:10c0b000411c31d1a868421c25d1e868431c18d125
:10c0c0003046bde8704014f06bb814f067f894f88f
:10c0d0003d100646b5f9100011f0d8ffb5f914006f
:10c0e00094f83c1011f0d2ff3046bde8704014f0d7
:10c0f00057b894f85a1000b211f0c8ff3046bde8a6
:10c10000704014f04db800b294f8591011f0beff11
:10c11000e868431cd4d0ece700b294f8581011f052
:0cc12000b5ffa868421cc8d0ede700bfc6
:020000040000fa
:020000040003f7
:10c12c002de9f843274c2068431c04d001f0ccfec9
:10c13c004ff0ff332360244fdff89c803b88d8f806
:10c14c0000501bb3002605e03b880136b34205f1d5
:10c15c0080051bddab6dab42f6d1ec6d54b1dff855
:10c16c006890214603230222484609f01dfde46d28
:10c17c00002cf6d1032329461348022209f014fda2
:10c18c003b880136b34205f18005e3dc13f028fd52
:10c19c00b86830b1c368d8f800109847b86813f085
:10c1ac00dfff0a4a0a480b490023c2e900333b73fc
:10c1bc0003709360c8f80030bb603b80bb800b60a1
:10c1cc00bde8f883acd70020ecd10020d4d20020fd
:0cc1dc00edd500205cd4002080d40020b1
:020000040000fa
:020000040003f7
:10c1e80079b12c4b1b682de9f0410a46b1f9124090
:10c1f8002bb1002c03db284909688c4203dbbde81e
:10c20800f0410ff0d7ba53f824309342f7d1838e18
:10c218008446e3b9b2f85a60d36816f0010619bf2c
:10c22800d2e91356876a3546374683421ed0b2f89c
:10c2380056100139a2f856100ff0bcfa45b3334630
:10c2480039462046ac460122bde8f0416047036a02
:10c25800806a002243f04003acf83420bde8f04186
:10c26800ccf820300122614609f0d4bc016992f86b
:10c278003d0000238b8181075abf13689360acf897
:10c288005430dcf8203023f00803ccf82030d5e710
:0cc29800bde8f08198d4002094d4002070
:020000040000fa
:020000040003f7
:10c2a4002de9f0412b4c0646012500bf14f81c3c37
:10c2b4008bb134f8183c9b060dd514f81a3c5a1e61
:10c2c400022a08d8012b0dd054f8103c2046db6814
:10c2d400984704f81a0c01350b2d04f12404e5d118
:10c2e400bde8f08154f8143c34f9160c5b699847a6
:10c2f4000028f0d0184f97f80180b8f1010fead167
:10c3040054f8103c00229b6a7a70984760b954f83c
:10c31400103c54f8140c1b68984728b9052387f877
:10c32400018004f81a3cd6e754f8103c34f9162c72
:10c334004ff0010887f8018029469f68304623465c
:10c34400b84710b104f81b8cbee7052304f81a3c67
:0cc35400c1e700bf34c30020c4b80020c3
:020000040000fa
:020000040003f7
:10c360002de9f04103680c689c42b8bf1c46136875
:10c370001460882b9846a8bf4ff08808002c1546fb
:10c3800038dd021d002001f1040e2f1d84460646f3
:10c390005ef8041f52f8043f5b1846eb06010cf1ef
:10c3a000010c1b1841f10000644547f8043fefd130
:10c3b00060b3882c2fd0a31c0134a04545f823007e
:10c3c0002c6026dda8eb0402a61c9200002105ebe0
:10c3d000860013f013f805eb860301e02c609cb196
:10c3e00053f8042d013c002af8d06b686b600020e4
:10c3f000bde8f08100218b42116005dd4fea880223
:10c4000005f1080012f0faff0023efe744452c6025
:0cc41000d8dba61cdfe74ff0ff30e9e7a7
:020000040000fa
:020000040003f7
:10c41c002de9f8430e6804681546002e12682c604e
:10c42c0050dd01f1040e002100f104082f1d81469e
:10c43c008c4600bf5ef8040f58f8043f1b1a60ebe3
:10c44c0000000cf1010c5b1a60f10001664547f825
:10c45c00043f01f00101edd14846b4422fdd771cb9
:10c46c0000eb870005eb870c00e0013750f8043f28
:10c47c005b1a34bf01210021bc424cf8043f3e46fc
:10c48c00f3d1944208da921bb01c920005eb8000a9
:10c49c00002112f0adff74b1a31c05eb830301e086
:10c4ac002c6044b153f8042d013c002af8d06b6881
:10c4bc006b60bde8f88300236b60bde8f883b24283
:0cc4cc00e1dce8e700210e46c7e700bff6
:020000040000fa
:020000040003f7
:10c4d8002de9f0410546adf5687d0020012bec6a99
:10c4e80004908846174635d010ae234630460df0e6
:10c4f8003dfb2b46012200213046cdf77ffe2b6cf9
:10c508000446cbb105abee9a0793012300210b93a8
:10c518000423002a08bf02460f9128468df83c30b4
:10c5280007abcde90911cde90c11cde905870e91cd
:10c538000896f3f78bfa04463046fff7cff904a8bc
:10c548000ef034fe002c08bf012420460df5687d4e
:10c55800bde8f081cde901000094024604ab3946fc
:10c568004046eff7ebf9044640b90499eb6a8a684c
:10c57800096810ae30460df0f9fabae704a80ef0d3
:0cc5880015fe20460df5687dbde8f08131
:020000040000fa
:020000040003f7
:10c594002de9f0412a4c84420dd12268294e12889b
:10c5a40041f250039a4218bf0026b4f854302bb914
:10c5b4001846bde8f0810020bde8f0814a08cb08a8
:10c5c40002f0800203f00203134301f00402134358
:10c5d4004a0202f4806213430a0902f040024f093e
:10c5e40013430d4607f0100732463f2147ea03087c
:10c5f40011f03cf8b4f8563094f8a4209bb223ea26
:10c604000503a4f85630b4f85a309bb223ea080361
:10c614004746a4f85a305ab10025294608483a46f4
:10c6240013f046fc013594f8a430e9b28b42f5d8f6
:10c63400034832463f2112f0a3f90120bde8f081fe
:08c644002cd6002000d60020d6
:020000040000fa
:020000040003f7
:10c64c0038b518b14ff0ff35284638bd29480d468e
:10c65c000df09cfc04460028f4d02b070ed4038a62
:10c66c0023b3038c7bb34ff0ff3513f091fd23788c
:10c67c000133237013f08efd284638bd8388002bc0
:10c68c00f1d1038a5bb3038c002becd14ff0011179
:10c69c00c4e908140222e36204f12005a36284f8c1
:10c6ac002c20638843f00403638008e00121c4e973
:10c6bc0004140222e36104f11005a3612277a3881c
:10c6cc000133a380d1e74ff001110222e362c4e9e8
:10c6dc00081404f12005a36284f82c20efe7012153
:10c6ec000222e361c4e9041404f11005a36122776a
:08c6fc00d7e700bf68c9002068
:020000040000fa
:020000040003f7
:10c704002de9f0410d46c97b99421e4607469046e5
:10c7140014d1294640460bf017f985421fd0234a0d
:10c724002349244c40f29e53002008f021ff226844
:10c73400002afcd1022e31d0bde8f0811b4a1c49ed
:10c744001c4c40f29253002008f012ff216800298b
:10c75400fcd1294640460bf0f7f88542dfd100238f
:10c764002a7b2b606b60ab60eb602b61d7f8843065
:10c77400cbb11d60c7f88450d7f888300133c7f8af
:10c784008830032a4ff00103eb73d3d1f86804f027
:10c7940047ff7b8823f008037b80cbe7f868bde87c
:10c7a400f04113f0d3b9c7e92055e5e7a8e8040040
:08c7b400940a00009cd3002050
:020000040000fa
:020000040003f7
:10c7bc00c36a70b5c56d01332a7804460ad0036b81
:10c7cc00013307d0fab1b5f904000df0a9f984f8da
:10c7dc003e0070bd32b1b5f904000df0a1f984f83a
:10c7ec005b0070bd13f0d4fc06466868411c31d167
:10c7fc00a868421c25d1e868431c18d13046bde816
:10c80c00704013f0c7bc13f0c3fc0646b5f910001a
:10c81c000df086f984f83d00b5f914000df080f99f
:10c82c0084f83c003046bde8704013f0b3bc00b255
:10c83c000df076f984f85a003046bde8704013f0dc
:10c84c00a9bc00b20df06cf984f85900e868431cdf
:10c85c00d4d0ece700b20df063f984f85800a86866
:08c86c00421cc8d0ede700bf3b
:020000040000fa
:020000040003f7
:10c8740070b5fab001ad0024102106462846cde972
:10c884000544cde90744cde90944cde90144cde9a6
:10c8940003440b940ef08af80ca812f055fb96f89a
:10c8a4007130012b0cd1f36b326c0693f36d05924e
:10c8b400079395e80f000df1200c8ce80f001c2461
:10c8c400224605a90ca812f021fe05a90ca812f015
:10c8d40025fe0ff089f805460e46740113f0c0f9e1
:10c8e4006b015b1b44ead56464eb0604640244ea0e
:10c8f400d3545b025b1946eb04040246a101980180
:10c90400c01a41ea936161eb0401401946eb01014d
:10c914008009002340ea8160890910f025f8059b0d
:08c9240018447ab070bd00bf99
:020000040000fa
:020000040003f7
:10c92c00837d032b45d02de9f041234e356825b18d
:10c93c00013535600120bde8f08110f0f9f91f4b8d
:10c94c00dff89080186001231d4cc8f8003003e01c
:10c95c00d8f80030ab4222d92046e822002112f050
:10c96c0047fd4ff0ff374ff480534ff0010e4ff659
:10c97c00ff7cc4e9313384f8dae0a763a78784f835
:10c98c0014c0104900221f200df0eefbe8340135d5
:10c99c0044f81c0c0028dbd10020bde8f0810a4bc8
:10c9ac000a4a0b48042106f045fa0028f4d03568f1
:10c9bc00bee70120704700bf20d400201cd400200b
:10c9cc00b8c7002085ca000044310000583100006f
:08c9dc001cc5040024d4002056
:020000040000fa
:020000040003f7
:10c9e40070b52a4d2b7eda0727d5294c1ee06968dd
:10c9f40001f00701012903f1010236d02549cb5c7e
:10ca0400dbb22169914298bf0022e26063f307061a
:10ca14006b6803f00703012bb6b21abff3b2ab6223
:10ca2400ae62237d53b92b7edb0706d5a268e3688b
:10ca34009a42dcd1154b01221a7570bd2269a16896
:10ca4400e36899423cbf20690918cb1a2168002980
:10ca5400e9d06168207f013ad21aa36978b1934280
:10ca6400e1d8236803209847dde7590009480131dc
:10ca740010f81330415cdbb261f31f26c1e7934227
:10ca8400d1d1236803209847cde700bf003400408c
:08ca940048cf0020e8a70020b4
:020000040000fa
:020000040003f7
:10ca9c00002855d02de9f0410e4688b000294cd025
:10caac004ff001080092cdf804801f460b680393e9
:10cabc00144605ab03aa302105460df0ddfb00281a
:10cacc0038db234604aa03a928460df08bff002867
:10cadc0030db00943a460223284606f06bfa002815
:10caec0028db039b03eb0802944223d3e95c062961
:10cafc0010d00094012405ab03aa0421284601940c
:10cb0c000df0bafb843015d0039b0598336008b048
:10cb1c00bde8f0810693cdf80480009407ab06aa1b
:10cb2c0028460df0a9fb002804dbdde9063213448e
:10cb3c000393dee76ff08b00e9e76ff0ac00e6e7fc
:08cb4c006ff0ac00704700bf60
:020000040000fa
:020000040003f7
:10cb54002de9f04b86b00546129fdde90e04a5b31e
:10cb6400894690461e466bbb78b3d5f82031a34264
:10cb74002bd1002f40d0d5f818310133c5f8183126
:10cb840033b9d5f81c310133c5f81c31002b37d02b
:10cb940005f1f80b2246594612f0eaf8139bcdf83a
:10cba40000b0cde90473119b0393109b4246cde979
:10cbb400014349463346284607f058f940b106b0c8
:10cbc400bde8f08b0ab10029ced16ff0ac00f6e7d6
:10cbd400012cf4d404f1f8022a4401e0fa29eed439
:10cbe400114612f8013d0133dbb2491b1370002bcf
:10cbf400f4d006b0bde8f08b139b002bbbd0e4e768
:08cc04000048dce7fcfeffff25
:020000040000fa
:020000040003f7
:10cc0c00836810b50446002b4fd051b390f83821ef
:10cc1c0090f83911032a4bd0d4f8f020d3f89ac1ec
:10cc2c00d3f89e01d3f8a211d3f8a6e1c2f848e0dc
:10cc3c00c2f83cc010645164d3f8b211d3f8aac145
:10cc4c00d3f8ae01d3f8b6e1c2f858e0c2f84cc044
:10cc5c0010655165a368d4f8f02093f8ba1182f8e6
:10cc6c005c105a687ab102f5c1700021134601328a
:10cc7c0082421970fad1a368586810b10ef072f89c
:10cc8c00a36800225a60186810b10ef06bf8a36804
:10cc9c000021196003f5f6701a46013383421170b6
:10ccac00fad1a06808b10ef05df80023a36010bda6
:08ccbc000329d6d8b0e700bf40
:020000040000fa
:020000040003f7
:10ccc4002de9f041244a254b90b0cde904230446d4
:10ccd40004ae06af56f8045b284608f0d7f80028df
:10cce40032d03a460aa910f0fdf91d4923682a46b4
:10ccf400002824d007980290099801900898009081
:10cd0400d3f804806068069bc0470b9a236802929c
:10cd14000f9a01920d9a0092d3f8048011490a9b4c
:10cd240060682a46c047be42d4d123680e4a5b6875
:10cd340012680e496068984710b0bde8f0810c494c
:10cd44005b6860689847eee723680a495b68606837
:10cd54002a469847e7e700bf4852000050520000b7
:10cd6400685200009052000018d50020d4520000f0
:08cd7400b85200005852000003
:020000040000fa
:020000040003f7
:10cd7c0038b51d4a1378002b2fd11c480178e9b91e
:10cd8c001b4c1c4d0123237003701b4b1b4c186850
:10cd9c001b4b2b60032323601a4c137023601a4b1c
:10cdac001a4c19701a4a1b4b217011701970b0b1c2
:10cdbc00036819495b68406898470ce0174c0d48ac
:10cdcc002370174c0460174d114c1248237001212d
:10cddc00297003701170012038bd002038bd0e4938
:10cdec0008f0c2fbf7e700bf1ad6002010d60020cf
:10cdfc0011d6002064d500204cd500205cd5002035
:10ce0c002000040060d5002015d6002016d6002086
:10ce1c001cd6002019d60020ec70000013d6002080
:08ce2c0003ca040012d6002025
:020000040000fa
:020000040003f7
:10ce340038b5e8b103880446d3b190f90c30022b1d
:10ce440016d140680d460df0a5f888b164681db18f
:10ce5400eb7b9a1e012a0fd96ff0010554b113f030
:10ce64009bf923780133237013f098f9284638bdd1
:10ce74004ff0ff35284638bdaa7b052a0ad9032b73
:10ce84000ed104f19802032329462046fff738fc0b
:10ce94000025e3e7022b12d104f18c020223f3e70d
:10cea40040f27f530c4a0d49002008f061fb0c4b03
:10ceb4001a68002afcd1ab7b052be2d8ece740f2e0
:10cec4007b53054a0549002008f052fb044b1a68bd
:10ced400002afcd1efe700bfecee0400940a000046
:04cee4009cd30020bb
:020000040000fa
:020000040003f7
:10cee800844691b1294b1b687bb1f0b5b1f9744008
:10cef800002c85b003db264a1268944208d36046aa
:10cf080005b0bde8f0400ef055bc60460ef052bcce
:10cf180053f824308b42f2d10669b3f87620318a6f
:10cf280011f0080f0cbf012103210a401dd19b6c91
:10cf38009842e5d1134615461146dcf8200020f04a
:10cf480008070020ccf85400ccf84800ccf86c0056
:10cf5800ccf860003060b081ccf82070a5b12046d4
:10cf6800ac4605b0bde8f04060479f6c816a8742d7
:10cf7800d3e91e53e1d0cde9023101920ef01afc3b
:10cf8800dde90231019ae9e705b0f0bdccd3002014
:04cf9800bcd30020e6
:020000040000fa
:020000040003f7
:10cf9c0000284ddb294a1268904249da284a126867
:10cfac0010b552f82040002c46d00b46002941d039
:10cfbc0054221846002112f01bfa94f85c20012a26
:10cfcc00034608d1d4e9050158605961d4e9070139
:10cfdc001a7058625963d4e90002a16a5964121a92
:10cfec00a16c606a9864a3f84e20a3f84c1094f8d6
:10cffc003c0094f85d1080f0040441f30002c4f38b
:10d00c00800402f002022243040758bf42f00402db
:10d01c008c0748bf42f00802c00658bf42f010020d
:10d02c00490748bf42f0200283f85020012010bd70
:10d03c0000207047084610bd204610bd94d4002037
:04d04c0098d4002054
:020000040000fa
:020000040003f7
:10d050002de9f0430e688768002e47f3000748dd8e
:10d060004ff0000c50f8048b01f1040e151de14641
:10d07000644600bf50f8043f5ef8041fe045d8bf87
:10d08000002339405b1844eb04010cf1010c13eb55
:10d09000090341f10009b44545f8043fead1012ee6
:10d0a0004feac9792bd01046731e50f8085f1f460f
:10d0b000002469084568013441eac5719c4240f882
:10d0c000041bf6d102eb87000024816849ea510174
:10d0d0008160b11cc2e9006402eb810102e01360cf
:10d0e00023b1013b51f8040d0028f8d00020bde821
:10d0f000f0834ff0000901264f464b46e2e7002738
:04d100003b46dfe7e4
:020000040000fa
:020000040003f7
:10d10400904270b514460d460bd0d0e9003200f1c0
:10d114000801c4e9003204f108004ff4087211f068
:10d1240027fe1f2d3edc15f01f0e236810d1002ba7
:10d1340036d0991c04eb810101e0236083b351f8dc
:10d14400042d013b002af8d063686360002070bda1
:10d154006d4205f01f05764658bf6e42002bc6f19e
:10d164002006e4dd002004f1040c02465cf8045fb0
:10d17400013005fa0ef10a448342ccf8002025fa66
:10d1840006f2f3d13ab1872b05dc991c01332360f5
:10d1940044f82120cde7882bcbd14ff0ff3070bd70
:10d1a4000023d2e76911204607f074f90028bad0a9
:04d1b40070bd00bf8b
:020000040000fa
:020000040003f7
:10d1b800002854d0f0b5372793b0164604460d46dc
:10d1c8003a46002104a812f015f9cde9025604f1f7
:10d1d8000806019701233a46009604a92046f3f76a
:10d1e80097ffc8bb04adb646a44610af2c460fcc7b
:10d1f800bc420ef1100e05f110054ef8100c4ef859
:10d208000c1c4ef8082c4ef8043cefd12868cef8d8
:10d218000000aa88aef80420aa798ef80620644691
:10d2280004ab0df1470000211a4601338342117007
:10d23800fad13722cde90211cde90062002304f1c9
:10d248003f012046f3f764ff30b90123c4e90030f9
:10d2580084f8800013b0f0bd012013b0f0bd0120a8
:04d26800704700bf4c
:020000040000fa
:020000040003f7
:10d26c0010b50446d0f8980088b000284cd0d4f8fb
:10d27c009c308df81c100229c4e940218df81d202a
:10d28c00184405d194f8363243f0100384f8363242
:10d29c0094f824320bbb1523037094f83831437087
:10d2ac0094f83931837094f836325b075cbf4ff4d5
:10d2bc000073a0f80330bdf81c30a0f8053007222d
:10d2cc00d4f89c301344c4f89c30204604f04afb3c
:10d2dc000023c4e9423308b010bd94f85d30002b34
:10d2ec00d9d0002315210222cde90021cde9043348
:10d2fc00cde902334822014607ab2046e1f7d2fbc9
:10d30c00021eddda0248e6e76ff08300e3e700bfb8
:04d31c00c0feffff51
:020000040000fa
:020000040003f7
:10d32000f8b50446d0f810011e466ff4a173984278
:10d330000f46154607d0022805d038b16ff4a37305
:10d34000984203d0f8bd0023c4f8103194f840325d
:10d35000102b0bd0204611f0d9ff012806d0f8bdc4
:10d36000d4f702fd0028c4f810011cdbd4f8b81073
:10d3700020460029f4d08d4228bf0d462a46d4f815
:10d38000b410384611f0f6fcd4f8b8102eb9d4f821
:10d39000b430491b2b44c4e92d3111b994f88c30b9
:10d3a0009bb92846f8bd6ff4ab7398420bd010f5cb
:10d3b0009a7fc7d194f8363213f0180fc2d06ff4a9
:10d3c000c673c4f810310020f8bd204600f08cff71
:04d3d0002846e7e71d
:020000040000fa
:020000040003f7
:10d3d4002de9f04f846899b0d4e90178054611f03d
:10d3e40093f908aed4f85e11d4f86221d4f866310a
:10d3f40095f846a1d5f824b0dff884e08146d4f846
:10d404005a01b446ace80f00d4f86a01d4f86e119e
:10d41400d4f87221d4f87631ace80f00d4f87a014c
:10d42400d4f87e11d4f88221d4f88631ace80f0008
:10d43400d4f88a01d4f88e11d4f89221d4f8963114
:10d44400ace80f00d5f87832029604f2bb10402401
:10d4540003940d24cde906b3cde9049acdf800e098
:10d4640043463a463021019406f084fc10b119b0c9
:10d47400bde8f08f284619b0bde8f04ffef792ba28
:04d4840080f8040028
:020000040000fa
:020000040003f7
:10d488008b1e012b2de9f04104460bd90368234973
:10d498005b6840689847d4e9003021495b68bde87b
:10d4a800f0411847164600220d467068114611f0e3
:10d4b800bfff032d074609d0d4e9002054683b6814
:10d4c80018493a46a446bde8f04160470022b068d2
:10d4d800114611f0adff02280dd00428ecd0012828
:10d4e80014d1d4e9002054683b780f493a46a44641
:10d4f800bde8f0416047d4e900203b8854680b49f7
:10d508003a46a4469bb2bde8f0416047236860688c
:10d5180007495b68bde8f041184700bf3454000074
:10d5280060540000a8540000805400009454000087
:04d538001854000083
:020000040000fa
:020000040003f7
:10d53c00c43c0000b5560300ec580000085900002c
:10d54c0071ac0400145900002c590000918e03009a
:10d55c003459000060590000850604006859000029
:10d56c00140d0000c5cc03009c590000c4590000e8
:10d57c0075bd0300cc590000045a0000b51b030014
:10d58c000c5a0000345a000089d403003c5a0000a5
:10d59c00745a00000db503007c5a0000c05a0000fc
:10d5ac008dbc0400cc5a0000f05a000041700400fd
:10d5bc00f85a0000ac5b00009dce0400345b000008
:10d5cc00745b0000fdec0400805b0000b85b0000a5
:10d5dc00f1050400c05b0000081f0000a1700400ee
:04d5ec00085c0000d7
:020000040000fa
:020000040003f7
:10d5f00040f2ea53994270b506462ed9224a234892
:10d600001d461368013313600af000fb044658b34b
:10d610000369986860612a46314611f0abfbd4e992
:10d6200004031b49858100220e33c4e90212a36161
:10d6300084f82e20012010f0effed0b1154a006dc5
:10d64000136801331360144b1a88aa4238bf1d8037
:10d650002146bde8704002f061bb0c480d460af05f
:10d66000d5fa04460028d3d10c4a1368013313605d
:10d6700070bd0b4a1368014601332046bde8704077
:10d68000136009f0fbbf00bf70d5002090d20020ce
:10d690007d7604007cd500200ed3002084d50020a8
:04d6a00080d5002011
:020000040000fa
:020000040003f7
:10d6a4002de9f04f274b90f80441195d83b0002910
:10d6b40043d14ff001021a55234e41f2d01202fb1e
:10d6c40004f4a3190546184611f096fe04f5885291
:10d6d4001c3200f58e5a3244034600f58d590192ee
:10d6e40000f5885095f804218646d04690340af80f
:10d6f400012f164a03f58c5c34444e4649f8142f26
:10d704004ff0010201460746e3460ef8182f019a2e
:10d714004cf8142f40f80c3f4ff018090420022253
:10d7240001f8100f08f8039f47f8144f0bf8182f4f
:10d734001846356003b0bde8f08f0023184603b0e7
:10d74400bde8f08ffcd500200878002078354248e9
:020000040000fa
:020000040003f7
:10d754002de9f04f85b09246ddf83890002a4cd080
:10d76400074698460c460126257b711e012d1ffa9b
:10d7740081fb08d0022d32d001213846cdb1584664
:10d7840005b0bde8f08f6368cde90289a268019213
:10d79400627b0092226803213846f6f7ddff0028f9
:10d7a400edd0731cb2459bb204f1100412d91e468d
:10d7b400dae763680195cde90289657b2268009503
:10d7c400f6f7caff0028dad0731cb2459bb204f105
:10d7d4001004ecd8b346584605b0bde8f08fcde947
:10d7e400028900230193617b22680091384629460f
:10d7f400f6f7b2ff0028d4d1c1e79346bfe700bfd4
:020000040000fa
:020000040003f7
:10d8040000284dd0b0f84220f8b544f2400313424a
:10d81400044629d10d46f1b1826d904203d0b2f88d
:10d824004220134217d01f4eb4f8683034610327e6
:10d83400012221462846b382b775f3f7bffba8b18e
:10d84400286a0ff09df900f0fd03012b054604d072
:10d8540012f000fae8b90020f8bd0022f075114674
:10d864003046e8f769fd68b10120f8bd12f0f2f91d
:10d874000028f0d012f0e8f90b49b4f8682007f05a
:10d8840077fee8e73b4604222146304608f090f94b
:10d89400e1e712f0d9f905492a4607f069fedae70b
:10d8a40000207047ecd10020d83600001836000064
:020000040000fa
:020000040003f7
:10d8b400f0b5adf50b7d054668460e46174610f0eb
:10d8c400cffe20b1044620460df50b7df0bd394650
:10d8d400684612f093fc044630b1684611f00afd24
:10d8e40020460df50b7df0bd012168460ef0c8fc05
:10d8f400b8b9314628460ff049fd04460028ecd15a
:10d9040006f50a7105f50a700ff040fd044600287b
:10d91400e3d106f58a6105f58a600ff037fd044608
:10d92400dbe733463a466946284612f053fc044680
:10d934000028d2d106f50a733a46694605f50a70fd
:10d9440012f048fc04460028c7d106f58a633a461b
:10d95400694605f58a6012f03dfc0446bde700bf48
:020000040000fa
:020000040003f7
:10d9640000284fd070b50d4682b016460446f1b17a
:10d97400d4f8243102330bd194f82131e3b194f873
:10d9840020010338032840d8dfe800f0242c341c9d
:10d994000023009394f8201133462a46204605f0cc
:10d9a4000dfc6ff487739842e6d002b070bd002a74
:10d9b400ded06ff0ac00f8e7204609f049fd0028fe
:10d9c400ddd0f2e732462946204602b0bde8704079
:10d9d400f6f754bb32462946204602b0bde87040f3
:10d9e400f8f742bd32462946204602b0bde87040f1
:10d9f400f4f786b932462946204602b0bde87040a5
:10da0400f8f78cb96ff0ac0070470020cde700bf89
:020000040000fa
:020000040003f7
:10da14002de9f043d0e90037002bd2f800809c4672
:10da2400c2e9003743dd0024061d02f10409204643
:10da3400a64600bf56f8045f0134e5fb010e9c4284
:10da440049f8040f70464ff0000ef3d158b3882cf8
:10da540033d0631c0234984513609c4642f824007a
:10da640010ddbcf1870f0ddc0cf1010102eb81002c
:10da7400002402e0882904d00131884540f8044f8d
:10da8400f8d173b1991c02eb810101e0136043b139
:10da940051f8040d013b0028f8d057600020bde880
:10daa400f0830027f9e7a0452346dadceae7b8f17a
:10dab400000fe6dd4ff0000cd6e74ff0ff30eee745
:020000040000fa
:020000040003f7
:10dac400f0b587b00c9e109f60b359b304463ab3c7
:10dad40046b3002f44d0d4f820510d98854221d16b
:10dae400d4f818010130c4f8180130b9d4f81c0175
:10daf4000130c4f81c01002836d011980195cde9f5
:10db040004700f98039004f1f8070e9802900097a0
:10db14002046e3f733fd054638b1284607b0f0bd8b
:10db2400002bd5d06ff0ac05f7e7d4f820213946a7
:10db3400304611f01df9d4f82021012aedd4f83231
:10db4400224401e0fa29e8d4114612f8013d0133d8
:10db5400dbb2091b1370002bf4d0284607b0f0bdcc
:10db640011980028b7d0dde76ff48275d5e700bfc0
:020000040000fa
:020000040003f7
:10db74002de9f843dde9088700284ad00c4600293e
:10db840047d005464868002843d016469946d1e94f
:10db94000523934240dc91f82020520725d52b68b9
:10dba4003146db6a4a46ccf72bfb064678b100f1d6
:10dbb4009703012b0bd900200446b8f1000f01d0c4
:10dbc400c8f8004007b138603046bde8f88364689f
:10dbd40094f85c335b072b684cbf04f5337438341a
:10dbe400d86a214607f03efee7e7096801ebc30166
:10dbf400d1e900126b6a0bf0bbff94f82030606827
:10dc040043f0040384f82030d5f87832c0f8403368
:10dc1400c5e76ff0ac06d7e76ff08306d4e700bf23
:020000040000fa
:020000040003f7
:10dc240070b5d0f8b05082b0eb69044600260069a4
:10dc34008df807609847012826d02b6a20699847f9
:10dc440020bbb4f8483013f001061fd06b6b206979
:10dc5400b4f84a500df1070198479df807301807aa
:10dc64001fd5b4f84a5045f4005594f84c20a4f854
:10dc74004a502946204604f003fb237e002243f049
:10dc8400100384f84e20237602b070bd237e23f067
:10dc9400300323760ff052fe84f84e60206402b005
:10dca40070bd590706d49a0709d5b4f84a5045f40b
:10dcb4000045dae7b4f84a5045f48055d5e7db0768
:0cdcc40044bfb4f84a5045f48045cee758
:020000040000fa
:020000040003f7
:10dcd000002943d0f8b5234f1d460024012600bf7c
:10dce00006fa04f22a421cd0e2b21f2a11d8dfe859
:10dcf00002f0302b262110101010101010101010f0
:10dd00001010101010101010101010101010101013
:10dd1000101c3846013404f095f806fa04f22a4241
:10dd2000e2d10134202cdbd1f8bdbde8f8400e482b
:10dd300004f088b80d4804f085f80424d0e70c48b6
:10dd400004f080f80324cbe70a4804f07bf80224af
:10dd5000c6e7094804f076f80124c1e7014804f059
:10dd600071b800bfe4080000cc080000b80800004b
:0cdd7000a40800008c08000074080000eb
:020000040000fa
:020000040003f7
:10dd7c00294b0122bb21b02083f84c204ff0410ce1
:10dd8c0083f84d2083f84e2083f84f2083f85120e0
:10dd9c0083f8522083f8532083f8361083f8371019
:10ddac0083f83800222083f8391083f8d8c083f820
:10ddbc00d9c083f8bc004ff49020c3f800014ff495
:10ddcc009820c3f81001062083f84e01402083f8f8
:10dddc004f01002083f8520183f8542183f8562117
:10ddec0083f8572183f859c183f85b214ff00b0c52
:10ddfc0083f85c2183f83701202283f83901022053
:10de0c0083f83ac183f83b1183f83c2183f83d2118
:0cde1c0083f83e01704700bf0080004109
:020000040000fa
:020000040003f7
:10de2800002945d070b5054600283ed1244c012371
:10de380084f838300b686360db680e469847e82141
:10de48001da3d3e90023e060a0fb01010ef08afdc9
:10de58004ff6ff73b288a36147f6ff7325612281ed
:10de6800e36100220023c4e90a23636884f8305080
:10de780002301b6820626563124829469847636828
:10de88001a6912b1208b90476368e0695b6980b2b8
:10de9800984763685b689847a02200210a4811f0f8
:10dea800a9fa02232370064870bd4ff0ff3070bdf9
:10deb8004ff0ff30704700bf000e2707000000003a
:0cdec80088cf0020d18c03000cca002081
:020000040000fa
:020000040003f7
:10ded4002de9f041274c94f83030054693b394f87b
:10dee40031706b1e033322d8abb2042b1fd8224ee1
:10def40006eb43104fea4318c3699d4217d10378d8
:10df0400abb1437883bb06eb08030025b4f90800e2
:10df14001d7539461d705d7510f0b6f894f83030f3
:10df240013b9012384f838302846bde8f081b4f9e8
:10df34000800394610f0a8f894f830300125002b79
:10df4400f2d1eee794f83820012a03d001252846bf
:10df5400bde8f081b4f9080084f838300bf0e4fd32
:10df6400074684f83100bce70bf0b2fa0023437093
:0cdf7400c9e700bf88cf00200cca0020c5
:020000040000fa
:020000040003f7
:10df800070b516468eb0a0b1274ad0f834514ff084
:10df9000000c9646def80040a5420ef10c0e18d09b
:10dfa0000cf1010cbcf1080ff4d16ff487700eb0c6
:10dfb00070bd1d4a8446964605e000bf0cf1010c79
:10dfc000bcf1080ff1d0def8004002340ef10c0e67
:10dfd000f4d00ceb4c0c02eb8c046568002de4d003
:10dfe000cde90563129b0793139b0893149b099338
:10dff000159b0a939fed0a7b169b0b93179b0c9323
:10e000000123cde903018ded007ba2682068029316
:10e010006946a84710f1ae0fc7d00eb070bd00bf63
:0ce02000020000000300000030cd0020d2
:020000040000fa
:020000040003f7
:04e02c0008467047eb
:020000040000fa
:020000040003f7
:10e0300070b516468eb0a0b1274ad0f834514ff0d3
:10e04000000c9646def80040a5420ef10c0e18d0ea
:10e050000cf1010cbcf1080ff4d16ff487700eb015
:10e0600070bd1d4a8446964605e000bf0cf1010cc8
:10e07000bcf1080ff1d0def8004002340ef10c0eb6
:10e08000f4d00ceb4c0c02eb8c046568002de4d052
:10e09000cde90563129b0793139b0893149b099387
:10e0a000159b0a939fed0a7b169b0b93179b0c9372
:10e0b0000023cde903018ded007ba2682068029367
:10e0c0006946a84710f1ae0fc7d00eb070bd00bfb3
:0ce0d000020000000300000030cd002022
:020000040000fa
:020000040003f7
:04e0dc00704700bfca
:020000040000fa
:020000040003f7
:10e0e00070b516468eb0a0b1274ad0f834514ff023
:10e0f000000c9646def80040a5420ef10c0e18d03a
:10e100000cf1010cbcf1080ff4d16ff487700eb064
:10e1100070bd1d4a8446964605e000bf0cf1010c17
:10e12000bcf1080ff1d0def8004002340ef10c0e05
:10e13000f4d00ceb4c0c02eb8c046568002de4d0a1
:10e14000cde90563129b0793139b0893149b0993d6
:10e15000159b0a939fed0a7b169b0b93179b0c93c1
:10e160000123cde903018ded007ba26820680293b5
:10e170006946a84710f1ae0fc7d00eb070bd00bf02
:0ce18000020000000c00000030cd002068
:020000040000fa
:020000040003f7
:04e18c00704700bf19
:020000040000fa
:020000040003f7
:10e1900070b516468eb0a0b1274ad0f834514ff072
:10e1a000000c9646def80040a5420ef10c0e18d089
:10e1b0000cf1010cbcf1080ff4d16ff487700eb0b4
:10e1c00070bd1d4a8446964605e000bf0cf1010c67
:10e1d000bcf1080ff1d0def8004002340ef10c0e55
:10e1e000f4d00ceb4c0c02eb8c046568002de4d0f1
:10e1f000cde90563129b0793139b0893149b099326
:10e20000159b0a939fed0a7b169b0b93179b0c9310
:10e210000023cde903018ded007ba2682068029305
:10e220006946a84710f1ae0fc7d00eb070bd00bf51
:0ce23000020000000c00000030cd0020b7
:020000040000fa
:020000040003f7
:10e23c002de9f04100284dd00c4600294ad0154656
:10e24c00002a47d0d0f8a87102379846064639d133
:10e25c005fead80733d004ebc70706f5c07819e09e
:10e26c00d6e9602329684a40c6f880216a68534081
:10e27c00c6f88431424641463046f9f787fdd8f856
:10e28c000030d8f80420626023600834bc4205f1e9
:10e29c00080514d048ea05039b07e1d006f27f136a
:10e2ac0005f1ff3e06f2871213f801cf1ef8010f9d
:10e2bc0093428cea000c83f800c0f5d1dae7002019
:10e2cc00bde8f08100f0a6fc6ff487739842bfd0d4
:0ce2dc00bde8f0816ff0ac00f2e700bf7d
:020000040000fa
:020000040003f7
:10e2e80070b5d0e920630446f61a01b3c06f94f8fc
:10e2f8008d3004f17405d4f88810c01a51b1014466
:10e3080000220346013081421a70fad194f88d3008
:10e31800e16fc81a08b10cf027fd0023c4e9206397
:10e328000522e567c4f88820a4f88c3070bd052e56
:10e33800fcdc002ec06f0edc94f8242294f88d309b
:10e34800bab104f1740594f85d20002ad3d1c01a3b
:10e358000028e0d1e1e704f17405c11832462846e7
:10e3680010f004fd94f824324bb1e06f94f88d302e
:10e37800e9e7c01a04f174050028ccd1cde794f878
:0ce388008d20e36f981a0028c5d1c6e76d
:020000040000fa
:020000040003f7
:10e3940070b590f8383190f839414568032b35d081
:10e3a40090f8483185f8583153b3022685f85761ff
:10e3b40052b3012a3fd0a2f1020c2cf0010c8b1ca9
:10e3c4009c446ff4fa700a784b78082a9e461cbf66
:10e3d400134672469e420fd895f858e19645a3f12c
:10e3e400020409d1022c07d818b995f857219a428a
:10e3f40001d385f85731002002316145e3d170bd66
:10e4040090f8463185f85731002070bd032c09d9a6
:10e4140090f8e030c3f305049b0685f85841efd02b
:10e424000426c3e790f8483185f85831002be7d02b
:0ce43400032cbad1f4e76ff4fa7070bd4d
:020000040000fa
:020000040003f7
:10e44000012970b5044620dc1f4d02682b78566800
:10e450004068c3b11d4a1e49b0472b784bb12368b1
:10e460001c495b6860689847d4e900301a495b68ca
:10e4700098472046bde8704000f014bed4e9002063
:10e48000114d56682b70154ae5e71346002258686f
:10e49000114610f0d1ff03460028efd0104b1b7837
:10e4a00033b9094d22686068566801232b70d1e7a3
:10e4b000236860680b495b689847d4e900300a49d3
:10e4c0005b68bde87040184722d60020a8600000b5
:10e4d000088300002883000070830000a46000000f
:0ce4e00021d6002090820000dc820000a9
:020000040000fa
:020000040003f7
:10e4ec0010b51e4c944210d1082932d8dfe801f047
:10e4fc000e13171c2125292d0500194803f09cfc2f
:10e50c00002384f8d83084f8943010bdbde8104056
:10e51c00144803f091bc144803f08efcf0e7bde8fe
:10e52c001040124803f088bcbde81040104803f0be
:10e53c0083bc104803f080fce2e70f4803f07cfc3e
:10e54c00dee70e4803f078fcdae70d4803f074fcc4
:10e55c00d6e7bde810400b4803f06ebca0c5002008
:10e56c00580a000094090000ac090000c40900001e
:10e57c00dc090000f8090000100a00002c0a000059
:08e58c00440a00006c0a0000c3
:020000040000fa
:020000040003f7
:10e5940038b58b7b022b0c46054623d0032b07d0c2
:10e5a400012b27d1c06811f0d7fa002830d038bd2c
:10e5b400c06811f0d1fa0028f9d1a1886389e8680c
:10e5c400c1f34402c1f3831142f0010241f010018e
:10e5d4000ff070f8637b13f0010f14bf06230223be
:10e5e400a37338bdc06811f0b7fa0028dfd1062341
:10e5f400a37338bd0d4a0e494ff49f63002006f003
:10e60400b7ff0c4a1368002bfcd10723a37338bd52
:10e61400a2882389e868c2f3831141f01001c2f390
:10e6240044020ff047f80323a37338bd4cee0400f3
:08e63400940a00009cd30020b1
:020000040000fa
:020000040003f7
:10e63c00f0b5274f002378683b82adf5017d0ff0d4
:10e64c00fbf800bf11f02ef80028fbd1786800f51c
:10e65c0000500ff0f1f800bf11f024f80446002828
:10e66c00fad14ff40072ff21684610f0c1fe194b2d
:10e67c0000934ff4005610257968684631440ef02b
:10e68c0015fb786830440ff0c5f800bf11f00af89c
:10e69c000028fbd10135adb2202d06f5007614d043
:10e6ac002b07f7d44ff40072ff21684610f0a0fe40
:10e6bc00013405f00f03a4b2012badf80040dbd1ff
:10e6cc0043f27613adf80230d6e70df5017df0bdbf
:08e6dc0000bb00200000454dc9
:020000040000fa
:020000040003f7
:10e6e40038b5837d032b04d01b4d2c681cb1013439
:10e6f4002c60012038bd194a01881160184b194a51
:10e704001948112104f09afb88b1184b18491c6070
:10e7140022461e200bf02cfd164b186060b1164be0
:10e724001c700ef009fb154b2c681860dfe711f024
:10e7340091fa58b9002038bd11f08cfa0028f9d0ac
:10e7440011f082fa0e4906f013fff3e711f07cfa98
:10e754000c4906f00dffede708d4002018d4002082
:10e764005024000064240000a4a70300e4d3002084
:10e77400151902000cd40020e1d5002004d4002097
:08e78400902400006c24000049
:020000040000fa
:020000040003f7
:10e78c002de9f047804610461f4615460e460ff001
:10e79c0019f9044638460ff015f9814628460df054
:10e7ac00abf9824638460df0a7f95444044431685d
:10e7bc0004eb090c0cf10603994231d30cf1040063
:10e7cc00b8f1000f26d030237f2888f800301cd9f0
:10e7dc0008f1010105f09cf83168441c091b28461e
:10e7ec0008eb040206f0f6fe00280cdb316804444a
:10e7fc0008eb0402091b384606f0ecfe002802db8d
:10e80c00204430600020bde8f08788f801003168b2
:10e81c000224e3e77f2801d80224dfe74146d9e749
:08e82c006ff08300efe700bf6d
:020000040000fa
:020000040003f7
:10e83400002846d070b50d4600293fd00646044650
:10e8440056f80c3b5a1c02608022f2540368382ba1
:10e8540027d8f018c3f13802002110f0cdfdd4e917
:10e8640001305a0f02ebc002db0031466364a2643c
:10e874002046d8f753fce16c636d226da06d2960ce
:10e88400ab601149114be8606a60c4e91313104a84
:10e89400104b0020c4e91523c4e90000a0602066e1
:10e8a40070bdc3f14002f018002110f0a5fd3146ff
:10e8b4002046d8f733fc38223046cde76ff0ac0061
:10e8c40070bd6ff0ac0070470123456789abcdef95
:08e8d400fedcba987654321004
:020000040000fa
:020000040003f7
:10e8dc0090f836325b07f0b51cd500239c469e465b
:10e8ec001c4618461d461e461f46002164f30701b0
:10e8fc006ef30f216cf3174163f31f61002367f371
:10e90c00070366f30f2365f3174360f31f6311606e
:10e91c005360f0bda1b1d0e983514b1cc0f810324b
:10e92c004fea1564c5f3074ec5f3072cebb21cd3a5
:10e93c000135c0f80c52ff20054606460746d4e7c1
:10e94c00d0e985514b1cc0f818324fea1564c5f359
:10e95c00074ec5f3072cebb207d30135c0f81452a0
:10e96c00ff20054606460746bfe70f0ec1f30746d4
:08e97c00c1f30725c8b2b8e79a
:020000040000fa
:020000040003f7
:10e9840038b5058c826804462807136922d5d9074f
:10e9940020d55178eb0ac8074fea4313b4f8440072
:10e9a40048bf43f4806343f0010322289ab22ad07b
:10e9b400890748bf43f400620421204603f074f938
:10e9c40038b140f20113ab430cbf134b134bc4f8e3
:10e9d4001a3038bd15f4c0421cbfc3f300125203f1
:10e9e40015f4a04f18bf42f48072db0548bf42f40f
:10e9f40080420021204603f057f90028e9d0084b53
:10ea0400c4f81a3038bdb4f8460000f4b150b0f57b
:10ea1400b15fcdd1d0e700bf0400060004000800b8
:04ea240004000a00e0
:020000040000fa
:020000040003f7
:10ea2800274b1b68984241d100283fd030b5006879
:10ea38008db0154610f076fb044600283cd0a2683d
:10ea480020686168e368ee46aee80f0020696169f6
:10ea5800aee80300206861680df1180cace80f00ff
:10ea6800206961691822ace80300714668460ff016
:10ea7800b8f80028e3d19df80030db0719d595b127
:10ea8800bdf81020aa80dde90112bdf80030039816
:10ea98009df8124028601b0ac5e90212ab71ddf827
:10eaa8001330ec712b6100200db030bd6ff00b00fe
:10eab80070476ff00e00f7e76ff00d00f4e700bf46
:04eac800a8d40020ae
:020000040000fa
:020000040003f7
:04eacc00012070476e
:020000040000fa
:020000040003f7
:10ead00070b516468eb0a0b1254ad0f834514ff02b
:10eae000000c9646def80040a5420ef10c0e18d040
:10eaf0000cf1010cbcf1080ff4d16ff487700eb06b
:10eb000070bd1b4a8446964605e000bf0cf1010c1f
:10eb1000bcf1080ff1d0def8004002340ef10c0e0b
:10eb2000f4d00ceb4c0c02eb8c046568002de4d0a7
:10eb30009fed0d7bcde905630023cde90733cde9da
:10eb40000933cde90b330123cde903018ded007bc2
:10eb5000a268206802936946a84710f1ae0fccd096
:10eb60000eb070bdaff30080020000000200000094
:04eb700030cd002084
:020000040000fa
:020000040003f7
:04eb740000207047c6
:020000040000fa
:020000040003f7
:10eb780070b516468eb0a0b1254ad0f834514ff082
:10eb8800000c9646def80040a5420ef10c0e18d097
:10eb98000cf1010cbcf1080ff4d16ff487700eb0c2
:10eba80070bd1b4a8446964605e000bf0cf1010c77
:10ebb800bcf1080ff1d0def8004002340ef10c0e63
:10ebc800f4d00ceb4c0c02eb8c046568002de4d0ff
:10ebd8009fed0d7bcde905630023cde90733cde932
:10ebe8000933cde90b330123cde903018ded007b1a
:10ebf800a268206802936946a84710f1ae0fccd0ee
:10ec08000eb070bdaff30080020000000d000000e0
:04ec180030cd0020db
:020000040000fa
:020000040003f7
:04ec1c00704700bf7e
:020000040000fa
:020000040003f7
:10ec200070b516468eb0a0b1254ad0f8a8514ff065
:10ec3000000c9646def80040a5420ef10c0e18d0ee
:10ec40000cf1010cbcf1080ff4d16ff487700eb019
:10ec500070bd1b4a8446964605e000bf0cf1010cce
:10ec6000bcf1080ff1d0def8004002340ef10c0eba
:10ec7000f4d00ceb4c0c02eb8c046568002de4d056
:10ec80009fed0d7bcde905630023cde90733cde989
:10ec90000933cde90b330123cde903018ded007b71
:10eca000a268206802936946a84710f1ae0fccd045
:10ecb0000eb070bdaff3008002000000070000003e
:04ecc00030cd002033
:020000040000fa
:020000040003f7
:04ecc400704700bfd6
:020000040000fa
:020000040003f7
:10ecc80070b516468eb0a0b1254a456e4ff0000cbf
:10ecd800964600bfdef80040a5420ef10c0e18d093
:10ece8000cf1010cbcf1080ff4d16ff487700eb071
:10ecf80070bd1b4a8446964605e000bf0cf1010c26
:10ed0800bcf1080ff1d0def8004002340ef10c0e11
:10ed1800f4d00ceb4c0c02eb8c046568002de4d0ad
:10ed28009fed0d7bcde90363002305900291cde9aa
:10ed38000633cde90833cde90a338ded007ba268af
:10ed480020680c936946a84710f1ae0fcdd00eb0dd
:10ed580070bd00bfaff30080010000000400000098
:04ed680030cd00208a
:020000040000fa
:020000040003f7
:04ed6c0007207047c5
:020000040000fa
:020000040003f7
:10ed700070b516468eb0a0b1254a056f4ff0000c55
:10ed8000964600bfdef80040a5420ef10c0e18d0ea
:10ed90000cf1010cbcf1080ff4d16ff487700eb0c8
:10eda00070bd1b4a8446964605e000bf0cf1010c7d
:10edb000bcf1080ff1d0def8004002340ef10c0e69
:10edc000f4d00ceb4c0c02eb8c046568002de4d005
:10edd0009fed0d7bcde90363002305900291cde902
:10ede0000633cde90833cde90a338ded007ba26807
:10edf00020680c936946a84710f1ae0fcdd00eb035
:10ee000070bd00bfaff300800100000006000000ed
:04ee100030cd0020e1
:020000040000fa
:020000040003f7
:10ee140030b5a7b02d9d002b3cd0002d3ad0044630
:10ee2400084619469cbb2e9b802b40d1309b0293f5
:10ee34002f9bcde9002303462a9a05a807f0c0f8c2
:10ee440060b92cb1dde92b1205a8fef7b3f928b996
:10ee54008022294605a8e8f735fdf0b14ff0ff30d0
:10ee640005ab00211a460133117026aa9342f9d149
:10ee74000df113030df1970c002200bf13f8011fcd
:10ee8400634542ea0102f9d18ab927b030bd2b9b10
:10ee9400002bc8d16ff0ac00f7e78022294605a803
:10eea400e8f710fd003818bf01204042d8e74ff0c2
:04eeb400ff30eae75a
:020000040000fa
:020000040003f7
:10eeb8002de9f04788b08846119c1546074600287a
:10eec80046d090f8396086f00206c6f3400614f082
:10eed800020f18bf0526012b11d0109904960022a5
:10eee800cde9022101920522009241462a46384680
:10eef800ccf7bcfb8146484608b0bde8f087002d3a
:10ef08004ff00009f7dd4c460df11c0a04e04ff004
:10ef180001091c44a54213dd00200523cde90306a1
:10ef2800cde9010a0093079001232a1b08eb04018d
:10ef38003846ccf79bfb0028079be8da002be8dc77
:10ef4800b9f1000f08bf8146484608b0bde8f08710
:04ef58000126bce7eb
:020000040000fa
:020000040003f7
:10ef5c0000284bd02de9f043044690f8373290f856
:10ef6c00341294f839c2d0f8e420406889b0ccf35c
:10ef7c008005c3f3001ec3f3400cc3f34018c1f368
:10ef8c00411911f0600fcde90659cde904e801f003
:10ef9c000106c3f3c007cdf80cc01bd1c3f380032b
:10efac00cde900630297d4f838110123e7f75cf838
:10efbc00c6b9d4f8d83053b11b6843b1d4f8dc309f
:10efcc000bb11b6873b9d4f8783202330ad16ff4e1
:10efdc009e7008e00123d4f838110297cde9006344
:10efec00e7f742f8012009b0bde8f0836ff0ac0000
:04effc00704700bf9b
:020000040000fa
:020000040003f7
:10f00000f8b50e460988002944d011f0010741d116
:10f0100043680546002b3fd090f83922188812f03b
:10f02000100219d1174690b3002419b92ae031888b
:10f03000a14226d923463a4631462846f9f7f2f846
:10f040006ff4fa7302349842a4b2f0d0f8bd31885c
:10f050000237bfb2b9421ad91a88002422b9f7e799
:10f060006b681a88a242f2d93b46224631462846ae
:10f07000f9f7d8f86ff4fa7302349842a4b2efd0db
:10f08000f8bd6b681a880237bfb2ba42ccd86ff4a9
:10f09000fa70f8bd0248f8bd6ff4b970f8bd00bf52
:04f0a000b8feffffb8
:020000040000fa
:020000040003f7
:10f0a40030b5044619481a4900681a4a1a4b85b003
:10f0b400029009681268cde90021184a2568606841
:10f0c4001b68174912686d68a847164816490088d6
:10f0d400164a0290098892f90020154bcde90021c7
:10f0e400144a256860681b68134912686d68a8474c
:10f0f4002368124a5d6812491268606840f2ea5354
:10f10400ac4605b0bde83040604700bf7cd5002068
:10f1140080d5002084d5002088d500208cd50020ff
:10f12400a4810000e6a700200ed3002020d60020f2
:10f1340074d5002078d50020f881000070d5002017
:04f144004c820000f9
:020000040000fa
:020000040003f7
:10f1480070b51f4d2b68044633b103681d495b68d1
:10f158004068bde8704018471b4e317889b1236874
:10f168001a495b6860689847194a1a4b2c60002155
:10f17800117001221a700cf035fc174bc3e900011d
:10f1880070bd4ff4c952154810f034f9134b4ff0c5
:10f19800ff3203f5c9511a6003f506738b42fad1a1
:10f1a8000f4ad2f8fc3043f08073c2f8fc30a2f565
:10f1b8005d42136843f00103136001233370cee707
:10f1c800c4d50020f4a000002ad6002034a10000f5
:10f1d80029d6002028d6002090d30020e85e002001
:04f1e80000ed00e056
:020000040000fa
:020000040003f7
:10f1ec002de9f041d2e900230c4686b005465fead2
:10f1fc00d378d1e901060968e76805913fd05242fe
:10f20c0063eb4303002808db21f002010591b8f100
:10f21c00000f02d10599480722d5711e05a802904e
:10f22c000a20cde90010204605f020fab8f1000fb5
:10f23c001ad001382d233b542269059b0093013ac7
:10f24c003346121a3918284604f0c6fe6b68db05e3
:10f25c0003d563689842b8bf184606b0bde8f08184
:10f26c000807dad43146d9e7059b590702d501388e
:10f27c002b23e0e71a07dfd501382023dbe7002832
:04f28c00c2dac7e734
:020000040000fa
:020000040003f7
:10f2900000294ad02de9f04702eb820802eb021266
:10f2a000824699460f464fea8808960000250ce0f2
:10f2b0000c60d4601169013111611bb106210af1a2
:10f2c000640098470135bd422cd0daf8a030daf856
:10f2d000284043440022d9890e39382089b2a047fa
:10f2e0000446d8b1b9f1000f04d00269138a43f083
:10f2f00004031382daf838302bb105210af16400d7
:10f300009847daf83830daf8942032440021216046
:10f31000d1680029ccd1c2e90244cbe74ff0ff30dd
:10f32000bde8f0870020bde8f0870020704700bfef
:020000040000fa
:020000040003f7
:10f3300038b590f87020931e0446082b45d8dfe8b6
:10f3400003f00b0b090909090b09050000212046f0
:10f35000f7f702ff002038bd94f88630db061cd496
:10f3600001bba1682369994218bf102507d12ae083
:10f37000b4f86030c3b1a26823699a4214d0012264
:10f3800029462046d9f73cfc0028f1da94f885306c
:10f3900043f0080384f8853038bd23682361c4e94d
:10f3a000023381b11125eae794f8702094f8853092
:10f3b000082a23f0080314bf0422092284f88530a8
:10f3c00084f8702038bd0020f0e7012038bd00bf70
:020000040000fa
:020000040003f7
:10f3d0000b882de9f0470c46590605462dd41646f4
:10f3e000826ddff88880b2f87600d8f80470c0eb40
:10f3f00000101b0607eb80072cd5143704f1040a14
:10f400005146384603f088f84ff002092288d8f8b0
:10f41000143022f0c00242f0800222801eb1306817
:10f420002061b288a282e360012351463846e3821c
:10f4300004f1100608f0befb03e04ff0030904f1ed
:10f4400010064b46324604f108012846bde8f04755
:10f4500009f01eb804f1040a07f12400514603f034
:10f460005bf814374ff00109d0e700bf30ce002021
:020000040000fa
:020000040003f7
:10f470002de9f84f1668924689469df828203146b6
:10f480001f460af0bbfe0546002836d0002f37d0b5
:10f490008468b3464ff00008eb891b4a1b491c44a3
:10f4a000a41be04340f26713c00f10f099f8aa893b
:10f4b000ba42a3b228bf3a469a42144628bf1c4615
:10f4c00024b92d68a5b1ae683446e5e74846224622
:10f4d00031460ff04ffc2d683f1ba044bfb206eb36
:10f4e000040ba1441ffa88f815b1ae68002febd1c8
:10f4f000caf800b04046bde8f88fb3468046f7e74b
:10f50000b846b346f4e700bfb0f40400bc320000d4
:020000040000fa
:020000040003f7
:10f51000244a136830b423f00203234c234d1360b4
:10f520000023e360002914bf8c46ac46a360d36976
:10f53000002bfcd148b30168b1eb5c0f2fd81368e6
:10f5400023f040531360d0e901434900bcfbf1fcb8
:10f550000cf1ff3c1168c068bcf1ff0f43ea0403e3
:10f5600028bf4ff0ff0c0b435ffa8cfc136082f84e
:10f570000cc053680b4923f00703536053680343df
:10f580005360cb69002bfcd10120064a136843f07d
:10f5900002031360d369002bfcd130bc70471846be
:10f5a000f3e700bf003000402cd000200087930319
:020000040000fa
:020000040003f7
:10f5b000f8b5254c94f83030054673b994f83820e6
:10f5c000012a02d001252846f8bdb4f9080084f8c4
:10f5d00038300af0abfa84f831006b1e03331fd8c1
:10f5e000abb2042b1cd8194e5f0106eb4313da694a
:10f5f000954215d11a789ab15a787ab99a680ab9a7
:10f600005a689a6094f83030f019cbb907f0c8fb0b
:10f610003e4400230122337572707375002500e0ab
:10f62000012594f83110b4f908000ef02ffd94f87c
:10f630003030002bc7d1012384f838302846f8bd7c
:10f6400004f076fee4e700bf88cf00200cca00205b
:020000040000fa
:020000040003f7
:10f650002de9f0430f468fb016461d460446a8b16b
:10f660002249d0f834214ff0000c8e46def80030ed
:10f670009a420ef10c0e17d00cf1010cbcf1080fe0
:10f68000f4d16ff487700fb0bde8f083174984465a
:10f690000b4604e00cf1010cbcf1080ff1d01a6824
:10f6a000023203f10c03f5d00ceb4c0c01eb8c088f
:10f6b000d8f80490b9f1000fe3d02c22002102a861
:10f6c0000ff09cfecde90347069502240225cde903
:10f6d0000045d8f80820d8f8000005966946c847c4
:10f6e00010f1ae0fcdd00fb0bde8f08330cd0020cb
:020000040000fa
:020000040003f7
:10f6f0002de9f0430f468fb016461d460446a8b1cb
:10f700002249d0f8a8214ff0000c8e46def80030d8
:10f710009a420ef10c0e17d00cf1010cbcf1080f3f
:10f72000f4d16ff487700fb0bde8f08317498446b9
:10f730000b4604e00cf1010cbcf1080ff1d01a6883
:10f74000023203f10c03f5d00ceb4c0c01eb8c08ee
:10f75000d8f80490b9f1000fe3d02c22002102a8c0
:10f760000ff04cfecde90347069502240725cde9ad
:10f770000045d8f80820d8f8000005966946c84723
:10f7800010f1ae0fcdd00fb0bde8f08330cd00202a
:020000040000fa
:020000040003f7
:10f790002de9f843044620b1154612b100290e4662
:10f7a00009dc0020bde8f8838145fad1a946013e75
:10f7b00009f1010535d014f8010b10f068f895f83f
:10f7c000008007465ffa80f908b3404610f05ff802
:10f7d0002a2fc0b2e8d1013e08d000bf14f8010bb7
:10f7e00010f055f82a281ad1013ef7d1374603e028
:10f7f000bb420ad02e28d4d0a94615f8018b40462a
:10f8000010f045f8c3b20028f2d1002ecfd1b8f1e4
:10f81000000fc6d1b6fa86f04009bde8f883c7b23a
:10f82000eae799f80180b8f1000fbad1f2e700bf1a
:020000040000fa
:020000040003f7
:10f830002de9f041244f7d79a2b085b3804605378c
:10f840003e46002406e0802c37d016f8015f0134d4
:10f85000002d32d00a2df6d12246394601a80ff0ec
:10f8600089fa04f188036b44374603f8845c013459
:10f8700004f188036b44002203f8842cb8f1000fd4
:10f8800010d0d8f8003011495b68d8f8040001aafc
:10f8900098470a2d08bf771c3d78002dd0d122b0a3
:10f8a000bde8f08100200ef0d1fba042fadb074951
:10f8b00001aa002005f05efeebe73946224601a8ca
:10f8c0000ff058fa3746d3e700000047d403000092
:020000040000fa
:020000040003f7
:10f8d00038b5204b1b781bb11f49204a496811627b
:10f8e0001f4c2372f3f76efb237a93b31b491a4b19
:10f8f0001c4a5b680d6ad2f8c0105b1b00208b426b
:10f900002072d2f8c410184838bfc2f8c0308b42f9
:10f9100050f8081c88bfc2f8c430c91840f8081c49
:10f92000d2f8d01050f8045c104c01f10101c2f87b
:10f93000d010d2f8d41245f1000540f8045c01f073
:10f940007f0000f2344004eb800001314360c2f8d4
:10f95000d41238bd2ad60020001000e0fccf0020d1
:10f96000ecd20020e86e0020b86f0020e85e002096
:020000040000fa
:020000040003f7
:10f9700038b5214b1b781bb12049214a4968916257
:10f98000204ca3720df04cfba37a9bb31c491b4b7c
:10f990001d4a5b688d6ad2f8f0140020a0721b48e3
:10f9a0005b1b00f5a8548b42d2f8f41438bfc2f8a0
:10f9b000f0348b4254f8081c88bfc2f8f434c918dc
:10f9c00044f8081cd2f8001554f8045c01f1010158
:10f9d000c2f80015d2f8041745f1000544f8045c9c
:10f9e00001f07f0404f5a86400eb8400013143605a
:10f9f000c2f8041738bd00bf2ad60020001000e06e
:10fa0000fccf0020ecd20020e86e0020e85e002051
:020000040000fa
:020000040003f7
:10fa1000836b2de9f04106460f4613b10321683090
:10fa2000984707eb07184fea8808012505e0216988
:10fa3000f1f76ef90328054615d0d6f89400404436
:10fa400018300ef033f904463a463046002ceed119
:10fa5000b36b1bb1042106f168009847edb2012d8c
:10fa600014d8bde8f081d6e9243001334044c6f80b
:10fa70009030214618300ef079ffb36b002bf0d098
:10fa800006f168000421bde8f0411847d6f88c3033
:10fa9000346b0133c6f88c3041f2500223466ff0cc
:0cfaa0000201bde8f0410020184700bf43
:020000040000fa
:020000040003f7
:10faac002de9f047044682b00f4611b100230b60dc
:10fabc008b8094b3237883b30025b946e84600bf06
:10facc0094f9000027780ef045fe58b394f9010024
:10fadc0094f801a00ef03efe20b36af3070667f31c
:10faec000f26b0b20cf0daf9a37808f8010b033446
:10fafc00ebb13a2b05f1010501d02d2b12d1062dbe
:10fb0c00ded14f46002527b10098bdf8043038608f
:10fb1c00bb80284602b0bde8f0870125284602b01c
:10fb2c00bde8f0870025284602b0bde8f087a5f1b6
:0cfb3c000505b5fa85f54f466d09e4e7b4
:020000040000fa
:020000040003f7
:10fb48002de9f84f0f68551e0e46aab23946814670
:10fb5800984606f0fbf810b90020bde8f88f4ff082
:10fb6800000b014607f800b00446384603f0e4f8f5
:10fb7800a0eb070ada45174a17494ff4ad73b4bf2b
:10fb8800002001200ff028fd1ffa8af2a41aa4b25f
:10fb9800cab9002ce0d00d2138460ff03ffc28b13f
:10fba80037600120a8f80040bde8f88f0a213846e0
:10fbb8000ff034fc0028f3d1281bb0fa80f040097c
:10fbc8004000bde8f88f59464846faf7b3fe17fae1
:0cfbd8008af7dee7c4f40400bc32000031
:020000040000fa
:020000040003f7
:10fbe400f8b5234c2368d3b1224f3d68012d19d0b9
:10fbf4002668731e23602368002b0ddb0125012e6c
:10fc040008d100233b600ef063fd18b1012d2cd008
:10fc14006ff069052846f8bd00232360eee701254f
:10fc24002846f8bd144810f0f3fa3a6808b16ff0aa
:10fc340069052668731e23602368002bbcbf00235c
:10fc44002360012adbd10c4810f0e4fa012ee1d143
:10fc54003b68012bd5d1084810f0d8fa0028d0d041
:10fc640000233b600ef034fdd2e76ff0f005d1e7de
:0cfc740000d50020f8d40020fcd40020b3
:020000040000fa
:020000040003f7
:10fc80002de9f04104461d4694f93532069894f862
:10fc90003572002bacbf24230c23ab4234d18342fa
:10fca000d2f80080164605d0d4f8202243441344ed
:10fcb00083422bd8079b9bb1d4f8203245441d4486
:10fcc000356094f8343203f06003202b07f01007fe
:10fcd00010d00f2384f83f328fb90020bde8f081a7
:10fce00001eb08002a46e1680df07fff0028e3d011
:10fcf0000848f3e70a2384f83e32002fedd14ff491
:10fd00008873a4f84032e8e70348e7e76ff0830020
:0cfd1000e4e700bfd0feffffb8feffffdd
:020000040000fa
:020000040003f7
:10fd1c00f8b5234d85422ed191f82f3095f8a420bb
:10fd2c0093420c4624d2d5f8bc10cf5cff2f2fd0b9
:10fd3c00ba421dd907eb0716b60014e0ab6b03b142
:10fd4c009847d5f894003044214618300df0b8ff90
:10fd5c00ab6b1448042103b19847236a43f00803a2
:10fd6c002362246854b123690e480321002be5d18a
:10fd7c006ff00a00f8bd6ff00500f8bd0848394671
:10fd8c00fff740fe06480ff0b7fd20b90020f8bd84
:10fd9c0000263746e7e739460148ecf7aff9f5e7b7
:08fdac002cd6002094d60020a3
:020000040000fa
:020000040003f7
:10fdb400f0b50229476887b004460cdc03681c4987
:10fdc4001b683846984723681a491b68384607b0a9
:10fdd400bde8f04018475068154605f057f8064648
:10fde40098b1a86801a9f8f733f9b0b101a9304670
:10fdf4000ef04afe2368104a10491b68002818bff9
:10fe040011463846984707b0f0bd23680c491b6873
:10fe1400384607b0bde8f040184702a9a868e6f7dd
:10fe2400ffff236807491b683846984707b0f0bdb1
:10fe34009c190000d8190000601900007c1900000a
:08fe440070170000fc1900001a
:020000040000fa
:020000040003f7
:10fe4c00032970b54668044615460dd00368126840
:10fe5c005b681b493046984723682a6819495b68d8
:10fe6c003046bde870401847506805f00bf8f8b103
:10fe7c00a86803786f3b13d0246833b963682a6889
:10fe8c0011493046bde87040184710490ef0fbff91
:10fe9c000028f3d023680e493046bde8704018475f
:10feac00437824686e3b08bf8378002be6d0ece7e0
:10febc00236808491b683046bde87040184700bfee
:10fecc00fc23000020240000382400003c26000005
:08fedc00ac1f00009c1c00009b
:020000040000fa
:020000040003f7
:10fee400f8b5224b1c68002c3dd088b190f8423004
:10fef400626823f00803824280f8423004bf002382
:10ff04006360a368834204bf0023a36009b901208e
:10ff1400f8bd2768002ffad0fb68002bf7d0002625
:10ff240009e0206829460ff0f5f80023eb84fb680c
:10ff340001369e42ebd2314638460ff0f5f803788d
:10ff4400da070546f3d503881b06ead4e08c084a91
:10ff54000849013800b2e084c04340f21713c00fcf
:10ff64000ff03cfbdde72046f8bd00bf4cd4002079
:08ff74007cee04008c32000059
:020000040000fa
:020000040003f7
:10ff7c00f0b504b2631c97b00bd0204b1b8913f067
:10ff8c00020509d001220df103012046faf7d0fc3d
:10ff9c0058bb002017b0f0bd01ae522231462046ae
:10ffac0005f0d2fe0028f4d0371801463d703046db
:10ffbc0002f0c0fe3f1a0546f843114a11494ff4ae
:10ffcc00ad73c00fbfb20ff005fb0fb115f8017b7d
:10ffdc000b4a0c498df80370ad1be8434ff4ad731d
:10ffec00c00f0ff0f7faaab21ab99df8030017b0b8
:10fffc00f0bd00212046faf79bfcf6e704d3002065
:020000040004f6
:08000c00c4f40400bc32000042
:020000040000fa
:020000040004f6
:1000140038b51e4c1e4b256818600db1012038bd43
:1000240003f062ff0df0daf910f03ef8206078b1c9
:10003400184910f041f81849206810f041f81749a0
:10004400206802234ff460720cf0e4fe012801d012
:10005400002038bd12492068022340f2a7420cf068
:10006400effe0128f4d120682a4603210bf0bef8e4
:100074000c492068022340f2b3320ff04ff9a0f18b
:100084000100b0fa80f0400938bd00bfccd4002094
:10009400c8d4002015e5040031e50400941c0200d6
:0800a4002cc70100e406020074
:020000040000fa
:020000040004f6
:1000ac002de9f04184b01746ddf82c800a68002851
:1000bc0039d00e46511c8b421d4634d3825c0291c2
:1000cc00032a04462fd10122009202a903aa02f0ae
:1000dc0031ff00282ddb039b002b27dd0299481ce8
:1000ec00a84223d80a9d625cc5b9072a21d842b11f
:1000fc001c440c4414f8011cc2f10804a140c9b200
:10010c00b9b930600fb1013b3b60b8f1000f01d0c1
:10011c0088f80020002004b0bde8f081002af0d05f
:10012c006ff09100f7e76ff09200f4e76ff0830047
:08013c00f1e76ff08b00eee724
:020000040000fa
:020000040004f6
:100144002de9f04f034685b0d0e9000e00260a469b
:100154000291d3f80cc099680393a2f1080b3746b7
:10016400b146b046da465bf8082fcdf804b0dbf8a8
:100174000430402500eae37b8bea09090eeae37bbd
:100184008bea080801eae37b921841f300048bea46
:1001940006060ceae37b04f061444fea51018bea62
:1001a40007075b414feac07b013d4fea500041ea3b
:1001b400cc7140eace704bea5c0c84ea5e0ed9d175
:1001c400dde901b39a45cdd1039bc3e90098c3e9a6
:0801d400026705b0bde8f08fe1
:020000040000fa
:020000040004f6
:1001dc0038b51f4b1b781bb11e491f4a4968516229
:1001ec001e4c637208f0cefd637a7bb31a49194b2f
:1001fc001b4a5b684d6ad2f8d8120020607219480d
:10020c005b1b00f597548b42d2f8dc1238bfc2f856
:10021c00d8328b42216888bfc2f8dc32c918216001
:10022c00d2f8e812656801f10101c2f8e812d2f8bf
:10023c00ec1445f10005656001f07f0404f2ba444a
:10024c0000eb840001314360c2f8ec1438bd00bff0
:10025c002ad60020001000e0fccf0020ecd20020b9
:08026c00e86e0020e85e0020ae
:020000040000fa
:020000040004f6
:1002740038b51e4b1b781bb11d491e4a4968d16213
:100284001d4ce3720cf0baffe37a73b31949184baf
:100294001a4a5b68cd6ad2f808175b1b00208b42b0
:1002a400e072d2f80c17164838bfc2f808378b42f0
:1002b400016888bfc2f80c37c9180160d2f8181752
:1002c4004568104c01f10101c2f81817d2f81c1945
:1002d40045f10005456001f07f0000f2c65004ebd3
:1002e400800001314360c2f81c1938bd2ad60020b1
:1002f400001000e0fccf0020ecd20020e86e0020cb
:08030400f8750020e85e0020fe
:020000040000fa
:020000040004f6
:10030c0070b5204b856804469d420cbf1d460025e8
:10031c0005f022ff38b3a38e63849b050ad50df03c
:10032c0009fbe36a98421fd220460021bde87040c9
:10033c0001f02ebc0cf0fcfc06460df0fbfa2a6a10
:10034c00114b526802fb06f606f2e736a3fb0636a3
:10035c0000eb9610e0620121204601f019fc10b16f
:10036c000523c4f81a3070bd084b09490020c4e9b4
:10037c00060302226280bde870406ff0090205f0ae
:10038c00f3b800bfc4cc0020d34d62100000f6ffc0
:04039c00cc0200008f
:020000040000fa
:020000040004f6
:1003a00010b582b004469df810e0d0f8f0008c46fd
:1003b000bef1040f32d8dfe80ef00b17271503004b
:1003c00082b1d4f8e8100b400120136002b010bdd8
:1003d0000023cde90033134901230cf00f020df087
:1003e000b5fc58b90020f1e70023cde900330e49f0
:1003f000012302220df0aafc0028f3d094f800316a
:10040000013384f80031ede700220092074b0849e0
:1004100001220df08bfc0028e4d0efe7ff2384f8e5
:100420009430dfe7d8000400da00040049d004006b
:04043000d9000400eb
:020000040000fa
:020000040004f6
:1004340070b5224d696849b32b6813b301f12404e4
:10044400002600bf54f8240ca0b10cf083fb204616
:1004540008f046f8a4f1100008f042f8a4f12000d6
:1004640008f03ef8a86854f8241cc3689847002391
:1004740044f8243c2b680136b34204f13c04e1d82f
:100484006968a868c368984700236b600c48a9682a
:100494000df07cf9e8690024ac6010b10ff0b6f8f7
:1004a400ec61686c20b1036a1b0702d500236b64fe
:1004b40070bd0bf081f900236b64f9e730ce0020a6
:0404c40050ce0020f6
:020000040000fa
:020000040004f6
:1004c800382838bf38202de9f04701f11d030330e3
:1004d8004ff6f07920f0030003ea09091b4b84b2b8
:1004e80009f11e0818681ffa88f804f1180a0e4660
:1004f80008eb0a01436889b2174698470546f8b1e0
:100508002c44524600210ef075ff04f1330222f00c
:100518000f020f48a4f80e90a4f812806260911c94
:1005280042f8080c27f00107012042f80c5c2082f1
:100538002c61a16069612f622eb9002385f82f30e4
:100548002846bde8f0871032aa61f6e784d4002077
:04055800defaadde3c
:020000040000fa
:020000040004f6
:10055c002de9f04387b0002603960596002837d086
:10056c000f46a9b3904602789946302a4ff0010302
:10057c00044604932cd1009305aa0b4604a902f05f
:10058c00d9fc002824dbdde90425002d03921fdbb8
:10059c001544bd421cd103aa2146404606f02afc54
:1005ac00002815db03aa21462b46484606f022fc00
:1005bc00002812db039bab4208bf304602d107b0c8
:1005cc00bde8f08340460ef091fe48460ef08efedc
:1005dc006ff0aa0007b0bde8f08340460ef086fe2f
:0405ec00f6e700bf6f
:020000040000fa
:020000040004f6
:1005f000012970b5044612dd55682b786f2b13d096
:100600001a4928460ef045fcf0b1194928460ef06b
:1006100040fc38b3174928460ef03bfce8b12046b1
:10062000bde870400ff05ebd6b786e2be8d1ab7803
:10063000002be5d1012007f04ff80f49d4e9003035
:10064000bde870405b68184707f046f8d4e9003011
:100650000a495b68bde8704018472046bde8704015
:10066000fef772bd0cf020ff0549e7e73c260000cd
:100670008c3c00000c660000fc5000001c51000087
:0406800030510000f5
:020000040000fa
:020000040004f6
:10068400012910b504460cdd5068002110220ef03b
:10069400d1fe194b1860032826d8dfe800f01017a4
:1006a4001e09036815495b684068bde81040184797
:1006b4002368606812495b68bde8104018472368e6
:1006c400606810495b68bde810401847236860689b
:1006d4000d495b68bde810401847236860680b4902
:1006e4005b68bde8104018472368606808495b6888
:1006f400bde81040184700bf24d50020bc540000ba
:100704005c550000f45400001455000038550000f6
:040714008855000004
:020000040000fa
:020000040004f6
:10071800032970b504460bd0036818495b68406824
:100728009847d4e9003016495b68bde8704018471f
:100738001546144b00221146186068680ef078fec2
:10074800002203461146a8681d460ef071fe0e4aa7
:10075800137853b90d490e4c0d600e49237008608b
:100768000d4802211170037070bd236860680b4a40
:100778005b680b49bde87040184700bf646c000017
:10078800946c00004cd500201ad6002064d50020b7
:100798001cd6002060d5002019d60020c06c0000af
:0407a800d403000076
:020000040000fa
:020000040004f6
:1007ac0038b51e4b1b781bb11d491e4a4968916117
:1007bc001d4ca37107f038ffa3796bb31949184a84
:1007cc001a4b52688d69d3f8901c521b00208a4238
:1007dc00a071d3f8941c164838bfc3f8902c8a42e9
:1007ec0050e9021488bfc3f8942c891840f8081cef
:1007fc00d3f8a41e44f1000540f8045cd3f8a04cd7
:10080c0001f07f0003eb800001340131c3f8a04cf0
:10081c00c0f8a42cc3f8a41e38bd00bf2ad60020f3
:10082c00001000e0fccf0020ecd20020e85e00209d
:04083c00886b0020a5
:020000040000fa
:020000040004f6
:1008400038b51e4b1b781bb11d491e4a4968d16142
:100850001d4ce37107f018ffe3796bb31949184a8f
:100860001a4b5268cd69d3f8a81e521b8a42d3f89e
:10087000ac1e38bfc3f8a82e00208a421449e0718c
:10088000d3f8b00e4c6888bfc3f8ac2e801844f182
:100890000005d3f8b84ec3f8b00ed1f80c024d6085
:1008a0000134c3f8b84e00f07f0403eb8403013039
:1008b000c3f8bc2ec1f80c0238bd00bf2ad60020f8
:1008c000001000e0fccf0020ecd20020e85e002009
:0408d000986d0020ff
:020000040000fa
:020000040004f6
:1008d400f0b54ff000428368c0f8322040f20111b5
:1008e400018645695a88c28685b08db9c3680df101
:1008f4000f010126019100961f6b04464ff400433b
:1009040000692946b84728b184f83050c4f81a6001
:1009140005b0f0bd9df90f30022bf9d04ff4b4733c
:100924000a4a0b4904f024fe0a4b18680028fcd13b
:10093400094b0a49022262806ff00b02c4e90603e4
:1009440005b0bde8f04004f013be00bfd0e70400da
:10095400ac020000e45e00200000f4ffcc020000c2
:020000040000fa
:020000040004f6
:10096400f8b5224e86421fd10ef0cafff8b996f8a8
:10097400a450013d69b20029edb213db05eb051566
:100984001a4fad00d6f894302b44ccb29b6938464c
:1009940021460bb1fff73af8611e49b24b1ca5f191
:1009a4004405efd10020f8bd6ff00500f8bd3046d6
:1009b4000ef0a0ff96f8a430013b59b20029dbb237
:1009c400f0db03eb03139d00d6f894302b44ccb238
:1009d4005b6a304621460bb1ebf794fb611e49b2ca
:1009e4004a1ca5f14405efd1c1e700bf2cd6002075
:020000040000fa
:020000040004f6
:1009f400037bc3f303139b00143b13f0ff0329d0c1
:100a0400143010b500eb030e74460246724594464a
:100a14001dd0a2421bd21cf8011bc1b1012912d066
:100a2400013b1844801a022900f0ff0015d0012868
:100a34000dd9537898420ad3991cc31adbb25018c3
:100a440000eb030ee1e7624672459446e1d14ff4b0
:100a5400067010bd4ff4067070470228f7d953781a
:100a6400042bf4d1508840ba80b240f2b453984277
:100a740028bf1846b0f5067f38bf4ff4067010bd86
:020000040000fa
:020000040004f6
:100a8400f0b50329466883b004460cd003681a49bc
:100a94001b6830469847236818491b68304603b0e2
:100aa400bde8f04018475068154604f0eff9236894
:100ab4000746e0b112495b68aa6830469847a868bf
:100ac4006946fef7f1ff30b923680e491b683046ca
:100ad400984703b0f0bd694638460df0f5f9002893
:100ae400f7d1236808491b6830469847f1e707495e
:100af4001b683046d3e700bf401800006c180000a4
:100b040098180000a8180000c8180000701700000a
:020000040000fa
:020000040004f6
:100b1400f8b5044617461e460d460af0c1fd08b94d
:100b24000020f8bd237e012b07d01b4a1b4940f24d
:100b3400ba4300200ef052fdf2e7fb699d420ad051
:100b44002b6933bb2a465369002be9d0012387f86c
:100b54002930fd61f8bd97f82b2097f8293002b1b0
:100b64000133012b0dd805eb830211690029eed165
:100b7400002be8d0002ed3d02b69002bd0d00b460d
:100b8400e5e7002eccd02b691bb96b69002bc7d0cd
:100b9400dce70023dbe700bfe8f404008c3200004c
:020000040000fa
:020000040004f6
:100ba400f8b5044658b310f001060f46154627d190
:100bb400c0431d4a1d4900f0010040f239230ef0e4
:100bc4000dfd7b08581e80b263b301302a4604eb46
:100bd400400000bf34f8023b84421a44fad115465f
:100be400fb0744bf0378ed182b0c13fa85f202ebd4
:100bf400124290b20eb140ba80b2c04380b2f8bd86
:100c040014f8013b094902eb0323e043064a63f36a
:100c14000f0500f0010040f23923013f0ef0defc25
:100c2400bfb2cee72046dbe760f80400bc32000028
:020000040000fa
:020000040004f6
:100c34000ab9184670472de9f843174601220e46b3
:100c4400984609f0d9fa054670b381684ff0000957
:100c5400ea89ab891144891b89b213b1994228bf2f
:100c64001946b94228bf39460c4621b92d68ddb171
:100c7400ae683146ece700223046fff791ff19f0e9
:100c8400010f6fea000080b2a7eb040704eb09012f
:100c940001d040ba80b22d68bfb21ffa81f98044f6
:100ca40015b1ae68002fe4d14fea184313fa88f364
:100cb40003eb1343db439bb21846bde8f88300bf44
:020000040000fa
:020000040004f6
:100cc4002de9f04f01f1080383b007461846884622
:100cd40001930ef059f878b3fc69d7f800b07d6839
:100ce40007f12009a4eb0904a042064627da00bf55
:100cf400dbf8003013492846013c9847a642f7d157
:100d0400dff848a0dbf80030514628469847013cfc
:100d1400f8d1019948460ff009f80b49dbf8003087
:100d2400284698474e44dbf8003028464946984701
:100d3400c7e90666c7f8d48003b0bde8f08f002c7d
:100d4400ded1e6e7003b000060390000043b000010
:020000040000fa
:020000040004f6
:100d54002de9f04385b01f46dde90c83002839d026
:100d64000c46002936d0d1f800c016460cf1010219
:100d74009a4229d810f80c900a60a9f11702012aa6
:100d840005461ed80122009203aa02f0d7f80028d3
:100d940023db039aa2f10c03142b18d80fb187f8a4
:100da400009016b123681d443560b8f1000f01d0de
:100db400c8f80020236813440020236005b0bde870
:100dc400f0836ff09800f9e76ff08300f6e76ff0b7
:100dd4009400f3e76ff0ac00f0e76ff08b00ede701
:020000040000fa
:020000040004f6
:100de400002841d010b5044607f0f2f804f580530a
:100df40004f61870d3f84831012b1ed00ef07afa9d
:100e040004f54f600ef076fa04f6c8200ef072fa7c
:100e140004f50a600ef06efa04f5cf600ef06afa7b
:100e240004f58a600ef066fa04f50a700ef062fab0
:100e340020460ef05ffa002010bd0df01ffc04f5f3
:100e44004f600df01bfc04f6c8200df017fc04f5f0
:100e54000a600df013fc04f5cf600df00ffc04f5ef
:100e64008a600df00bfcdfe76ff0ac00704700bf49
:020000040000fa
:020000040004f6
:100e74002de9f041ddf81880079f0e4615461c4603
:100e840038b10021c0e900114ff4087208300ef0a7
:100e9400b3fa46b10021c6e9001106f108004ff487
:100ea40008720ef0a9fa45b10021c5e9001105f157
:100eb40008004ff408720ef09ffa44b10021c4e90f
:100ec40000114ff4087204f108000ef095fab8f11d
:100ed400000f08d00021c8e900114ff4087208f18e
:100ee40008000ef089fa47b10021c7e900114ff458
:100ef400087207f108000ef07ffa0020bde8f081c7
:020000040000fa
:020000040004f6
:100f040070b504460d4616460021fc2204300ef04e
:100f140073fa4ff4fa730122a36503232560e26098
:100f2400646384f83c3004f108000ff06df9002884
:100f340022db6ff00103a3622023a4f86030134a7c
:100f4400c4f83e20092384f83830ab78012b07d14c
:100f540094f83a3023f02a0343f02a0384f83a3011
:100f64006ff00103c4f8fc30304607f087fce06200
:100f740040b16663002070bd6ff4ce7323616ff0df
:100f8400690070bd6ff4b37070bd00bf80001c00b9
:020000040000fa
:020000040004f6
:100f9400818b10b50446d9b101290cd01b4b1c49d7
:100fa4000020c4e9060302226280bde810406ff00d
:100fb4000b0204f0ddba05f0d3f840b194f93530f2
:100fc400002b0ddb0023c4e906330222628010bd2e
:100fd40000f0e2fd0028fad00e4bc4f81a3010bd20
:100fe4000cf0acfce36a984203d20223c4f81a3032
:100ff40010bd094b06490020c4e9060302226280a1
:10100400bde810406ff0030204f0b2ba0000f4ff30
:0c101400cc020000020001000000fcff04
:020000040000fa
:020000040004f6
:1010200090f8a430002b3fd02de9f0410026044673
:101030000f46b046354600bfd4f894303344002103
:101040009a6920468ab10df0a9fc3a462946204605
:1010500000f0b4fe294620460df0faff012120469b
:101060000df09cfcd4f8943033445b6a0021204698
:1010700073b10df093fc3a4629462046eef72cff5b
:10108000294620460df0e4ff012120460df086fca4
:1010900094f8a43008f101085ffa88f5ab4206f134
:0c10a0004406c9d8bde8f081704700bfcd
:020000040000fa
:020000040004f6
:1010ac002de9f8431f4c844238d10d460bb12d214c
:1010bc00196085b32d2a914628bf4ff02d0952b3e4
:1010cc00194e00273446ac4606f12008a646bee869
:1010dc000f00c645ccf80000ccf80410ccf8082062
:1010ec00ccf80c3004f110040cf1100ceed121886a
:1010fc00a2788cf802200023acf8001085f823307d
:10110c00736a084898470137b945686206f12806a2
:10111c0005f12805d6d80020bde8f8836ff005004e
:0c112c00bde8f8832cd60020186a0100f2
:020000040000fa
:020000040004f6
:10113800204ad0f8ac30116941f4804110b41161f3
:10114800d16941f00401d1611a6822f008021a60dd
:101158001a684ff0ff3422f004021a60dc621a6841
:1011680040f23f1142f020020f241a601c625961bc
:1011780090f8da201049920392b211435a6a5960e2
:1011880090f8b9201ab15a6842f080725a60d0f8c3
:101198009820c3f88820b0f89c10d0f8b420c3f881
:1011a8008c10927a5df8044bd2074cbf00220122c2
:0c11b800da6070470008004003210e00c0
:020000040000fa
:020000040004f6
:1011c4002de9f0410f46164609f0a6fe68b30388e0
:1011d4001b4d742202fb0355044695f8263073b95f
:1011e40095f87180b8f1010f0dd00ef033fd40b1c8
:1011f4000ef02afdbde8f04112490bf0adbac0e98a
:101204000176bde8f08185f871302846fbf7d4fa01
:1012140095f82630c4e90176002bf2d12846faf776
:1012240025ff85f87180bde8f0810ef013fd0028dc
:10123400e7d00ef009fdbde8f04103490bf08cba8c
:0c12440050cc0020540b00001c0b0000dc
:020000040000fa
:020000040004f6
:10125000f8b5837d032b04d0184d2b681bb10133e7
:101260002b600120f8bd16492122062008f082ffdc
:10127000144b18600028f5d01348144c124f0ef090
:1012800091fc13480ef08efc04f19006214638467e
:1012900024340df0effbb442f8d10bf04ffd4ff4c6
:1012a000fa720c4b0c4900fb02f202f2e732a3fb8c
:1012b000023292092b680a60d1e700bfa8d3002050
:1012c000e1cf0200a4d30020bcd20020acca002091
:0c12d000b0d20020d34d6210a0d300204b
:020000040000fa
:020000040004f6
:1012dc00f8b51e4e1e4f316851b33b6843b3002521
:1012ec0010e0012b1ad894f8873043f00103002149
:1012fc00204684f88730f5f729ff31683b680135c3
:10130c00ab4215d951f82540002cf7d094f8703029
:10131c00052ba3f10802e4d9012ae4d82368236140
:10132c00c4e90233002214212046d7f763fcdae724
:10133c00084b094d1868c368984728680024346026
:10134c003c6010b10ef05ef92c60f8bdccd30020df
:0c135c00bcd30020c0d30020b8d3002078
:020000040000fa
:020000040004f6
:1013680000282adb1f4b1b68984226d21e4b1b689d
:1013780010b553f820407cb394f886309b061ed5f0
:1013880094f87030072b25d028d8023b032b08d8b7
:1013980023682361c4e90233002214212046d7f7c9
:1013a8002bfc94f8873043f001032046002184f891
:1013b8008730f5f7cdfe012010bd0020704794f866
:1013c800873001210b4384f887302046fdf7acffb6
:1013d8000028d5d1012010bd204610bd083b012ba7
:0c13e800dfd8d5e7bcd30020ccd3002018
:020000040000fa
:020000040004f6
:1013f400f8b51446021e2ddb0d461e4909689142bc
:1014040028d91d49096851f822701fb304b3d7e9dc
:1014140007018842ba691fd27e69801b561a30447c
:10142400013080b21e198642c8bfc01a1944c8bf11
:1014340084b2914203d97b69d31adb431944561a07
:101444000136b6b2b4420ad82246284609f0aef9ab
:101454002046f8bd0020f8bd401a80b2e2e73246cb
:10146400284609f0a3f9a8197969a21b09f09ef985
:0c1474002046eee7bcd30020ccd30020c3
:020000040000fa
:020000040004f6
:10148000f0b50229466885b0044606dc23681a498f
:101490001b683046984705b0f0bd15460023a86884
:1014a000039303aa0a2104f0edff6868039f037801
:1014b0006f2b19d143786e2b16d1837801219bb9fc
:1014c00038b2dbf787fb6a680c490d4d2368844608
:1014d000bcf1000f18bf29465c680091bbb20949f6
:1014e0003046a04705b0f0bd07490df0d2fc0028fa
:1014f000ccd10146e4e700bf4c110000dc0b00003a
:0c15000020110000281100003c26000013
:020000040000fa
:020000040004f6
:10150c00174b186808b11748704710b50c4619b33b
:10151c001549164a086016491060164a08601649a3
:10152c00104b1060154a086015491860c3e9020099
:10153c00c3e90400586010600bf00af91148124a14
:10154c0063690360012111700bb1064810bd204680
:10155c00daf7aef90028f8d14ff0ff3010bd00bf1c
:10156c0080d40020ecd1002078d4002070d400204e
:10157c006cd4002074d4002064d4002060d40020eb
:0c158c00b036000058d40020edd500203f
:020000040000fa
:020000040004f6
:101598002de9f04784b098460c9b009301230193f2
:1015a8000e46154602ab0a460621074608f066feb7
:1015b800002818dbddf80890d6f800a000242c607d
:1015c800b9f1000f27d009eb0a0107eb0a0c7a18ca
:1015d8001cf8013b1c4494452c60f9d1b8f1150f57
:1015e800316003d1002004b0bde8f0874146286887
:1015f80003aad6f7c3ff01460028f3d0039b9945f9
:1016080006d14a4607eb0a000cf0ebfa0028e9d0ad
:0c1618006ff09300e7e75146e0e700bfe9
:020000040000fa
:020000040004f6
:04162400704700bf4c
:020000040000fa
:020000040004f6
:10162800002a37d070b506461546d2f8b8081e4ac3
:101638008eb04ff0000c9646def80040a0420ef146
:101648000c0e08d00cf1010cbcf1080ff4d16ff4aa
:1016580087700eb070bd0ceb4c0c02eb8c0254681a
:10166800002cf4d09fed0e7bcde904530023cde987
:101678000261cde90633cde90833cde90a338dedb2
:10168800007b92680c936946a04710f1ae0fded03c
:101698000eb070bd6ff48770704700bfaff3008065
:0c16a800030000000900000030cd00200d
:020000040000fa
:020000040004f6
:1016b4002de9f041204f8eb00e461546044688b100
:1016c4004169bc46002300bfdcf8002091420cf1c4
:1016d4000c0c13d00133082bf6d16ff487700eb0c5
:1016e400bde8f081bc46034602e00133082bf4d088
:1016f400dcf8002002320cf10c0cf6d003eb4303af
:1017040007eb8307d7f80480b8f1000fe5d0242253
:10171400002105a80df070fe0423cde90246ba6845
:101724003868049501a90193c04710f1ae0fd4d0d5
:0c1734000eb0bde8f08100bf30cd0020f9
:020000040000fa
:020000040004f6
:101740000268872a3cdcf8b505460e462dd00846cf
:10175000002a0f6840f8082b05f1080416dd002365
:1017600086469c4654f8042b43ea42034ef8043b59
:1017700029680cf1010c61454fead273f2dc93b198
:101780000123cef8003033685a1c3260ba4200ebb5
:10179000820004daba1a920000210df02ffe6b6865
:1017a00073600020f8bd3268f0e7d0f82432002bd7
:1017b00009db08460f6840f8082b05f10804cee75e
:0c17c0004ff0ff3070474ff0ff30f8bdd5
:020000040000fa
:020000040004f6
:1017cc0003464068012830b41ed010b9486801287f
:1017dc0018d01c680a68944213dc30db621e32d4c9
:1017ec00023403eb840001eb840102e027d3531c89
:1017fc0029d050f8044d51f8043d9c4202f1ff32bf
:10180c00f4d9012030bc70474a68c2b10a681c6820
:10181c00a242f7dc13db541e15d4023201eb820119
:10182c0003eb820302e00ad3621c0cd051f8045d76
:10183c0053f8042d954204f1ff34f4d9e2e74ff04c
:0c184c00ff3030bc7047002030bc7047fb
:020000040000fa
:020000040004f6
:101858000b68012b2fdd30b501384ff0000e13183f
:10186800f44600bf0cf102001d4651f8200020fa92
:101878000ef003f8010f0868bef1180f08bf0cf14d
:10188800010c01380ef10804604504f01f0ee9dc74
:101898000cf1020cc2f1020051f82c3028444bb173
:1018a80001381118084601f8013f1b0afad1c2f1a4
:1018b8000202104430bd4ff0000c0cf1020c51f83c
:1018c8002c3053b101381118084601f8013f1b0aa2
:0c18d800fad1c2f10202104470477047c0
:020000040000fa
:020000040004f6
:1018e40003464068012830b41ed010b94868012866
:1018f40018d01c680a68944213dc30db621e32d4b0
:10190400023403eb840001eb840102e027d3531c6f
:1019140029d050f8044d51f8043d9c4202f1ff32a5
:10192400f4d9012030bc70474a68c2b10a681c6807
:10193400a242f7dc13db541e15d4023201eb820100
:1019440003eb820302e00ad3621c0cd051f8045d5d
:1019540053f8042d954204f1ff34f4d9e2e74ff033
:0c196400ff3030bc7047002030bc7047e2
:020000040000fa
:020000040004f6
:1019700038b5c56a45b3d0f89c20044662b300bfb1
:10198000d4f89800d4f8a010636901442046a84711
:1019900000280cdbd4f89c20824229dbd4f8a0304c
:1019a000121a0344c4e92723b2b1e56ae8e7053017
:1019b000032809d8dfe800f0020d020a94f8363255
:1019c00043f0080384f836320b4838bd6ff4a37037
:1019d00038bdd4f89c20e7e794f8a8300022c4f87a
:1019e000a0200bb9002038bd204606f09dfff9e786
:0c19f0006ff4c17038bd00bfccfeffffdb
:020000040000fa
:020000040004f6
:1019fc0070b590f84152d0f81c42166855b3844625
:101a0c0090f8450101281dd0022811d04ff0000e8e
:101a1c00dcf82052601ba0eb0e0000281edb03d06c
:101a2c003144cce92d10064435441560002070bdbe
:101a3c009cf844e1bef1090e18bf4ff0010e4feabd
:101a4c00ce0ee5e79cf836e21ef0010ee0d0bcf8b5
:101a5c0040e1dde72bb16ff4ba7070bd33b10648cd
:101a6c0070bd0a22022105f0d5fdf4e70a220221fd
:0c1a7c00604605f0cffdf2e7b8feffff6a
:020000040000fa
:020000040004f6
:101a8800f8b50146044648220020f4f7dbfa60bbab
:101a9800d4e90056184a194b676c194815601e603e
:101aa80004f1ff3c04f1430e4ff0ff321cf8013ff4
:101ab80008215a4042f300030340013983ea5202e5
:101ac800f8d1f445f2d1d243d01b0e4bb0fa80f0d6
:101ad800400918700c4b9d4209d003f1774303f578
:101ae800780303f6f3339d4201d00020f8bd052e9c
:101af80018bf0020f8bd00bf38d5002034d500201d
:0c1b08002083b8ed07d60020524249545b
:020000040000fa
:020000040004f6
:101b140010b50446006982b030b3e36861699b6b19
:101b240001aa984701281cd000280cdb94f8313016
:101b3400032b04bf019ba38600200023636184f868
:101b4400303002b010bd0f4a0f4940f29f130020fd
:101b540003f00efd0d4a1368002bfcd16ff0010059
:101b6400ebe7022002b010bd064a094940f2931384
:101b740003f0fefc074a1368002bfcd14ff0ff3042
:101b8400dfe700bfa4db0400ac020000e45e002039
:081b94008c020000cccb002004
:020000040000fa
:020000040004f6
:101b9c0040f201338268038643695288c2864186cb
:101bac008bb930b585b004460df10f05c0680095b2
:101bbc00c56a2069a84740b102226061012084f8ff
:101bcc00302005b030bd002070479df90f30022b3e
:101bdc0002d1002005b030bd4ff4b473094a0a4954
:101bec0003f0c2fc094b18680028fcd1084b0949ca
:101bfc0002226280c4e906036ff00b0203f0b4fc0e
:101c0c00e7e700bfd0e70400ac020000e45e002070
:081c1c000000f4ffcc020000ff
:020000040000fa
:020000040004f6
:101c240038b5044604f09cfac8b1a08e10f0200523
:101c34000ad10bf083fee36a984211d220460121b7
:101c4400bde83840fff7a8bf94f82330da0614d56e
:101c540013f002031fd1c4e906330222628038bda7
:101c64000f4b1049c4e906530222628028466ff0e4
:101c74000a02bde8384003f07bbc6ff007031a4644
:101c8400002002216180a083a061e3830549bde8af
:101c9400384003f06dbc6ff009031a46f0e700bf4b
:081ca4000000f5ffcc02000076
:020000040000fa
:020000040004f6
:101cac00f0b5044640f20115806866692586134636
:101cbc004288e28685b06186a38696b90df10f0540
:101ccc00e068019501250095076b2069b84720b1a4
:101cdc00284684f8306005b0f0bd9df90f30022b1a
:101cec0002d1002005b0f0bd4ff4b473094a0a4983
:101cfc0003f03afc094b18680028fcd1084b094941
:101d0c0002226280c4e906036ff00b0203f02cfc84
:101d1c00e7e700bfd0e70400ac020000e45e00205f
:081d2c000000f4ffcc020000ee
:020000040000fa
:020000040004f6
:101d340000283fd0f8b503690446fbb10d460026e0
:101d44001a8a1f681e60520719d4b5f8d8309b0749
:101d540007d4d5f89430d5f8a0201b8ad2889a42ab
:101d64000dd2eb6a2046984747b17968012228468c
:101d74000bf040f903690446002be1d1f8bdaa6bce
:101d840022b1052105f164009047aa6bd5f894307f
:101d94002660d96859b10c60dc6019690131196198
:101da400002ae1d0062105f164009047dce7c3e98d
:081db4000244f2e7704700bf92
:020000040000fa
:020000040004f6
:101dbc0001eb01112de9f047054690468e0000f12c
:101dcc0068071ee003213846a047d5f89430334409
:101ddc00d3f81890b9f1000f20d0ac6bda694a45f2
:101dec001a6a14bfd9f80010002102f1ff3208bfa3
:101dfc00d96199611a6214b104213846a0472b6b42
:101e0c00a3b9ac6b002cddd1d5f894303344d3f8a6
:101e1c001890b9f1000fe1d1bde8f087ab6b002b46
:101e2c00fad038460421bde8f0471847484641f23d
:081e3c00500241469847e4e71b
:020000040000fa
:020000040004f6
:101e44000fb470b582b00ef0a3f81a4d0cf0d0fbad
:101e54002b6804461bb1c31ab3f57a7f0ad2164a1b
:101e640013680133052b13600cd902b0bde8704030
:101e740004b07047104e3268052a15d80022012399
:101e84002a60336007ab069a0c480193502105f091
:101e9400f5f90a4a0a492c60002003f069fb02b0f4
:101ea400bde8704004b070470649053a002003f0cd
:101eb4005ffbe3e798d300205cd2002090cd0020a4
:081ec400d4030000c403000078
:020000040000fa
:020000040004f6
:101ecc00002839d170b51e4c94f90630022b0d4602
:101edc0004d16388db0701d5204670bd1848a422c5
:101eec0000210df085fa0db30ef052f90126267083
:101efc000ef050f90222134ba2716a68d4f8885084
:101f0c00668000212181e26003f15000de731960cc
:101f1c00d4f884206ab11360c4f88430143383423b
:101f2c00f4d104350648c4f8885070bd4ff0ff302a
:101f3c0070bdc4e92033f1e74ff0ff30704700bfac
:081f4c0068c9002098c90020bb
:020000040000fa
:020000040004f6
:101f540070b5044682b008460d460df0d1ff1d4b06
:101f6400e16b0268e2618b4318bf626128460df0a1
:101f7400c3ff94f83c30066801969a0626620cd595
:101f8400238daa6a62621bb194f83e309b0602d488
:101f9400eb691b88238502b070bda86a01a90af009
:101fa4001bfe0028ecd106f0f006e02ee8d0019be1
:101fb400a2699a4206d094f83c20a36160f3c71248
:101fc40084f83c2094f83c3043f0400384f83c30df
:081fd400d6e700bf0001100078
:020000040000fa
:020000040004f6
:101fdc0043b2002b31ddc3b20a2b2ed82de9f041d0
:101fec00013804b204ebc403194e16f823209f00e9
:101ffc00e50006eb8303d2b19a88920606d5db681e
:10200c001b691bb107f11c00304498472c4406ebac
:10201c008404a3689b6a63b10e4db4f9060098471b
:10202c0095f80180b8f1010f08d0fc23e370bde8ee
:10203c00f081ff23e370bde8f0817047f019242292
:10204c0000210df0d5f985f80180bde8f08100bfc5
:08205c0018c30020c4b80020e5
:020000040000fa
:020000040004f6
:102064002de9f8431c4e3568a5b11c4c2378002b90
:10207400fcd0237813b92846bde8f8830ef08cf819
:102084002378013bdbb223700ef088f835682846cc
:10209400bde8f883124f3b68002becd102230f4cb0
:1020a400dff840803b604ff001090ef075f884f8ca
:1020b40000900ef073f840460df0fefb002805daa0
:1020c40033683d60002bd6d01d46cfe7c6f80080ac
:1020d400c7f800904546c9e7f0d4002001d6002097
:0820e400ecd40020b0c600207e
:020000040000fa
:020000040004f6
:1020ec0008b5194b9847194b9847eff3108172b606
:1020fc00174ad2f8883043f47003c2f88830bff323
:10210c004f8fbff36f8f01b962b6124a936823f0f9
:10211c0001039360d36813f0010ffbd10d4b242204
:10212c005a6001229a600af077f90b4b23f07f0377
:10213c00074a9360094b9847094b9847094b9847b6
:10214c000df030fbfee700bfc1010500c101050029
:10215c0000ed00e0006000410000000091770400f9
:08216c00c1010500c1010500dd
:020000040000fa
:020000040004f6
:102174001a4a2de9f8431a4b1a4e1b4f18704ff0a8
:10218400010882f80080194a3070002313703b70f4
:1021940009f02afc0c4605460df062fd40f6b83104
:1021a400a0fb01014ff47a7200230af0ddfbdff893
:1021b4004490401944eb0104c9e900040df00efbfe
:1021c40048b932780a4892034ff4804103f0b6fbd1
:1021d40008b187f80080bde8f88300bf1ed6002050
:1021e40021d600201fd600201dd60020c2d70020f3
:0821f400f908030070d300207c
:020000040000fa
:020000040004f6
:1021fc001d4b1a5c002a35d030b51c4c1c4a1d49ad
:10220c0054f82050526800241c544ff4067303fbfe
:10221c000013521b1c68944288bf1a604ff406735b
:10222c0003fb00135c68944238bf5a604ff406738a
:10223c0003fb0013d3f814529c6805f07f0e013594
:10224c00c3f81452862505fb00e001eb8001a418ad
:10225c004a61d3e9032142f100020131c3e90321b0
:10226c009c6030bd704700bfecd20020fccf00203a
:08227c00001000e0e85e002004
:020000040000fa
:020000040004f6
:1022840010b4d0f8ac40236823f00803236023681b
:1022940023f004032360636811f0020f14bf43f0ba
:1022a400020323f0020311f0100f14bf43f00103e3
:1022b40023f0010312074cbf43f4005323f40053eb
:1022c40063604b041bd50023e36090f8a41059b15c
:1022d400d0f8943044223e3312fb0132002100bf77
:1022e40043f8441b9342fbd1236843f00403236067
:1022f400236843f0080323605df8044b704701230f
:04230400e360e2e7c9
:020000040000fa
:020000040004f6
:102308002de9f04190f8a46088461146002e36d099
:1023180006eb06164ff0000cb700d0f8a040664652
:10232800624605e00cf1440cbc4504f114041cd0d1
:10233800637c012bf6d12588002df3d0d0f894309a
:1023480063445b6803ebc50e1d68032d04d91d6843
:10235800ed074cbf0132013608339e45f4d10cf12c
:10236800440cbc4504f11404e2d1b8f1000f01d0cb
:10237800c8f8002001b10e600020bde8f0813246a7
:04238800f3e700bfb8
:020000040000fa
:020000040004f6
:10238c0030b59df80c4084461cb311f0070037d1d2
:10239c000f291dd9cc08013ca4b2b4eb930f17d86c
:1023ac000cebc405e64600bf5ef8081fdef80430ef
:1023bc001bba09badb438b420ad1ae45f4d1043abd
:1023cc005cf8083f1bbaac4542f8043ff8d12046f4
:1023dc0030bd0839c1f38f00b0eb930ff7d80cf177
:1023ec0008010028f4d0831c9bb2043a0ceb830c3c
:1023fc0051f8043b1bba614542f8043ff8d130bd9b
:04240c00002030bdbf
:020000040000fa
:020000040004f6
:10241000f8b55c1e2606bdf8205005d4e6b2ac081f
:102420005d1cb4eb450f01d20020f8bda0b1069ca5
:1024300004eb830e079c844604ebc303274600bfce
:102440005ef8044de04300ba24ba43f8044c43f864
:102450000809bb42f4d16046c2f3034343ea0111c9
:1024600041ea40110023100a61f3070360f30f23d0
:102470007600f6b262f31743079a66f31f631360a0
:1024800010460bf033fc00f001000643d670e80064
:04249000f8bd00bfd4
:020000040000fa
:020000040004f6
:10249400f8b58469876ae388d7f804c05bba16463e
:1024a4006288e3800546e3680846217a52bac4e9a3
:1024b40003c3628009b96423237223782a699b00c9
:1024c40003f03c0193890b44938130b10023638171
:1024d40097f8702012f0040215d006b9f8bd6b69a4
:1024e400d3f806105a8919609a80aa6a991d02b114
:1024f4003c321068c3f8060093888b802a6993895c
:102504000e339381f8bd2046fef74afb6081002e0e
:04251400e4d0e4e744
:020000040000fa
:020000040004f6
:1025180070b5447bbcb106460d46337b002bfcd01e
:10252800337bebb93468a54225d02cb123689d4292
:102538000bd01c46002cf9d10df02cfe337b013357
:1025480033730df029fe204670bd7268196821604a
:102558009342b26808bf7460013a1c46b260ebe768
:102568000df018fe337b013bdbb233730df014fe24
:102578003468a542d9d1002cded073689c42b36878
:1025880014bf2268002203f1ff3308bf7260326073
:04259800b360d1e774
:020000040000fa
:020000040004f6
:10259c0070b590f85c30012b044629d094f83e308d
:1025ac00002262f34103e26084f83e3004f14005fe
:1025bc0001e00af039fb28460bf022fc09226ff0ef
:1025cc0010010028f5d1e06a20b109226ff010014a
:1025dc000af02afb0d490e4bb4f9122008681b684f
:1025ec00002143f822102146c368bde8704018470b
:1025fc00c0680028d2d0036a1b07cfd409f0d8f8e2
:10260c00b4f85630013ba4f85630c7e790d40020fc
:04261c0098d400202e
:020000040000fa
:020000040004f6
:102620002de9f0431c4c0746e36aa56a084651b3fe
:10263000ab4208bf002027d01849194e4ff0000cbc
:1026400007f1ff3e0be0cb5c0ef80c30226b4245ed
:102650008cbf43460023844515d0ab4217d0726827
:1026600002f00702012a0cf1010c03f10108ead182
:10267000ba1e11f8139002f81c905b000133cb5c7a
:102680000ef81c30e2e71d46e562bde8f0836046c7
:10269000e562bde8f08300bf48cf0020e8ab002032
:0426a00000340040c2
:020000040000fa
:020000040004f6
:1026a40000283dd010b590f82430da07044609d547
:1026b400406818b10cf01efe94f8243003f0fe03b9
:1026c40084f82430980709d5a06818b10cf012fedc
:1026d40094f8243003f0fd0384f82430190709d555
:1026e400e06818b10cf006fe94f8243003f0f70308
:1026f40084f82430da0609d5206918b10cf0fafd03
:1027040094f8243003f0ef0384f824309b0603d5b7
:10271400606908b10cf0eefd002384f8243010bd8c
:04272400704700bf3b
:020000040000fa
:020000040004f6
:1027280070b582b0d0b304460e461546002141f27a
:10273800a4120cf05ffe04f580520023c2f8406139
:102748004ff0ff3104f50a76c2f84811c2f8545127
:102758003146cde900331a462046fef787fb054689
:1027680010b1284602b070bd04f6187204f54f6324
:10277800cde9003204f5cf6104f6c82304f50a62f6
:1027880004f58a60fef772fb05460028e9d020466a
:102798000cf0aefd30460cf0abfde2e76ff0ac0597
:0427a800dfe700bfa8
:020000040000fa
:020000040004f6
:1027ac0070b5864605465ef8083b0e6808460c4632
:1027bc0040f8083b03f180410139b3f1010c0eebf9
:1027cc00810e00eb810110d4002300bf5ef80429b8
:1027dc00db070cf1ff3c43ea5203bcf1ff3f41f82d
:1027ec00043902f00103f1d123689e4200eb83000f
:1027fc0005ddf21a920000210cf0fafd23686868de
:10280c0063b19a1c04eb820201e0236033b152f8ed
:10281c00041d013b0029f8d0606070bd0020606091
:04282c0070bd00bfbc
:020000040000fa
:020000040004f6
:10283000022970b504460bd0036814495b684068f0
:102840009847d4e9003012495b68bde870401847ea
:102850001346104d58682c60002211460cf0ecfd18
:102860000d4a137853b90d490d4c08600d490e48b7
:102870000b70012111702370037070bd23686068b4
:102880000a4a5b680a49bde870401847c86d0000f5
:10289000e86d00004cd500201ad6002064d5002039
:1028a00015d600201cd6002019d60020c06c0000d0
:0428b000d40300004d
:020000040000fa
:020000040004f6
:1028b40070b5194a194d107096b0194a0b460c465a
:1028c40002a850210bf0d4ffb5f90060721c0dd1a1
:1028d400144a154d154b12681b68154900920020c7
:1028e4002246287002f044fe16b070bd02a80cf017
:1028f4004bfa02a982b2304603f0f6f9b5f90000aa
:1029040008f0dcfbb5f90000431ce1d0fff764fbe1
:102914004ff6ff732b80dbe726d60020bcd70020c0
:10292400c08e0000b8d5002027d60020b4d50020e2
:04293400d08e000041
:020000040000fa
:020000040004f6
:10293800dff87cc0f0b5dcf800400346002c35d049
:102948000022214615461046d1f800e00e699e4542
:1029580009d12ab1166101f11000f0bd3146f3e743
:10296800ccf80060f7e705d9e8b10768be453cbf79
:10297800154608460a46002ef0d10028edd001463b
:10298800066951f8102bd21a102a05d903600b4496
:10299800103a1e611a601e4684420cbfccf80060d3
:1029a8002e610846d9e715460846e3e72046d4e7ee
:0429b800d0d5002056
:020000040000fa
:020000040004f6
:1029bc00902930b50fdc7f2913dd8039102910d810
:1029cc00dfe801f02929200f110f0f0f190f0f0f3e
:1029dc000f0f0f0f2000c02924d0f02922d0a029de
:1029ec0020d0002006e0196800680a1d1a600b68e8
:1029fc001880012030bd196800680a1d1a600b6828
:102a0c001870f6e719680a1dd0e900451a600b68c2
:102a1c00c3e90045ede7196800680a1d1a600b68e8
:102a2c001860e6e71a680168101d186013681960d1
:022a3c00dfe7d2
:020000040000fa
:020000040004f6
:102a400070b48468028c418c2369150758bf23f049
:102a5000010311f4405f08bf23f0080312f4c04fd4
:102a600002f4c05601f480751dd1a6b123f0100305
:102a700002f4a046354308bf23f0020312f4205f9e
:102a80000cd0856a2361002202212b8070bcc0e932
:102a90000622418070475db123f030030a0658bf1b
:102aa00023f00403ede7002ee2d123f02003dfe75b
:102ab00023f032030a0658bf23f00403e1e700bf06
:020000040000fa
:020000040004f6
:102ac00010b5044603f04efbf8b1a38e13f02001bd
:102ad000dab21bd1a36a1bb14ff480521a6019718c
:102ae000154b16490020c4e9060302226280bde8a6
:102af00010406ff00a0202f03dbd06212046fff7ac
:102b00004df810b10523c4f81a3010bd12f00402bc
:102b100005d1a36a002be3d01a601a71e0e7db0548
:102b2000ebd50f212046fff739f80028edd002231e
:102b3000c4f81a3010bd00bf0000f5ffcc02000041
:020000040000fa
:020000040004f6
:102b4000838b012b10b5044615d0022b08d023bb74
:102b50000221fff723f810b1164bc4f81a3010bd4c
:102b600003f000fb0028fad0a28ea4f8462003232d
:102b7000c4f81a3010bd03f0f5fa0028efd0a38e88
:102b8000a4f8443003212046fff708f80028e6d0d7
:102b90004ff00213c4f81a3010bd074b074900204c
:102ba000c4e9060302226280bde810406ff00b0208
:102bb00002f0e0bc020001000000f4ffcc020000c3
:020000040000fa
:020000040004f6
:102bc00030b41e4ad0f8834090f88730b0f85e5099
:102bd000a0f86e50224042f40032c0f883204269cf
:102be00004680461c0e907220122a0f86020a0f86f
:102bf0006a2013f0400208bfc2631a065cbf0022bd
:102c0000a0f85c2090f88620c2f30102002180f831
:102c1000712013f008024ff0ff35c0e90d11016576
:102c200008bf4264002113f01003c0e90244856527
:102c300080f8731030bc08bf036470470001f8735c
:020000040000fa
:020000040004f6
:102c4000002935d00b689bb370b5044618b190f8d5
:102c50004230580602d46ff0050070bda36d174acc
:102c6000b3f876305668c3eb031306eb830630687f
:102c700003f016ff0546f0b103885a0616d41b066a
:102c80004cbf06f1140006f12400291dfff744fc97
:102c9000306829460cf040fa20466ff0010300220c
:102ca00005f1080105f0f4fb002070bd301dece7d4
:102cb0006ff0040070474ff0ff3070bd30ce002041
:020000040000fa
:020000040004f6
:102cc000dab310b501eb820e0378a3f13002092ac2
:102cd00007d80ae010f8013fa3f1300cbcf1090f4e
:102ce00003d913f0df0ff5d110bd002202eb8202f1
:102cf00003eb4202044610f8013fa3f1300cbcf193
:102d0000090fa2f13002f1d96b2b0dd012d84b2b49
:102d10000ad04d2b03d1094ba01c03fb02f241f852
:102d2000042b7145d0d110bd4ff47a7303fb02f22e
:102d3000a01cf4e76d2beed0f1e7704740420f0086
:020000040000fa
:020000040004f6
:102d400000293cd00378ff2b39d100b54378f03b04
:102d50000f2b0dd8dfe803f008080808080808085a
:102d60000808100e0e0e0e3002300378ff2bedd047
:102d70005df804fb0330f8e70229f9d98b1e9bb2fa
:102d8000012b00f1020205d1f2e700bf1ffa8ef31a
:102d9000012bedd01178ff29944603f1ff3e02f19b
:102da0000102f3d11178f029f0d1023b99b20cf174
:102db00002000029d9d1dbe701305df804fb704740
:020000040000fa
:020000040004f6
:102dc0000eb470b5adf20c4d0df21c434ff48061a2
:102dd00053f8042b019302a804f052fa40f2fe3398
:102de000421e9a4220d8134e02aa3568002313547b
:102df0002a18b2f5806f33bf0f4b0f4d3360ed18bb
:102e0000044602a928460cf003fb0c4b421b294642
:102e100058880af06dfa14f003031cbfc3f10403d1
:102e2000e4183368234433600df20c4dbde8704064
:102e300003b07047d8d40020e8af0020d4d40020dd
:020000040000fa
:020000040004f6
:102e40002de9f0471d4f06468a4690469946bc46f6
:102e50004ff0ff3e002404e0b5421ed001340c2c9c
:102e600009d0dcf804500cf1180c002df4d1a64662
:102e700001340c2cf5d1bef1ff3f1bd000231a46c4
:102e80000eeb4e0e07ebce04c4e900a6c4e902899e
:102e9000c4e904230120bde8f08704eb440507ebf7
:102ea000c5054046a9680bf0f4ff18b9d5e904231d
:102eb000a646e5e70020bde8f08700bf80c40020fb
:020000040000fa
:020000040004f6
:102ec000f43c0000fc3c000074d700200c3d0000e6
:102ed0001c3d00002c3d00002c3d0000383d000052
:102ee000e80b0000090000009c78040000000000ce
:102ef00000000000000000000000000000000000d2
:102f000008030000403d000060d700204c3d000059
:102f10001c3d00005c3d00002c3d0000383d0000e1
:102f2000e80b000009000000ec770400000000003e
:102f30000000000000000000000000000000000091
:020000040000fa
:020000040004f6
:102f4000f0b50c68651c00269d42166034d8075702
:102f500010f804e0b74200eb040c09db7046059c56
:102f600014b144199c4227d80d6000b11060f0bd27
:102f7000bef1800f1dd00ef07f04012c17d0042c61
:102f800012d8601ec000012686402544ab4213d3f0
:102f9000644400201cf801efa4454eea0020f9d15a
:102fa000002801dbb042dada6ff08b00f0bd80263a
:102fb000ebe70d603046f0bd6ff08300f0bd00bf61
:020000040000fa
:020000040004f6
:102fc0002de9f04184b098460a9f009701230193b0
:102fd00015460b68039300222a600e4602ab03aa33
:102fe0003021044607f04ef9002820db00974346c5
:102ff0002a4603a92046fef7cffa00281adb039bd6
:10300000bb4206d22cb15a1c974202d3e15c05297f
:1030100004d03360002004b0bde8f08102339f4249
:103020000bd3a25c002af4d06ff09100f3e76ff0ad
:103030008b00f0e76ff08f00ede76ff08300eae7b9
:020000040000fa
:020000040004f6
:103040002de9f0410446c7f7ddf8051e07dba66e43
:10305000002e07dce26940f285239a4219d0284607
:10306000bde8f081701c04f065fb074628b33246ca
:10307000616e0bf07ffe0023bb5594f85c33e26970
:10308000676643f0010384f85c3340f285239a427b
:10309000e5d12668002ee2d06768002fdfd03846e1
:1030a00004f048fb804640b13a4631460bf062fee0
:1030b0000123c4f80080a360d1e76ff07c05cee760
:020000040000fa
:020000040004f6
:1030c000f0b58fb0159da5b105f580541b4e074690
:1030d000d4f854014ff0000cb64600bfdef80040b3
:1030e000a0420ef10c0e08d00cf1010cbcf1080f3f
:1030f000f4d16ff487700fb0f0bd0ceb4c0c06eb05
:103100008c067468002cf4d00593149b0492cde9ce
:103110000635169bb2680893cde902710023032699
:103120000127cde90933cde90b33cde900676946c5
:10313000a04710f1ae0fdcd00fb0f0bd30cd0020b5
:020000040000fa
:020000040004f6
:10314000002837d0f0b51d4e0546d0f8b8088fb02e
:1031500017464ff0000cb646def80040a0420ef1d4
:103160000c0e08d00cf1010cbcf1080ff4d16ff477
:1031700087700fb0f0bd0ceb4c0c06eb8c0674683e
:10318000002cf4d0cde90473b26800230326032792
:10319000cde90251cde90633cde90833cde90a3353
:1031a000cde9006769460c93a04710f1ae0fded061
:1031b0000fb0f0bd6ff48770704700bf30cd0020b6
:020000040000fa
:020000040004f6
:1031c000002837d070b51d4e0546d0f824018eb0ca
:1031d0004ff0000cb64600bfdef80040a0420ef1f2
:1031e0000c0e08d00cf1010cbcf1080ff4d16ff4f7
:1031f00087700eb070bd0ceb4c0c06eb8c0674683f
:10320000002cf4d00493129bcde905350023cde9c1
:103210000733cde90933cde90b330d930623cde90f
:1032200002120193b26801a9a04710f1ae0fded0df
:103230000eb070bd6ff48770704700bf30cd0020b6
:020000040000fa
:020000040004f6
:103240002de9f843d0f80480d1f80490c84517461a
:103250002fd003680a68934205460e4615dc1edb34
:10326000b3f1010c11d4023300eb830e01eb8303a5
:1032700003e014d3bcf1ff3f07d05ef8042d53f8f0
:10328000044da2420cf1ff3cf3d92846c7f8048054
:103290003a463146f9f7c2f80020bde8f8833046d7
:1032a000c7f804903a462946f9f7b8f80020bde877
:1032b000f883c2f80480bde8f843f9f751b800bfbd
:020000040000fa
:020000040004f6
:1032c00070b50d1e32dd1f2d044630dcac46226881
:1032d00062b3501e04eb82010028ccf1200601f1fc
:1032e0000401034615db4ff0ff3e0efa0cfe6feab9
:1032f0000e0e00230d68b34025fa0cf2013813437b
:10330000421c41f8043905ea0e03f3d12268aab140
:10331000531e023204eb820202e0236073b1013bd0
:1033200052f8041d0029f8d06368636070bd69110c
:1033300002f0e0fd15f01f0cc9d170bd0023f4e7c9
:020000040000fa
:020000040004f6
:10334000d3e160c35b99f340b2628264d1751060cf
:10335000e0045da383ff57a57d73a673d2b8d80d93
:10336000aaf6a6c35a91bb4579d73fd0c8fed11162
:10337000b0391306828adfed528f018121b3febd81
:10338000c343e797b87dbb63db1333ded9d1ece1f0
:1033900077cfa6b71fe8ab1da46624ed6415e51c26
:1033a000cde2c7ca86e283990eeaeb911204155268
:1033b0008b2295910281b02dd431f4c9f70427df17
:020000040000fa
:020000040004f6
:1033c00004eec63bb231df2c630a1afbe724949d5e
:1033d000005a587851e1aa795e477347c8b05662df
:1033e0001c18bddcdd8d99fc5fc2b92053d8cfac71
:1033f000fb0bb8831205fad1ddd6c071318a601893
:10340000f03b73f5ede4d4d071f9de03fd7aea10f8
:103410005d9299b8af99aa075bdb4db9aa28c18d17
:10342000174b56ee2a014d098896ff2282c955a8ee
:103430001969e069fa8ce007a180183a07dfae1736
:020000040000fa
:020000040004f6
:1034400030b50c4689b005462022002168460bf0b5
:10345000d5ff2078b0b163786bb1013c012000bf8b
:1034600014f8013f83b928460124034610f8012bc4
:10347000c2b9581b06e02b461a4601331178814227
:10348000fad0501b09b030bd5a0908a901eb8202dd
:1034900003f01f0352f8201c00fa03f30b4342f819
:1034a000203cdde751090df1200c0ceb810102f00d
:1034b0001f0251f8201c04fa02f20a42d5d1d8e7c3
:020000040000fa
:020000040004f6
:1034c000002833d0f8b51b4e8368b342044624d19c
:1034d000b0f90230022b23d10d4621b3174612b3a7
:1034e000736903b31a68f2b15a68e2b19b68d3b149
:1034f0008b6813b11048214698472b687380ab88be
:103500003361ab797381eb79737001204ff48033b1
:10351000c4e90603a7626080f8bd6ff00d00f8bd36
:103520006ff00c00f8bd6ff00b00f8bd6ff00d00f0
:0c353000704700bfc4cc0020c86104003c
:020000040000fa
:020000040004f6
:10353c0010b5044602f010feb8b1a08e10f00800d1
:10354c0014d0a36840f201114ff090522186c4f8b8
:10355c0032205b88e3862046f7f74efc002811db0f
:10356c0003281cbf0223c4f81a3010bd0c4b0d49a4
:10357c00c4e9060302226280bde810406ff0080225
:10358c0001f0f2bf084b07490020c4e906030222f0
:10359c006280bde810406ff00b0201f0e5bf00bf88
:0c35ac000000f7ffcc0200000000f4ff5c
:020000040000fa
:020000040004f6
:1035b800f8b58b6bc0f896308b8fa0f89a3004461c
:1035c80000f1240301f140070e684d688868ca6855
:1035d800da601031b9421e605d60986003f1100333
:1035e800f2d1a28a0123002540f2dc5184f89e30f2
:1035f800a4f89c50a4f8a01084f8093192b10a4e9e
:1036080004f1b807e18a636b012208469847c0e9cc
:1036180002640146384604f0c9fa0135a38aedb2be
:0c362800ab42efd8f8bd00bfa9ca0400f7
:020000040000fa
:020000040004f6
:10363400f8b51b4b1f68002f2fd03e686eb3f3689c
:10364400002523b91ae0f3680135ab4216d929469f
:1036540030460bf069fd04460028f4d00378da07fd
:10366400f1d503881b060bd5386821460bf052fdb3
:103674000023e384f3680135ab42e8d80020f8bda9
:10368400f88c084a0849013800b2f884c04340f273
:103694001713c00f0bf0a2ffe6e76ff00500f8bdab
:0c36a4004cd400207cee04008c320000ae
:020000040000fa
:020000040004f6
:1036b00030b1f8b50d4609b1282a02d80020f8bd6e
:1036c0007047044600f1100620780bf059ff3028af
:1036d0004ff03a071ad005f8010b20780bf058ff8d
:1036e00005f8010b60780bf04bff05f8010b6078d3
:1036f0000bf04eff0234b442287012d06f70207865
:103700000bf03eff302805f10205e4d120780bf0e4
:103710003fff3028e4d160780bf032ff3028e6d04c
:0c372000e3e700236b700120f8bd00bf40
:020000040000fa
:020000040004f6
:10372c002de9f84306b2731c01d1bde8f8830846b5
:10373c000f460bf025fb85b208f052f989468046fe
:10374c000cf08afa4ff4fa71a0fb01014ff47a7273
:10375c00002309f005f910eb080849eb0109c5b184
:10376c00002402e09cb2ac4213d22a1b92b239194b
:10377c00304602f0b5fa03190028f3d108f030f9fd
:10378c00404561eb0901002903da0bf0bdfaac42ac
:0c379c00ebd33046bde8f84307f08cbcce
:020000040000fa
:020000040004f6
:1037a80043b2002b2de9f04116ddc3b20a2b13d822
:1037b800013804b2dff8608004ebc40208eb82072a
:1037c80018f82220e6003ab1ba68126a02b3b7f9cb
:1037d80006009047054618b900252846bde8f0813f
:1037e800bb889b06f9d5bb78012bf6d97b784bb102
:1037f800fb681b6933b1242004fb00801c30984708
:1038080000237b70264408eb860301229a70e4e7c4
:0c381800ff23fb70e0e700bf18c3002096
:020000040000fa
:020000040004f6
:10382400184b194a194830b50021194c11705160d0
:1038340091601173117451619161117758639c63a4
:103844005c69144d44f081345c61134c1c6440f297
:10385400094404804ff0010c032440f6090e83f858
:10386400451082f800c083f84d401d65a0f810e0b3
:1038740083f8551082f810c040f6027183f85d4059
:10388400198030bd00a000411cd1002040d100208f
:0c38940060d1002000042000000520008e
:020000040000fa
:020000040004f6
:1038a00070b51d4c666b62692261002e2ed0b26825
:1038b000b2f5004f35bfb2686569656947f6ff72ba
:1038c0000023ad1843eb030663689b6998472269a0
:1038d00082424ff0000303d94ff6ff7280185b411c
:1038e000226a121843f10003954276eb030334bfba
:1038f000e261e561e3699bb20bb90123e361e06931
:10390000636880b2bde870405b691847656947f637
:0c391000ff72ad187641d7e788cf002089
:020000040000fa
:020000040004f6
:10391c00030e0ad1030c34d1030a34d1012228b985
:10392c0009b180230b7001207047042200b55ffaa7
:10393c0082fc11b16cf07f030b700cf1ff3c013a6f
:10394c005ffa8cfc01f1020ed2004b1ce64439b933
:10395c0001337345fcd10cf102005df804fb00bf90
:10396c0020fa02f103f8011b7345a2f10802f2d010
:10397c0020fa02f103f8011b7345a2f10802efd102
:0c398c00e9e70322d2e70222d0e700bfe7
:020000040000fa
:020000040004f6
:103998002de9f041069c10b3164602b3fcb11f4650
:1039a80004f5805300220546c3f84821204688467e
:1039b8000af054fef8b94246294620460cf018fc95
:1039c80080b904f50a7528460af048fe80b93a46d7
:1039d800314628460cf00cfc80b9bde8f0816ff048
:1039e800ac00fae720460bf083fc6ff08d00f4e79b
:1039f80020460bf07dfc6ff06d00eee720460bf0e3
:0c3a080077fc28460bf074fcefe700bfd1
:020000040000fa
:020000040004f6
:103a14002de9f0419ab01d46074604230df11e001e
:103a240014468df81d208df81c300bf0a1f90023ed
:103a34001a46284602a9ebf787fe023400eb040875
:103a44003023b8f17f0f05468df8003017d88df874
:103a5400018002263246694638460bf089f92a4627
:103a640002a9b81935440bf083f97819224607a93d
:103a74000bf07ef908eb06001ab0bde8f0810df1f9
:0c3a840001014046fff748ff461ce3e745
:020000040000fa
:020000040004f6
:103a9000f0b58fb0159d95b11b4e0746d5f8b80807
:103aa000b6464ff0000c00bfdef80040a0420ef119
:103ab0000c0e08d00cf1010cbcf1080ff4d16ff41e
:103ac00087700fb0f0bd0ceb4c0c06eb8c067468e5
:103ad000002cf4d00593149b0492cde90271cde93a
:103ae0000635b268002303260427cde90833cde963
:103af0000a33cde9006769460c93a04710f1ae0f79
:0c3b0000ddd00fb0f0bd00bf30cd0020c4
:020000040000fa
:020000040004f6
:103b0c00f0b58fb0159d95b11b4e0746d5f8b8088a
:103b1c00b6464ff0000c00bfdef80040a0420ef19c
:103b2c000c0e08d00cf1010cbcf1080ff4d16ff4a1
:103b3c0087700fb0f0bd0ceb4c0c06eb8c06746868
:103b4c00002cf4d00593149b0492cde90271cde9bd
:103b5c000635b268002303260527cde90833cde9e5
:103b6c000a33cde9006769460c93a04710f1ae0ffc
:0c3b7c00ddd00fb0f0bd00bf30cd002048
:020000040000fa
:020000040004f6
:103b8800f0b595b0b8b3422935dc16469ab31f464e
:103b98008bb301f10804224601a9ecf78ffc054616
:103ba80058b101ab0df14e0c00211a4601336345a3
:103bb8001170fad1284615b0f0bd224601a9304649
:103bc8000cf016fb05460028ebd139463046fdf7c8
:103bd80085fe013007d03246394630460cf0fcfaf3
:103be80008b10546dde730460cf05cf8012808bf4f
:0c3bf8006ff07805d5e76ff0ac05dbe757
:020000040000fa
:020000040004f6
:103c04002de9f04182b0b0b3202a16462dd80446df
:103c140040f604120f46002198460bf0edfb089a7b
:103c2400c4f8b8280023cde9003304f5107204f574
:103c34008d6304f1180104f5d260fdf719f9054606
:103c4400b0b9c4f8148007b11eb9284602b0bde863
:103c5400f0813246394604f6bc000bf089f8284658
:103c6400c4f8dc6802b0bde8f0816ff08305ece7ce
:0c3c74006ff07c05e9e76ff0ac05e6e7b7
:020000040000fa
:020000040004f6
:103c80002de9f04182b098b30d4689b30446084649
:103c90001f4690460bf07af8431e1f2b064624d889
:103ca00040f60412002120460bf0a8fb0023c4f8c4
:103cb000b87804f51072cde9003304f1180104f569
:103cc0008d6304f5d260fdf7d5f8074698b9c4f8be
:103cd00014803246294604f50e600bf04bf8c4f808
:103ce0000069384602b0bde8f0816ff08307f8e75d
:0c3cf0006ff0ac07f5e76ff07c07f2e71f
:020000040000fa
:020000040004f6
:103cfc00002838d02de9f0410d4689b316467ab329
:103d0c0098466bb3d0f8b8780237044620d12368b4
:103d1c00023b012b18d863680133052b14d8226998
:103d2c0092b16b680133052b0ed82b6963b15268c5
:103d3c005b689a4208d14346324605f11801204689
:103d4c00bde8f04101f07cbc6ff0a900bde8f0814a
:103d5c00fff7f0f96ff487739842d8d0bde8f08183
:0c3d6c006ff0ac00f2e76ff0ac007047a5
:020000040000fa
:020000040004f6
:103d78002de9f04fa7b09846dde93434ddf8c4905a
:103d880083b3339b09eb030bbbf1800f88bf6ff044
:103d9800830022d80df1180a05460e4617463099b9
:103da8004a4650460af0e2ffdde932120aeb090002
:103db8000af0dcff032c13dd082c08bf0424379b12
:103dc8000493369b0393cde901b4cdf800a0434694
:103dd8003a4631462846eaf7b3fd27b0bde8f08fea
:0c3de8000424ece76ff0ac00f7e700bf2c
:020000040000fa
:020000040004f6
:103df400002370b51546436006460c464ff408721e
:103e0400194608300bf0f8fab5f5087f23dda5f55f
:103e1400087588232c44336040f21f2505f10902fc
:103e240001353244631900bf14f8011b02f8011d67
:103e34009c42f9d13368a3b19a1c06eb820201e0db
:103e4400336073b152f8041d013b0029f8d0736844
:103e54007360002070bdeb1c9b08013d3360ddd511
:0c3e6400e9e700237360002070bd00bf80
:020000040000fa
:020000040004f6
:103e70002de9f04f8bb0cde90812149cddf864a059
:103e80000794dde91568dde9175958b3a5f10c0c65
:103e9000bcf1040f26d82eb3d0f8347102379b46fc
:103ea00004460fd0079f0196cde9049acde902851b
:103eb0000097faf765f86ff48773984202d00bb059
:103ec000bde8f08fdde90812079b149320465b469e
:103ed000cde9189acde9168515960bb0bde8f04fdf
:0c3ee000e3f74cba6ff0ac00e9e700bf5c
:020000040000fa
:020000040004f6
:103eec0038b51b4c2368b3b90af0e0fb18b3236850
:103efc00184a194801210b44116023600cf086f913
:103f0c006ff0e30501232360fbf766fe284638bdfe
:103f1c00104b01221a6010480cf076f910b16ff0ba
:103f2c006905efe723680c480133012523600cf089
:103f3c006df9284638bd08480cf062f90028e7d026
:103f4c0023680548013323600cf060f9e7e700bff4
:0c3f5c0000d50020f8d40020fcd4002088
:020000040000fa
:020000040004f6
:103f680038b51a4b1b78044613b9194b1b7863b341
:103f7800184a1368013313603cb323692bb365698e
:103f88001db3134a107860b90af042fae8b10bf091
:103f980005f90146c8b10622284609f022fea0b953
:103fa80023690d48998902686ff4bc630132cb1804
:103fb8009bb202604ff61122934206d90e31284671
:103fc80089b2bde83840f9f70fbb38bd22d60020ca
:0c3fd80021d600208cd5002088d50020c8
:020000040000fa
:020000040004f6
:103fe4002de9ff471d460c9b13f0010806460f46ba
:103ff400144601d195420bd822463946304607f083
:104004008bf9a54204d82546284604b0bde8f087bc
:10401400a5eb04094a46102a28bf1022202168462d
:10402400ca460bf0e9f900bfbaf10f0f0ed809f038
:104034000f026946304607f06ff9b8f1000fe3d17b
:1040440022463946304607f067f9dde71022694613
:0c405400304607f061f9aaf1100ae5e718
:020000040000fa
:020000040004f6
:1040600010b5044602f07ef800b3628ca38e910472
:104070005abf23f400739bb243f4007312492163c7
:10408000d204a26858bf23f480735288e2864cbfe2
:1040900043f480739bb2a3862046f6f7b3fe002854
:1040a00005db03281cbf094bc4f81a3010bd084bb0
:1040b00008490020c4e9060302226280bde81040de
:1040c0006ff00b0201f056ba01010900040008006c
:0840d0000000f4ffcc02000027
:020000040000fa
:020000040004f6
:1040d80078bb38b50c4649b3174d95f8071129bb7d
:1040e8004ff4887228460bf085f9144a2a60144a5e
:1040f8001449c5f8dc10012385f807312b711378b2
:10410800a44601331370bce80f0005f108040fc47e
:104118009ce8070084e8070004f1a00009f082fe8b
:1041280004f1b00009f07efe284638bd4ff0ff309c
:1041380038bd4ff0ff307047a0c500209c780400c0
:0841480045cf00203725167257
:020000040000fa
:020000040004f6
:10415000f0b583b01b4f089cbc4214d194f8060103
:1041600088b91d46d4f8b030164673b11a69906804
:104170002a4630440af0fefdbeb1d7f8b0301a69c5
:1041800093892b44938103b0f0bdd4f8b8208ab151
:1041900007f1b800cde9003103f038fd0269009b5a
:1041a000c7f8b00001999381e1e7d7f8b0301b69f7
:1041b0009d81e8e7a36f0122134484f80621a367d9
:0841c000e1e700bfa0c50020eb
:020000040000fa
:020000040004f6
:1041c8000200000091a00200bd630400030000008b
:1041d8002d3e0300a18603000600000051120400d2
:1041e800ddbe04000900000085870300e9250300ff
:1041f8000a00000079480300696f03000f000000ff
:10420800d98902005d7b04001800000059fd0200f6
:104218008ddf04001e000000e5e6030079bf0400fe
:104228001f0000002dc90300018c040026000000b7
:08423800152002002ddf040037
:020000040000fa
:020000040004f6
:1042400090f83d2038b5c2f3c003044692074fea08
:10425000c35348bf43f004030d464cbf60204820c1
:10426000228a43f00203082108f0cefce8b194f85a
:104270003d30104a9b07c0e9022417d5036900f1bd
:1042800048021a600123a0f85830002345b1228a61
:10429000a3601a44c4e90032012184f85c10e06094
:1042a000b4f856300133a4f8563038bdc36908332a
:0842b000ece700bfe9c10300c7
:020000040000fa
:020000040004f6
:1042b8001a4a1b4810604ff622014ff4403391818f
:1042c8005360d369002bfcd11368144943f00203ef
:1042d8001360cb69002bfcd1124a13629362d3623c
:1042e80082f8343082f83c309363d387136093604c
:1042f800d3601375137793614b6803f00703012ba1
:1043080014bf4ff480634ff4007313631361034bbe
:104318008021042299759a75704700bf00340040c7
:084328000401104048cf002001
:020000040000fa
:020000040004f6
:10433000f0b5054648b31b4a8668536b33b399689a
:104340008e424ff0000027d38446864608e09968e5
:1043500011eb0c014ef100048e4270eb040409d302
:104360009a681f469b6912eb0c024ef1000e9446b0
:10437000002becd1ab61bd61ab69b61aae604bb13d
:104380000020a9689a68521a9a60f0bd86600120e0
:104390005563f0bd1846f0bd55630120ab61ae60ba
:0843a000efe700bf88cf002009
:020000040000fa
:020000040004f6
:1043a80010b5f2f7e5fb052009f08ef8002009f0ba
:1043b8008bf8d7f757ff0020fdf71cff012009f005
:1043c80083f8134c134ba0691b6998470120fdf72c
:1043d80011ff022009f078f8e068d1f7bdfb022050
:1043e800fdf708ff032009f06ff8206af7f756ff7a
:1043f8000320fdf7fffe042009f066f8d6f748fd14
:104408000420fdf7f7febde810400520fdf7f2bed9
:0844180080d00020ec980400a4
:020000040000fa
:020000040004f6
:10442000f0b50d4685b000210391296880b34f1c7b
:10443000bb4216462cd3425c0297022a044627d17f
:104440000122009202a903aafef77afd00281fdbd1
:10445000dde90230002830602b6012db3268012a6f
:104460000edde25cff2a0ed052b901332b603368b7
:10447000013b002b336003dd2b68e356002b07da8a
:10448000002005b0f0bd234493f90130002bf7da8a
:084490006ff08b00f5e700bf9f
:020000040000fa
:020000040004f6
:10449800f8b507687d18882d33dc6c1ea1420646e6
:1044a8000560224612dcc1f102022a4400eb8202b6
:1044b800a81c01f1ff3c06eb80002346013b52f8a3
:1044c800041d40f8041d6345f8d1e21b002a06dbf1
:1044d80001329200002106f108000af08bff75b145
:1044e800ab1c06eb830302e0346044b1013c53f893
:1044f800042d002af8d0736873600020f8bd0023eb
:08450800fae74ff0ff30f8bda7
:020000040000fa
:020000040004f6
:10451000b8b390f83832d90610b504462cd490f8c8
:10452000363213f0580212d04ff0ff3003f0600320
:10453000402b00d010bd20460bf0bcfd6ff4ab73d8
:10454000984216d0d4f81031c3b9022010bd012111
:1045500003f066f80028c4f810010fdb94f8362247
:1045600042f04002134684f836229a06edd5012027
:10457000dce70523c4f81031012010bd4ff0ff30f7
:0845800010bd4ff0ff30704741
:020000040000fa
:020000040004f6
:104588001b4b70b51b4d1b682868023b0130012b83
:104598008ab0286002d900200ab070bd00230c46fa
:1045a8001646cde90333cde90533cde90733099341
:1045b80007f018fa23692c689a890294cde900015a
:1045c8009968adf810600120d1f806308df81a000e
:1045d8000320cdf81d308df81c004b89adf8122052
:1045e8006846adf82130f1f7ebf800200ab070bd4d
:0845f80024d5002004d50020a9
:020000040000fa
:020000040004f6
:1046000030b50d46097889b0044609b16b782bb9ed
:10461000204602f005fe001b09b030bd202200211b
:1046200068460af0ebfe013d012000bf15f8013f8e
:10463000a3b921460125084611f8013b002bead019
:104640005a090df1200c0ceb820203f01f0352f803
:10465000202c05fa03f31342edd0dce75a0908a930
:1046600001eb820203f01f0352f8201c00fa03f34f
:084670000b4342f8203cd9e79e
:020000040000fa
:020000040004f6
:104678002de9f84f0446dde90a9a6668d4f80c80fb
:1046880024690c9f013c1946002e4ff00003d7f80f
:1046980000b008f804301046b8bf01264d46012383
:1046a800002c03dcdbb12046bde8f88f50ea01029c
:1046b80009d1a6eb09022a44002a04dc002df1dd09
:1046c8001bf0020feed052464feaea7308f04af99f
:1046d800013c1346303208f80420013de0e73b680e
:0846e80023f010033b60dee744
:020000040000fa
:020000040004f6
:1046f0001b4bdc2202fb0033b3f85820114000d1e1
:104700007047b3f85a2010b548004feac10e92b274
:104710000a4300f480704fea512c0ef0100ea3f8fb
:104720005a204eea000e0cf0020c0801b3f8562095
:10473000dc6d4cea0e0c00f4806040ea0c0001f0e5
:10474000040192b201430a43a3f856203cb1b3f8e6
:104750005600196e80b22346bde81040184710bdc0
:044760002cd6002033
:020000040000fa
:020000040004f6
:1047640038b58b7b012b0c4605461bd0022b0dd094
:10477400154a164940f25743002000f0f9fe144a46
:104784001368002bfcd10723a37338bdc0680bf05a
:10479400e3f90028f9d1e8680bf0a2fb0623a37320
:1047a400a06038bdc0680bf0d7f90028edd1a2880d
:1047b400e188e86809f0f8fa637b13f0010f14bf8d
:1047c40006230223a37338bd88f40400940a00006e
:0447d4009cd3002052
:020000040000fa
:020000040004f6
:1047d80031b3f8b50b6823b118b190f842305c06d4
:1047e80001d40020f8bd836d154fb3f876307e688c
:1047f800c3eb031306eb83061446306802f04cf94a
:1048080005460028edd0038813f0c00fe9d01cb18d
:1048180000692060aa8aa2801b0603d40120f8bd83
:104828000020704714362c1d21463046fdf770fed7
:104838007b69eb602146304603f0b8f9eee700bf2c
:0448480030ce00204e
:020000040000fa
:020000040004f6
:10484c0030b51b4c87b0002300eb4000cde90033a2
:10485c00cde90233cde904330d4604eb800405e0c9
:10486c009a6aaa4208bf68460af0fef8204609f088
:10487c00c7fa0346014603a8002bf1d1684609f09c
:10488c00bffa01226ff00a0148b108f0cdf9684671
:10489c0009f0b6fa01226ff00a010028f5d1039b4a
:1048ac001bb103a9204605f03dfc07b030bd00bf8d
:0448bc003ccb0020d1
:020000040000fa
:020000040004f6
:1048c00070b5174d2b681b6883421ad1c668b6b104
:1048d000002401e02b68186821460af027fc0378c1
:1048e000da0704f1010408d503880e4adb0504d475
:1048f000136842689b1a002b02dca642ead1002012
:1049000070bd094a094940f63503002000f032fe27
:10491000074a1368002bfcd12b681868d6e700bf44
:10492000a8d40020a0d40020dce40400ac380000af
:04493000a4d40020eb
:020000040000fa
:020000040004f6
:104934002de9f041044688b30f461646002522218e
:1049440020460af06dfd804640b10023037005e067
:10495400ae4288bf47f8254001350024204610495f
:1049640005f0e2fd04460028f2d1b8f1000f12d0a0
:1049740008f10108222140460af052fd48b1804561
:1049840007d0b542047038bf47f82580441c013570
:10499400d5e74ff0ff352846bde8f0810546fae734
:0449a400683b00006c
:020000040000fa
:020000040004f6
:1049a80070b54b6846689e42154623d103680a686d
:1049b800934204468e4615dc21dbb3f1010c11d479
:1049c800023300eb830201eb830303e017d3bcf14e
:1049d800ff3f07d052f8040d53f8041d88420cf12c
:1049e800ff3cf3d920466e602a467146f7f712fd60
:1049f800002070bd5660bde87040f7f7adbcb6fa50
:104a080086f6760970466e602a462146f7f702fd5b
:044a1800002070bd4d
:020000040000fa
:020000040004f6
:104a1c00a0b338b590f8d4300446d3b994f8d53057
:104a2c0023bb94f8d63093b1d4f8dc3099681b686a
:104a3c0031b1194400201a4601338b421070fad15f
:104a4c0004f1dc0006f0b0fb002384f8d630012022
:104a5c0038bd90f87452002de0d1d83006f0a4fb8c
:104a6c0094f8d53084f8d450002bdad004f1ec0053
:104a7c0006f09afb002384f8d530d2e76ff0ac0037
:044a8c00704700bfb0
:020000040000fa
:020000040004f6
:104a9000f8b548b114463ab113686bbb0a290f4602
:104aa00005461ad0252903d06ff0ac063046f8bd74
:104ab00040f6041002f03efe206000b3d5f87822e4
:104ac000696a05f07bf80646002eefd0284622469c
:104ad000394607f0bff83046f8bd41f2a41002f0a5
:104ae00029fe206058b1d5f87822696afdf71cfece
:104af0000646002edad0e9e76ff0bf06d6e76ff082
:044b00007c06d3e775
:020000040000fa
:020000040004f6
:104b04002de9f041184c194e84b004f1080800bf97
:104b140056f8040b00f0baf9012301aa69460546c8
:104b240078b127680097a768019727690297a76952
:104b3400039702f0a3f802a9284609f0a5ff039bf6
:104b440063b904344445e3d1094b93f8381093f81e
:104b5400340004b0bde8f04100f00cb803a92846c5
:104b640009f09effede700bf80ce0020dc000500c9
:044b740078ce0020d7
:020000040000fa
:020000040004f6
:104b780070b5124c0246207882b0b8b90b4610497d
:104b8800104e0a701049114d0b7042ea0321009132
:104b980031600f4908700f4908700f4929600221d8
:104ba80021700e4900f0e2fc02b070bd0c490020f3
:104bb80002b0bde8704000f0d9bc00bf1ad6002092
:104bc800c1d7002060d50020c0d7002064d50020c0
:104bd8001cd6002019d6002002ca040088700000e4
:044be8005470000005
:020000040000fa
:020000040004f6
:104bec002de9f04fbbb005460e4690461f4601908e
:104bfc0004464ff00109012f0df1040b1bdd07f1e9
:104c0c008042449b023aa4eb060a53f822205446f5
:104c1c00a41a21462846c047002807da51462046e8
:104c2c00c04700280fda023f54460de05146284693
:104c3c00c0470028f2db4a465946304602f04afb90
:104c4c003bb0bde8f08f013f4bf8294009f1010959
:024c5c00d1e79e
:020000040000fa
:020000040004f6
:104c5e00f0b50c46d1e9011787b0236805930029fa
:104c6e00a4bf23f00203059305abe6680293082365
:104c7e00cde900730546d2e900232046fff7f5fc87
:104c8e00059bd90642bf00f1ff3030233354059bfc
:104c9e001a0742bf00f1ff30202333542269059bcf
:104cae000093013a3b46121a31182846fff793f942
:104cbe006b68db0503d563689842b8bf184607b02a
:024cce00f0bd37
:020000040000fa
:020000040004f6
:104cd00070b5194b866804469e420cbf1e460026de
:104ce00001f040fae0b1a36aa28e6284cbb108f071
:104cf00025f8054608f024fe326a104b926802fb44
:104d000005f505f2e735a3fb053500eb9510e062ec
:104d100000212046fcf742ff10b10423c4f81a30ea
:104d200070bd01212046fcf739ff0028f8d003238d
:104d3000c4f81a3070bd00bfc4cc0020d34d62103f
:020000040000fa
:020000040004f6
:104d4000d0f8a02001eb810102eb810332f8212091
:104d500032b35a8922b3da89511eb1f5c06f21d21c
:104d600010b45c7c197c012c104c40f206434fead5
:104d7000921218bf00230129d0f8ac1044ea024275
:104d80000a6190f8ba2008bf43f407631ab10a69b0
:104d900042f400620a6100205df8044b8b627047a8
:104da000062070476ff00200704700bf0407000143
:020000040000fa
:020000040004f6
:104db00010b5029b184ca34209d194f8063103b9ef
:104dc00031b9236f0022013384f80621236710bd17
:104dd000d4f8b010a26e501c0a699268c4f8b030c2
:104de00002f10e03a066c1e9052313780b48ff2bdf
:104df00016bf0b6a202343f010030b6202f0dafea9
:104e0000b4f8a800636ca16c40f01000a4f8a800ee
:104e1000bde81040184700bfa0c5002068c60020ac
:020000040000fa
:020000040004f6
:104e200038b58b7b012b0c46054617d0022b0dd0d5
:104e3000144a15494ff48f63002000f09bfb134a7e
:104e40001368002bfcd10723a37338bdc0680af098
:104e500085fe0028f9d10623a37338bdc0680af087
:104e60007dfe0028f1d12389a288e188e86808f056
:104e700023fc637b13f0010f14bf06230223a373eb
:104e800038bd00bf60f40400940a00009cd30020e9
:020000040000fa
:020000040004f6
:104e9000194a1a4b2de9f04116881f683eb3804627
:104ea0003c46002504e00135b54204f1800409d0f8
:104eb000414604f1790009f0ecff0028f3d12046c7
:104ec000bde8f081404603f0ebfeb0f5805f0ed008
:104ed000002303e0b34207f1800708d07a888242ba
:104ee00003f10103f6d13c462046bde8f0810024e1
:104ef0002046bde8f08100bfecd1002080d4002026
:020000040000fa
:020000040004f6
:104f000000280fdb184b1b6898420bda174b1b6805
:104f100010b553f820401cb194f85c30012b03d03d
:104f2000002010bd00207047e36883b11b6a1a0798
:104f30000bd494f83d309b0702d54ff4b86010bdf8
:104f4000d4e90103c01a80b210bd0023e360b4f8b5
:104f50005620b4f854309a42e2d201212046fff79d
:104f60006ff90028e5d1dbe794d4002098d4002025
:020000040000fa
:020000040004f6
:104f700000280fdb184b1b6898420bda174b1b6895
:104f800010b553f820401cb194f85c30012b03d0cd
:104f9000002010bd00207047e36883b11b6a1a0728
:104fa0000bd494f83d309b0702d54ff4b86010bd88
:104fb000d4e90103c01a80b210bd0023e360b4f845
:104fc0005620b4f854309a42e2d201212046fff72d
:104fd00037f90028e5d1dbe794d4002098d40020ed
:020000040000fa
:020000040004f6
:104fe000a9b1aab1002815db174b1b68984211da4a
:104ff000164b10b51b6853f8204082b01cb194f8d2
:105000005c30012b09d00022104602b010bd0a46c8
:1050100010467047002210467047e368002bf2d01c
:105020001b6a1b07efd4d4e901301b1a9bb29a42ca
:1050300028bf1a46002ae7d0019205f0b9fba36801
:10504000019a1344a360dfe794d4002098d4002091
:020000040000fa
:020000040004f6
:1050500038b505460c464ff41270012109f072fb79
:1050600048b300f120030022c0e90633c0e9005430
:1050700000f1d80300f5127c72b11a60d0f8d0109c
:1050800059600b605360c0f8cc305c339c450ad04b
:10509000d0f8cc20002af0d1c0e93333c3e9003383
:1050a0005c339c45f4d1054b1a68002181601ab12c
:1050b0005a689060586038bd1860fbe720d3002024
:020000040000fa
:020000040004f6
:1050c000002834d010b5d0f82431023392b0044611
:1050d0000ad0d0f828313bb102aa0092002390f800
:1050e00020111a46fef76cf894f82031033b032b8d
:1050f00003d8dfe803f00a10160412b010bd2046f2
:1051000012b0bde810400bf08db8204612b0bde8db
:1051100010400bf05bb8204612b0bde810400bf019
:105120007db8204612b0bde810400bf079b870474a
:020000040000fa
:020000040004f6
:1051300020b3f8b51646134b134a0f46c0e90023b7
:105140001249134b0446c0e902131248124bc4e93a
:105150000403124ba36103f17453a3f52303002549
:10516000a3f69243c4e91855e361a566a5670af062
:1051700079ffc4e91b7665672846f8bd6ff0ac007f
:10518000704700bf85ae67bb67e6096a72f36e3c85
:105190003af54fa57f520e518c68059babd9831f02
:020000040000fa
:020000040004f6
:1051a0002de9f041dff86480164f82b000240646f6
:1051b0000d463868d8f80010019401aaedf774f98b
:1051c000012809d0b0fa80f3019a5b092b70328074
:1051d000012002b0bde8f08106f008fc0a4b1a6815
:1051e0005b68904261eb0301a14203da204602b002
:1051f000bde8f081d8f800103868f7f71bfe2c7076
:10520000e6e700bfb0d7002038d3002010d500203b
:020000040000fa
:020000040004f6
:10521000902910b50fdc7f2911dd803910290ed8b7
:10522000dfe801f00f0f250d170d0d0d1e0d0d0df3
:105230000d0d0d0d2500a02903d0c02901d000209f
:1052400006e019680c1d1c600b6803601a600120e1
:1052500010bd19680c1d1c600b6803601a80f6e70e
:1052600019680c1d1c600b6803601a70efe7196861
:105270000c1d1c600b680360d117c3e90021e6e731
:020000040000fa
:020000040004f6
:1052800078b338b5184b0446806898421cd1b4f9fd
:105290000230012b1fd1238b012b1cd1638b012bdf
:1052a00001d0042b17d194f83050bdb940f201332e
:1052b00061862386e2862046f5f7a4fd00280ddbf3
:1052c000032804d0284638bd6ff00d0038bd84f89f
:1052d0003050012038bd6ff00c0038bd6ff00b006e
:0c52e00038bd6ff00d007047c4cc0020fa
:020000040000fa
:020000040004f6
:1052ec00037e9a0610b504460fd513f008031ad0a6
:1052fc00d4f8b03020699b6b0022114698470028e7
:10530c0018db032384f84e3010bd08f013fbd4e9ee
:10531c001023801a9842f7d3237e43f02003237680
:10532c0013f00803e4d1227e84f84e3042f01003cf
:10533c00237610bd237e23f03003237608f0fafa8f
:0c534c00002384f84e30206410bd00bf28
:020000040000fa
:020000040004f6
:1053580000280cdb174b1b68834208d9164b1b68c7
:1053680053f8200028b390f87130012b01d00020a9
:105378007047836c002bfad090f87030032b01d063
:10538800082bf4d1d0e9002310b4d0e902419b1acc
:105398008c429bb228bf641a03f1ff322cbf1b1b3f
:1053a8000b1b013b92b29bb2d31a98b25df8044b27
:0c53b80070477047bcd30020ccd300200d
:020000040000fa
:020000040004f6
:1053c400032970b5466804460bd0036812491b686c
:1053d40030469847236811491b683046bde8704041
:1053e400184750681546fff751fd68b1a96806f0e3
:1053f4005dfe23680a490b4a1b68002818bf114642
:105404003046bde870401847236807491b6830469a
:10541400bde87040184700bf10190000381900009b
:0c542400f8180000e418000070170000e9
:020000040000fa
:020000040004f6
:1054300038b5174b1d6845b30146286828b309b332
:1054400001f02efb0446d0b10378da0708d50388b3
:105450001b0607d52868214609f05efe0023e38479
:10546000002038bde88c0b4a0b49013800b2e884b3
:10547000c04340f21713c00f0af0b2f8eae74ff04a
:10548000ff3038bd6ff0080038bd6ff0050038bd43
:0c5490004cd400207cee04008c320000a4
:020000040000fa
:020000040004f6
:10549c00013938b5044605292ed8dfe801f024057a
:1054ac00071a030500230360012038bd20b32378bd
:1054bc00002bfcd0237803f0ff00002bf5d00af072
:1054cc0067fe2378013bdbb223700af063fe0120f8
:1054dc0038bd88b10af05cfe2378013323700af0e2
:1054ec0059fe012038bd38b101250af051fe257056
:0c54fc000af050fe284638bd002038bde4
:020000040000fa
:020000040004f6
:1055080038b5154c206918b10af07ef800232361dc
:10551800206838b107f01cfbd4e90010c36898472d
:10552800002323600d4d01e006f044f9284608f0f9
:1055380069fc0028f8d10a4d02e06068c368984702
:10554800284608f05ffc01460028f6d1054a064bbc
:105558001060186038bd00bf58b6002074b600202f
:0c55680080b60020a8d40020acd40020a5
:020000040000fa
:020000040004f6
:1055740088b90eb4f0b5164d95f9003082b02bb150
:105584006b681bb1134e3378012b05d002b0bde814
:10559400f04003b0704770470f4f079a307008ab64
:1055a4000446c8213846019301f068fe431ec62b09
:1055b400024605d83c54d5e9013039465b69984721
:1055c4000123337002b0bde8f04003b0704700bf60
:0c55d400e0d20020fed50020a0c800207e
:020000040000fa
:020000040004f6
:1055e0002de9f0410e468046174608f0f1f90546d0
:1055f000404606f087fa002e044617db003d18bf30
:105600000125431c2b44b34219dce9013a4600f062
:1056100009fc2318b342054611dc27b1791940462d
:105620000af0e6fd70b96019bde8f081291e18bfc7
:105630000121c9013a4600f0f5fb0546ede76ff0a0
:0c5640008300f1e76ff07000eee700bfa0
:020000040000fa
:020000040004f6
:10564c0088b3f8b561b35ab353b30568023d012d65
:10565c0004461dd845680135052d19d80569bdb11d
:10566c008568012d05dd022d15d100200023a360d6
:10567c00f8bd002d0fdb01258560eff7a1fa00289e
:10568c00f3da10f16c0ff1d1a3680133a360f8bd0c
:10569c006ff0a900f8bd00236ff0bf00a360e7e72f
:0c56ac006ff0ac00f8bd6ff0ac00704770
:020000040000fa
:020000040004f6
:1056b8002de9f04182b09846dde908535db306460e
:1056c80048b30f461446bab10022019241462a4611
:1056d8002046f4f753fc002816db02232b6010b198
:1056e80002b0bde8f0813a46314605f5d26002b015
:1056f800bde8f0410af07cbdaa6028461a4600f0d1
:10570800c1fb03232b60eae7434620462a4601a94a
:0c571800e8f7defde1e76ff0ac00e1e730
:020000040000fa
:020000040004f6
:1057240070b50023adf50a7d16460022cde90023ad
:1057340004464ff408720d4602a8002109f05cfeed
:1057440020466b4600222946d7f794fc044670b9dc
:10575400dde9003213b1696891420cd1c6e9003227
:1057640002a94ff4087206f1080009f001fb204673
:105774000df50a7d70bd324629466846fdf75efd8b
:0c578400044620460df50a7d70bd00bff4
:020000040000fa
:020000040004f6
:10579000f0b5a2f11005102d87b029d8164beb40bb
:1057a000db0725d5044618b30023cde90233cde944
:1057b000043300930123019302ab0f461646def734
:1057c0004bf9054660b1d4f83431023305d0324686
:1057d000394604f5c47009f0cdfa284607b0f0bd8b
:1057e00004f5927202a92046d8f7caf80546eae7fe
:0c57f0006ff0ac05f1e700bf0101010003
:020000040000fa
:020000040004f6
:1057fc002de9f043a1f104084446042c28bf0424ed
:10580c00b8f1000f27d00025814606460f462846e2
:10581c0005eb040cecb1cc44344432464ff0000e92
:10582c0012f8013b1cf8011b944283ea01034eea77
:10583c00030ef5d1bef1000f08bf032004357c1b0d
:10584c00042c28bf0424a84506f10406e0d8bde8c2
:0c585c00f0830320f2e74046bde8f08333
:020000040000fa
:020000040004f6
:105868002de9f04158b30d4649b300f154070446f9
:105878003846d1f800800af0c9fc0646f8b9124b40
:1058880098fa88f2a3fb0213db0803eb830103eb0e
:105898004103d21a54f8224014b90ae0e46c44b126
:1058a800142204f13801284608f09bf90028f5d1a4
:1058b800012638460af0acfc3046bde8f0810026e7
:0c58c8003046bde8f08100bfa38b2eba73
:020000040000fa
:020000040004f6
:1058d40038b50446006808b105f048fa206b002585
:1058e400256010b105f042fa2563606838b102f012
:1058f40047ff606808b105f039fa00236360e26984
:1059040052b1136843b1916831b1194400201a4669
:10591400013399421070fad104f11c0005f048fcdf
:1059240004f1140005f044fc04f1180005f040fcf7
:0c593400e06a07f059fa0023e36238bd76
:020000040000fa
:020000040004f6
:1059400030b40f4c2378c3b90e4d28600e480f4d6c
:1059500001600f4802600f4802600f4a11600f4a51
:105960000f4913700f4a0120087013700e492870f8
:105970000322227030bc0b707047002030bc70478f
:105980001ad6002064d500205cd5002016d6002051
:1059900060d5002048d5002044d5002015d6002031
:0c59a00017d600201cd6002019d60020cd
:020000040000fa
:020000040004f6
:1059ac0048b338b5174c8568a5421ed1b0f90240f2
:1059bc00012c1dd1048b012c1ad1448b012c01d04c
:1059cc00042c15d190f83040c4b940f20124418622
:1059dc0004868286c386f5f70ffa00280edba0f149
:1059ec000300b0fa80f0400938bd6ff00d0038bdef
:1059fc006ff00c0038bd6ff00d0070476ff00b00ae
:085a0c0038bd00bfc4cc00202e
:020000040000fa
:020000040004f6
:105a140040bb174b1a78012a27d04a69da610ab3c6
:105a240010b4cc684a68b1f81cc0096a83f8240031
:105a3400da60a28a1881002a08bf4ff48242a3f8d0
:105a44005c20e28a196201210a48a3f85e201970d9
:105a540002225c6198615df8044ba3f806c0184605
:105a64009a8070474ff0ff3070471846704700bf68
:085a7400c4cc0020c86104004d
:020000040000fa
:020000040004f6
:105a7c0048b338b5174c8568a5421ed1b0f9024021
:105a8c00012c1dd1048b012c1ad1448b012c01d07b
:105a9c00042c15d190f83040c4b940f20114418661
:105aac0004868286c386f5f7a7f900280edba0f1e1
:105abc000300b0fa80f0400938bd6ff00d0038bd1e
:105acc006ff00c0038bd6ff00d0070476ff00b00dd
:085adc0038bd00bfc4cc00205e
:020000040000fa
:020000040004f6
:105ae40068b338b58268174b9a4204461cd1b0f9a2
:105af4000230012b1dd1038b012b1ad1438b012bb7
:105b04000d4601d0042b14d194f83030022b13d15c
:105b14002046fbf7fdff00280edb022807d00db15d
:105b2400a38e2b80002038bd6ff00d0038bd0120fe
:105b340038bd6ff00c0038bd6ff00b0038bd6ff04e
:085b44000d007047c4cc0020e5
:020000040000fa
:020000040004f6
:105b4c0010b4164c23680bb3834207d018b19a6d6e
:105b5c00836d9a4202d05df8044b7047104a114b8a
:105b6c0010881a68034668b1002103e0814202f1f3
:105b7c00800207d092f8423013f0400301f101018a
:105b8c00f4d0936d23605df8044b70470449054acb
:105b9c00088812680028e7d1f4e700bf7cd4002005
:085bac00ecd1002080d40020a0
:020000040000fa
:020000040004f6
:105bb400f8b5184c0e46b1f86810818205460661a6
:105bc4008275c375a4f1780754f8043c28460c3c4c
:105bd4009847bc42f8d131460120fef735feb36d3b
:105be4009e420bd0b6f8423023f48043002223f0c7
:105bf4004003c6e91322a6f84230f8bd306d10b157
:105c0400736c1b6a9847f06c0028ebd0736cdb68ec
:085c14009847e7e74042040055
:020000040000fa
:020000040004f6
:105c1c0070b50d6a044645f008050d6213488c6298
:105c2c00154608f021ff05b970bda56d104c0af0a2
:105c3c00affab5f86a300f4943f010030a68a5f8bb
:105c4c006a30238b013243f001030a6023830af08c
:105c5c00a1fa6569002de7d0012204f11000ac46d1
:105c6c000023bde870401146604700bf48cb0020c0
:085c7c00e8b3002078d40020f9
:020000040000fa
:020000040004f6
:105c840000281ddb38b5154b1b68984216da144bf7
:105c94001b6853f82050f5b1124c2378002bfcd02c
:105ca40023787bb92846fcf777fc0af075fa237849
:105cb400013323700af072fa012038bd002038bd88
:105cc400002070470af068fa2378013bdbb22370a6
:105cd4000af064fae6e7284638bd00bf94d40020f1
:085ce40098d40020fad500203d
:020000040000fa
:020000040004f6
:105cec0043b2002b2bddc3b20a2b28d810b50138d8
:105cfc0000b2144b00ebc00e03eb8e0c13f82e40cd
:105d0c00dcb1bcf80440a4060bd5dcf80c4064698b
:105d1c0084b14ff0240c00fb0c301c30a04780b237
:105d2c0010bddcf808309b6c23b1bde81040bcf909
:105d3c0006001847ff238cf80330002010bd00200c
:085d4c00704700bf18c30020de
:020000040000fa
:020000040004f6
:105d540043b2002b2bddc3b20a2b28d810b501386f
:105d640000b2144c00ebc00304eb830c14f8233092
:105d7400dbb1bcf8043013f020030bd0dcf80c309a
:105d84005b6a7bb14ff0240c00fb0c401c3098473d
:105d940080b210bddcf80800446b1cb1bcf90600ed
:105da400a04710bdff238cf80330002010bd002055
:085db400704700bf18c3002076
:020000040000fa
:020000040004f6
:105dbc000300000000f704000600000000000000d3
:105dcc000200000018d3040009000000b4ff040016
:105ddc000a000000acff04000f000000e4f2040015
:105dec00180000006cfd04001e0000000000000004
:105dfc001f000000000000000100000088d70020f8
:105e0c005010000024ba04001011000030d70020fc
:085e1c00260000000ce1040067
:020000040000fa
:020000040004f6
:105e240010b549b214469ab102220029227004db4b
:105e34007f2816d86070022010bd01307f2815d944
:105e4400611cfdf769fd421c02300023a35410bd00
:105e540000290edb7f28eed91146fdf75dfd0130e8
:105e640010bd611cfdf758fd013010bd60700320aa
:105e7400ebe701307f2801d8032010bd1146fdf760
:085e84004bfd023010bd00bf10
:020000040000fa
:020000040004f6
:105e8c0018b300291fdd422928dc4368013323d0d5
:105e9c0070b4144e00244460046133461c2506e0a3
:105eac005d68954207d053f8345f013485b1002a00
:105ebc00f6dca942f7dc342303fb0466446006617c
:105ecc00002070bc7047002adfda6ff0ac0070471e
:105edc006ff0ab0070bc7047002070476ff0a900ea
:085eec00704700bffc30030009
:020000040000fa
:020000040004f6
:105ef40002688a42f8b5064624dd4d1c00eb850590
:105f0400541a04300023013355f8047f40f8047f09
:105f1400a342f8d1a24204f1020505dd8a0006eb92
:105f24008500002109f068fa346006eb850301e07e
:105f340034602cb153f8042d013c002af8d0746865
:105f44007460f8bd0021c0e90011bde8f8404ff4c9
:085f54000872083009f050ba90
:020000040000fa
:020000040004f6
:105f5c00d200db00844620fa02f220fa03f3c800d8
:105f6c000099d2b2dbb2c9002cfa00f02cfa01fc79
:105f7c0082ea030148405ffa8cfcc0b28cea000153
:105f8c0049b283ea0c0383ea4103c91101f01b01f6
:105f9c004b405bb282ea0c02d91182ea430201f057
:105fac001b035a4042f3c01303f01b0352b283eaa3
:085fbc0042035840c0b27047d7
:020000040000fa
:020000040004f6
:105fc400f0b585b004460d461646002184221f46ce
:105fd40009f012fa0b9ba3670c9be3670a9bcde9bc
:105fe400005604f10805cde9027337220423204644
:105ff4002946ebf78ff810b1012005b0f0bd372228
:10600400cde902000346cde9005204f13f012046e8
:10601400ebf780f80028efd10123c4e9003084f8bd
:08602400800005b0f0bd00bfd3
:020000040000fa
:020000040004f6
:10602c002de9f843914638b3446a0f461ab1b4fad5
:10603c0084f35b09136014b34ff0000808e02db132
:10604c0026b12b782a2b08bf4ff0ff38246884b177
:10605c00d4e902653a4631462846f9f793fb002805
:10606c00edd0b9f1000f02d00023c9f800304ff089
:10607c0001084046bde8f8830ab1012313604ff0d4
:08608c0000084046bde8f8835e
:020000040000fa
:020000040004f6
:046094000020704731
:020000040000fa
:020000040004f6
:1060980038b517a3d3e90023134d1449c5e90023e4
:1060a800681e05f1430c4ff0ff3200bf10f8013fa6
:1060b80008245a4042f300030b40013c83ea520291
:1060c800f8d16045f2d1d34307496b644822204692
:1060d800eef7b0fa08b1204638bd06f0d9ffb0fa9d
:1060e80080f0400938bd00bf78ce00202083b8ed8d
:0860f80052424954050000006a
:020000040000fa
:020000040004f6
:1061000082681369518913f4c07f26d023f00103fc
:1061100023f4007311f0080f06d043f4005301215b
:106120001361c0f81a10704711f0040f06d043f441
:10613000805301211361c0f81a10704711f0020f4b
:1061400003bf41f3000101f480410b4343f40043da
:1061500001211361c0f81a10704713f0010fd9d153
:04616000d6e700bfbf
:020000040000fa
:020000040004f6
:1061640070b590f83060022e08d10546fbf7d0fcdc
:1061740000280fdb023818bf012070bd40f28d13d8
:106184000b4a0c490020fff7f3f90b4b1868002861
:10619400fcd1efe7094b0a496e8000242046c5e98b
:1061a40006436ff00b02fff7e3f9204670bd00bf12
:1061b400a4db0400ac020000e45e00200000f4ff55
:0461c400cc02000009
:020000040000fa
:020000040004f6
:1061c800155a0400d1cf040075ef040061ef0400f4
:1061d800bdd5040041a5030099d50400c9e2040017
:1061e800e5e20400a5ae04002ddc0400c13404007f
:1061f800a5bd0400cdc904002dae0400459e0400d1
:10620800d189040069ae04000ddc040001e3040038
:1062180081520400e55a04007d5a0400ad59040077
:0462280015980400c1
:020000040000fa
:020000040004f6
:10622c0070b500f580519df8105091f8c74104b33a
:10623c0091f810c191f811e1d1f80c610cf1ff3c0f
:10624c000cea0e0c0cebcc0c06eb8c0c0ef1010ecc
:10625c00acf82030059b8cf822208cf82350ccf81d
:10626c000430069bccf8003091f8c83181f811e16c
:10627c000bb1204670bd91f8c6110029f9d1d8f7a1
:04628c0027fef6e70c
:020000040000fa
:020000040004f6
:1062900038b58b7b012b0c46054618d0043b012bef
:1062a00007d8c0680831fff7f5fe08b10523a373ce
:1062b00038bd0d4a0d4940f295430020fff75af9c9
:1062c0000b4a1368002bfcd10723a37338bdc068a9
:1062d00009f044fc0028ebd1a288e188e868f8f7cf
:1062e00045fda07338bd00bf9cf40400940a000073
:0462f0009cd300201b
:020000040000fa
:020000040004f6
:1062f40010b5164b5c68228882b00023072a0093ed
:106304008df804300bd86288b4f802321049adf825
:1063140000206846adf8023008f0b9fda0b104f5dc
:1063240000542388072b02d9002002b010bd6288d4
:10633400b4f802320649adf800206846adf80230e0
:1063440008f0a5fd0028efd10120eee700bb0020f6
:046354008c0b0000ae
:020000040000fa
:020000040004f6
:106358009ab1002811db10b4144c2468a04208d26a
:10636800134c246854f8200020b190f87140a142e1
:1063780005d000205df8044b70470020704790f866
:106388007040a4f1030cbcf1020ff2d9082cf0d034
:106398000129eed11268c2632bb190f8873043f01f
:1063a800400380f887300120e4e700bfbcd3002019
:0463b800ccd3002022
:020000040000fa
:020000040004f6
:1063bc00174ad368002b05dd817d042903d0013bee
:1063cc00d3600bb37047137c002bfbd00369996d22
:1063dc008b42f7d1b3f8763010b55468c3eb031386
:1063ec0014eb830412d0206880b106f0affb04f1eb
:1063fc00240000f0affb04f1140000f0abfb201df7
:10640c00bde8104000f0a6bbfaf70eb810bd00bff7
:04641c0030ce00205e
:020000040000fa
:020000040004f6
:1064200070b5114c206818b108f0f4fa002323600d
:106430000e4c0f4821680f4d07f0aaf90e4b0f487c
:1064400000261e6002f04ef8286810b109f0e0f84e
:106450002e600b4d296821b12068c368984700233e
:106460002b600023236070bd38d4002044d400206a
:1064700070d2002040d4002030d4002080d20020f0
:046480003cd40020e8
:020000040000fa
:020000040004f6
:106484002de9f041164682b0044620b30f4608f0c9
:106494007bfc0546c0b1dff8488000233a4601a9d9
:1064a4002046c8f8003008f0c5ffd8f8003002468e
:1064b40073b9019b1b1b581b18bf4ff0ff3006b16b
:1064c400326002b0bde8f08102464ff0ff30f6e7db
:1064d4004ff0ff30f3e702464ff0ff30efe700bf25
:0464e400d4d50020eb
:020000040000fa
:020000040004f6
:1064e800002817db154b1b68984213da144b1b68fe
:1064f80053f8203073b119b191f8422052060bd4e9
:1065080000225a6293f83e2042f00202012083f8ea
:106518003e2070470020704793f93f205962002ab7
:10652800f0db93f85d2012f00202ebd193f83c10f7
:1065380062f3c30183f83c10e4e700bf94d4002061
:0465480098d40020c3
:020000040000fa
:020000040004f6
:10654c00f8b5144e144f33883c689bb10025606835
:10655c0018b102f0bdf800236360b4f90000431ccd
:10656c0001d0fbf735fd33880135ab4204f118043b
:10657c00edd83c68094b0a4d18682146c36898470a
:10658c00286800243c60348010b109f03bf82c6082
:10659c00f8bd00bf04d30020c0d40020c4d4002018
:0465ac00b8d400203f
:020000040000fa
:020000040004f6
:1065b00038b544b2002c1eddc4b20a2c1bd80138f9
:1065c00000b2124d00ebc00005eb800415f820006e
:1065d00088b1aab1a068c56badb1206948b9626144
:1065e000a3610b4ab4f906002346a847206120b1f5
:1065f00038bdf923e370002038bdf723e37038bdc0
:10660000f823e370f7e7ff23e370f4e718c30020f3
:046610008dcc040029
:020000040000fa
:020000040004f6
:106614006ab32de9f0410c4631b3074620b3d0f8f4
:106624003461023615464fea131812d104eb0816ea
:10663400b8f1000f02d114e0b44212d02246294628
:106644003846d7f79bf9103410350028f4d0bde84c
:10665400f081f8f78ffa6ff487739842e6d0bde8bb
:10666400f0810020bde8f0816ff0ac00efe76ff03f
:04667400ac007047bf
:020000040000fa
:020000040004f6
:10667800f0b1114a10b4114c0260114ac166c0e968
:1066880001421049104a04f14754c0e9031204f5c5
:10669800da140e490e4ac26100230a34c0e90541e2
:1066a800c0e91833836683675df8044b1846704762
:1066b8006ff0ac00704700bfd89e05c107d57c3687
:1066c80017dd703039590ef7310bc0ffa78ff96409
:0466d800a44ffabe13
:020000040000fa
:020000040004f6
:1066dc0010b50446c06c08f0e7fa206e08f0e4fa36
:1066ec00e06c08b104f03efb206e08b104f03afbfc
:1066fc00206d08f0c1fa606e08f0befaa06e08b109
:10670c0004f030fb606d08b104f02cfb206d08b177
:10671c0004f028fb606e08b104f024fbe06e08b1b5
:10672c0004f020fba06d18b1bde8104004f01abbba
:04673c0010bd00bfcd
:020000040000fa
:020000040004f6
:1067400070b5d0f8b0600446f36900699847012835
:106750000fd0336a206998470546a8b90146f36b04
:10676000206904f148029847002803db042384f8d9
:106770004e3070bd237e23f03003237607f0e0f81f
:1067800084f84e50206470bd237e23f030032376be
:1067900007f0d6f8002384f84e30206470bd00bfa7
:020000040000fa
:020000040004f6
:1067a00038b5d0f8b0500446eb6900699847012825
:1067b00010d02b6a2069984768b9b4f8483013f0b4
:1067c0000105237e12d0db0656bf022384f84e005b
:1067d00084f84e3038bd237e23f03003237607f053
:1067e000aff8002384f84e30206438bd23f0300326
:1067f000237607f0a5f884f84e50206438bd00bf1a
:020000040000fa
:020000040004f6
:1068000038b5164b984223d190f91430022b044628
:1068100021d10d46d1b105f0f9fa0321012240f250
:10682000dc536b81e9802a7294f8b92094f8ba009d
:1068300094f8bb10002362f3070360f30f2394f86e
:10684000c02061f3174362f31f63eb60002038bd83
:106850006ff0050038bd6ff0010038bd2cd6002068
:020000040000fa
:020000040004f6
:10686000431e033370b522d810f47f441fd1134a5e
:106870009568c3b2ab4218d2d56803eb830305eb2e
:10688000c3056b6a984210d1ec7874b191b18c4613
:10689000bce80f0005f10c0eaee80f000126dcf895
:1068a0000030cef8003085f82060204670bd00240e
:1068b000204670bd0c46204670bd00bf50cc002065
:020000040000fa
:020000040004f6
:1068c00038b505f091fc144b6fea80401c686fea04
:1068d000904080b2a4b1114b1b684ff4804c4ff62e
:1068e000ff75a3f1040e7146002300bf51f8042f79
:1068f00001331ab1b2f85e20824202d0a342f5d130
:1069000038bda8421abf013080b24ff44040bcf1fc
:10691000010ce8d1604638bdbcd30020ccd30020a8
:020000040000fa
:020000040004f6
:10692000b0f1000c1bdb38b51446134a12689445cd
:1069300013d2124a126852f82c5075b195f8702093
:10694000a2f1030cbcf1020f07d9082a05d043b10c
:106950001a460123fff700fd18b9002038bd0020ba
:1069600070473cb195f88730a5f85c4043f0800350
:1069700085f88730012038bdbcd30020ccd300205f
:020000040000fa
:020000040004f6
:1069800070b5104d2b6804460e4623b1184603f02f
:1069900025fb00232b600c4b002219681e2005f0fc
:1069a00005fe0a4b00221a7044b12168084b094abf
:1069b0004c681b68126808493046a047074b002204
:1069c0001a6070bdf4d300200cd40020e1d5002063
:1069d000e4d30020e8d30020d013000010d400201e
:020000040000fa
:020000040004f6
:1069e00038b5054640b300bf95f84430002bfbd0c6
:1069f00095f84430abb96c6a44b10022d4e9004147
:106a00008a4238bf0a46002cf8d1140109f0c6fbaf
:106a100095f84430013385f8443009f0c1fb204635
:106a200038bd09f0bbfb95f84430013bdbb285f87b
:106a3000443009f0b5fbdee70446204638bd00bf10
:020000040000fa
:020000040004f6
:106a40002de9f84304464369d0f8109088469847ea
:106a5000e3680bb3064600270be0e3699847c0b133
:106a6000e3684e44b34207f1010798bff61abb42f0
:106a700012d9a368256803fb065542462b78db072d
:106a800029462046e9d4236a9847636a6f80013318
:106a900063622846bde8f88300252846bde8f883f0
:020000040000fa
:020000040004f6
:106aa0002de9f84306464369d0f810908846984788
:106ab000f368cbb105460027b168346801fb054493
:106ac000424694f800c01cf0010f2146304603d026
:106ad000f369984760b1f3684d44ab4207f1010791
:106ae00098bfed1abb42e7d800242046bde8f883e2
:106af000237860f3410323702046bde8f88300bf8c
:020000040000fa
:020000040004f6
:106b000070b505460e46fff79bff044658b1237843
:106b1000da075abf23f0030343f0030323f0020311
:106b20002370204670bd6a6aeb689a42f9d1ab695e
:106b3000002bf6d0284698470028f2d00378d907d2
:106b400005d564f3000303706b6a013b6b62314649
:106b50002846fff775ff0028e3d00446d7e700bfbb
:020000040000fa
:020000040004f6
:106b6000437b03b9704710b50446237b002bfcd050
:106b7000237bc3b923686bb1d4e9011202e01b681f
:106b8000013a23b19942fad100236360013a00230c
:106b90002360a26009f002fb237b01332373bde86d
:106ba000104009f0fdba09f0f9fa237b013bdbb292
:106bb000237309f0f5fa2368002bddd1eae700bf63
:020000040000fa
:020000040004f6
:106bc000f0b130b4056825b9f1b1124b186830bc8a
:106bd0007047114a114b14881868002cf4d0002318
:106be00090f84220520603f1010302d54268954213
:106bf000edd09c4200f18000f2d10029e5d103e004
:106c000029b1044b18687047084630bc70470846e5
:106c1000704700bf7cd40020ecd1002080d400203d
:020000040000fa
:020000040004f6
:106c200031b330b40c68c4b11349144b098802461f
:106c30001868f9b100239ab990f842c01cf0400fcf
:106c400006d0456884ea050c85681cea050f05d066
:106c500001338b4200f18000edd1002030bc704741
:106c60009042e9d001338b4200f18000f8d1f4e783
:106c7000084670470846f1e7ecd1002080d4002098
:020000040000fa
:020000040004f6
:106c80008446b8b190f8420010f0400000d170473f
:106c9000bcf8420040070dd1d1b10968ccf804100e
:106ca00053b1ccf818105ab11268ccf80820ccf8bf
:106cb0001c2005e00020704712b11368ccf80830a2
:106cc0009cf8433023f0100301208cf843307047c8
:106cd000002af5d01268ccf80820002bf0d0e6e7a7
:020000040000fa
:020000040004f6
:106ce00001281bd9f8b5134f0c46010107eb001022
:106cf0001546b0f808c0466844ea0c0ca0f808c075
:106d00001eb1090900232246b047e30503d50a4a0c
:106d10001368013313601db10120f8bd00207047d6
:106d20007e69002ef8d005482b4622460121b04747
:106d30000120f8bde8b300205cd40020f8b30020a7
:020000040000fa
:020000040004f6
:106d400070b508f047f8144b1e686fea80406fea90
:106d50009040002e80b212dd104b1c684ff4804e24
:106d60004ff6ff75043c2146002300bf51f8042f65
:106d7000013312b1528d824202d0b342f6d170bdbe
:106d8000a8421abf013080b24ff44040bef1010e5c
:106d9000e9d1704670bd00bf94d4002098d4002083
:020000040000fa
:020000040004f6
:106da0002de97043154d6b689b69064698476861ed
:106db0006b692c69a34298bf03f580331c1b2046e6
:106dc00004f0bcf909f0eaf9d5e90a8914eb0802e4
:106dd00049f10003c5e90a2309f0e2f93046fdf75d
:106de000a7fa08b9bde8708309f0d8f90446fcf7a2
:106df00057fd2046bde8704309f0d2b988cf002086
:020000040000fa
:020000040004f6
:106e00002de9f04182b00c46154612680092064604
:106e100001aa69462046fdf703fba8b9009fe35786
:106e2000002b04eb070802da18f8013c7bb9304666
:106e300007f018fc58b9019c41462246304609f03b
:106e4000dbf938b93c442c6002b0bde8f0816ff04a
:106e50006d00f9e7304608f04ffa6ff08d00f3e768
:020000040000fa
:020000040004f6
:106e600070b582b040b304680546acb14ff4cf6250
:106e70000021204608f0c2fa0023cde9003304f5d2
:106e80008a6204f50a712046f9f7f4ff064668b9ec
:106e90002c60304602b070bd4ff4cf6000f04afc69
:106ea00004460028e2d16ff07c06f2e7204603f0aa
:106eb0005fff304602b070bd6ff0ac06e9e700bf7f
:020000040000fa
:020000040004f6
:106ec000f0b50e469db01746054600b151b96ff0ba
:106ed00001020021684601f0fbff044668b120462c
:106ee0001db0f0bd002004f0b9fd00210246684647
:106ef00001f0eeff04460028f1d1324629466846eb
:106f0000eaf700ff044628b1684609f087f92046f1
:106f10001db0f0bd39466846ecf78cf90446f3e73e
:020000040000fa
:020000040004f6
:106f2000f0b50e46a1b01746054600b151b96ff055
:106f30000102002101a8fef7fbf8044668b12046d3
:106f400021b0f0bd002004f089fd0021024601a817
:106f5000fef7eef804460028f1d13246294601a892
:106f6000edf78ef8044628b101a809f05bf9204638
:106f700021b0f0bd394601a8e9f758fb0446f3e714
:020000040000fa
:020000040004f6
:106f800070b550f8083badf50a7d0c464ff4087219
:106f9000014602a8009307f0edfe22466946002054
:106fa000faf75afc012816dd04f1ff3c04eb000e51
:106fb0006ff0010662461cf8011f1ef8015d8cf897
:106fc0000050a6eb0c0302322344121b03449a42e6
:106fd0008ef80010eedb00200df50a7d70bd00bfbd
:020000040000fa
:020000040004f6
:106fe00010b5044609f03ef8b4b10d490d4b0e4af8
:106ff000c4e900130d4b0e49c4e902230d4b0e4aa0
:10700000c4e904130d4b0020c4e90623c4e91800a9
:10701000e066a066a06710bd6ff0ac0010bd00bfb9
:10702000d89e05c107d57c3617dd703039590ef76b
:10703000310bc0ff11155868a78ff964a44ffabe31
:020000040000fa
:020000040004f6
:1070400070b51349d1f8003ad1f8042a82b0044649
:107050009b1ad1f80c2ad1f8081a009125684068cb
:107060000c49402601966d6803f03f03a84740f2a3
:10707000ee5010212268084bcde9001007495568f1
:107080006068d3f8e02e45f6e063a84702b070bd13
:10709000d889002058500000005000208c5000007b
:020000040000fa
:020000040004f6
:1070a000012910b5044607dd506803786f2b0ad01c
:1070b0000f4907f0eefeb0b1236860680d495b68c8
:1070c000bde81040184743786e2bf1d18378002b30
:1070d000eed1012007f042fe0749d4e90030bde8b7
:1070e00010405b68184707f039fe0449f5e700bf18
:1070f0003c260000e8500000c8500000d8500000b6
:020000040000fa
:020000040004f6
:1071000010b5124b82b000244ff47a701c7007f057
:107110007ffa012301460e4a00932046234606f0db
:10712000c5fff8f745fa0b4b0b4a0c480f21fbf74c
:1071300087fe08f04ff905f0f3fe05f007ff05f0b4
:107140001bff02b0bde81040e8f786bfe0d5002085
:1071500071ce04001c5600002c5600003cd50300e4
:020000040000fa
:020000040004f6
:10716000447f000039ad03004c7f0000747f0000b5
:1071700031280400807f0000b07f00001907040060
:10718000bc7f0000f87f0000a941030000800000e0
:1071900040800000756d03004c800000948000006a
:1071a000e9a40400a0800000e0800000f5ce040007
:1071b000ec800000388100006dca02003c810000b4
:020000040000fa
:020000040004f6
:1071c000f0b594468bb002469ded107b0846bcf1ad
:1071d000000f1bd09cf800509cf801609cf8021036
:1071e0009cf803709cf804e09cf805400291cde9fe
:1071f00005438ded087b0346cde9037ecde90056be
:1072000006490020fef7b6f90bb0f0bd6446e6462d
:107210006746614666466546e8e700bfcc8a0000df
:020000040000fa
:020000040004f6
:1072200011f0ff0170b504461fd003469a071846b7
:107230001fd14ff001354d43186880ea0506a0f1d3
:10724000013222ea0002a6f1013020ea06000243e0
:1072500012f0803f1c4603f10403edd0204614f8e1
:10726000013b2bb18b42f9d102e007f08ffd2044a6
:1072700070bd13f8012b002afad08a42d6d1f7e765
:020000040000fa
:020000040004f6
:10728000f0b59bb004460d46164600214c2207a8d7
:107290001f4608f0b3f84ff0ff324ff48173cde989
:1072a000022304b901accde9044555b16b1e002d94
:1072b000069308da094b4f221a604ff0ff301bb0db
:1072c000f0bd2b46f3e71cbf002323703a4631463e
:1072d00002a8cde9074407f051faf0e7d4d5002021
:020000040000fa
:020000040004f6
:1072e0002de9f047012ac0b005460f46164604ddd9
:1072f00001eb820acaf800d015b940b0bde8f087aa
:10730000b5f5807f3c46a84628bf4ff4807854f8f6
:107310000419daf80000424607f02cfd4ff000098e
:107320000434d4e90001424607f024fd236809f142
:10733000010943444e452360f2d1a5eb0805dbe784
:020000040000fa
:020000040004f6
:1073400010b50446fef70eff00b910bd94f82330c7
:10735000a28ed90609d513f0020314d1920616d5d0
:10736000c4e906330222628010bd6ff007031a469b
:10737000002002216180a083a061e3830649bde86b
:107380001040fef7f7b86ff009031a46f0e76ff008
:0c7390000a031a46ece700bfcc02000024
:020000040000fa
:020000040004f6
:10739c0043b2002b25ddc3b20a2b22d8013800b230
:1073ac00114b00ebc00103eb810213f82110c1b1aa
:1073bc009188890605d49368db6c83b1b2f9060019
:1073cc001847917804290cd1d168096a39b1242263
:1073dc0000fb023010b51c30884780b210bdff2373
:0c73ec00d3700020704700bf18c30020c1
:020000040000fa
:020000040004f6
:1073f80038b5d0e9003011491b68114d984711483c
:107408004ff49072002107f0f5ff2c684cb16a68c0
:10741800a242204609d0a4682c6003f0a5fc002ce9
:10742800f5d1094b01221a6038bd0022c5e90022b6
:1074380003f09afc044b01221a6038bd183b000087
:0c74480020d3002080c40020d0d40020fd
:020000040000fa
:020000040004f6
:1074540010b590f82031033b0446032b09d8dfe82c
:1074640003f01d150d02402200f17c01ecf706fe2d
:1074740018b9012384f82131002010bd402200f105
:107484007c01eef74bfc0028f7d1f2e7402200f133
:107494007c01eaf735fc0028efd1eae7402200f14d
:0c74a4007c01eef7e1ff0028e7d1e2e7f1
:020000040000fa
:020000040004f6
:1074b0002de9f04130b30f4621b304460846984603
:1074c000154607f063fc431e1f2b064617d82946b6
:1074d00042462046fbf728f9054610b12846bde88c
:1074e000f08104f58b5004f58054324639461c3047
:1074f00007f040fcc4f89c612846bde8f0816ff0bd
:0c7500008305ebe76ff0ac05e8e700bf87
:020000040000fa
:020000040004f6
:10750c00f0b50446adf50b7d0d4616461f46002220
:10751c000023cde9002300214ff4087202a807f0e4
:10752c0067ff2a6823689a421046a8bf18469a42f9
:10753c00acbf8018c01887280ddc294620466a4647
:10754c00ecf70efa20b93a4631466846fef7e4f8f5
:0c755c000df50b7df0bd4ff0ff30f9e79e
:020000040000fa
:020000040004f6
:10756800f8b516460f4608f011fd00eb800000eb59
:10757800800008f0e5fbfeb13e447c1e013ec7f1e9
:10758800010701e0b44217d007f020fc3d1943423f
:10759800dbb205f00705c0b258bf5842072d04f802
:1075a800010fefd108f0f2fc00eb800000eb800047
:0c75b80008f0c6fbb442e7d10020f8bd8b
:020000040000fa
:020000040004f6
:1075c400f8b530b30d4621b30b68134c1bbaa4fbba
:1075d4000324e40804eb840200f15407064604eb98
:1075e400420438461c1b08f013fe90b956f8244098
:1075f40014b909e0e46c3cb1142204f138012846c2
:1076040006f0f1fa0028f5d1384608f003fe2046ca
:0c761400f8bd00242046f8bda38b2eba60
:020000040000fa
:020000040004f6
:107620002de9f041d0f80c7104460d4616465fb1c5
:107630004821d0f80881f2f71bff98b94246394635
:107640002046f5f713fe68b9c4e942654821204693
:10765000f2f70eff78b9324629462046bde8f041e0
:10766000f5f704bed4f80c311bb1022b03d0022d68
:0c76700001d1c4e94265bde8f08100bf13
:020000040000fa
:020000040004f6
:10767c0010b490f92e30012b01460bd02bb10e48d3
:10768c000e4c02682370013202600d485df8044b09
:10769c0000f08aba0b4a0c4813680c690133b4f831
:1076ac000cc0136003886345efd2a0f800c05df8ee
:1076bc00044b034800f078ba74d5002020d6002083
:0c76cc0090d2002078d50020e6a7002016
:020000040000fa
:020000040004f6
:1076d80010b5044610b9114b1c7010bd4ff4c952b7
:1076e80000210f4807f086fe0d4b4ff0ff3103f5e0
:1076f800c952196003f506739342fad109490a4a37
:10770800d1f8fc3043f08073c1f8fc30136843f0c3
:1077180001031360014b1c7010bd00bf2ad6002066
:0c772800e85e002000ed00e0001000e032
:020000040000fa
:020000040004f6
:1077340037b5144d2b68044673b106f075fd0190fe
:1077440001a807f0affb0f30019920f00f0007f0fc
:1077540033fb58b100232b60012c38bf01240f34b4
:1077640034f00f0405d1084b0c221a60002003b03a
:1077740030bd2046fbf7def80028f8d040f8044c72
:0c778400f5e700bfb4d70020d4d50020ea
:020000040000fa
:020000040004f6
:107790000e4a38b5002313600d4a0e4c13600e4a92
:1077a0000e4d13600e4a13600e4a13600e4a536268
:1077b00013610123936008f033f8e2f798ffac42bd
:1077c00000d338bd54f8043b9847f8e7dcd50020d7
:1077d000eccd002070020000e8cd00207402000013
:0c77e000e0cd0020e4cd0020f0cd002022
:020000040000fa
:020000040004f6
:1077ec005010010008030000514f02003de9040055
:1077fc00ed7e010039e30400857e03006ddc04009e
:10780c0025e90400b1a50400459104009dbd0100cb
:10781c001dfd030021f1020065090400d5b503002c
:10782c0001680400ad100400a5980400add8020056
:08783c0095c50300edef040007
:020000040000fa
:020000040004f6
:1078440070b5134b994282b013d10d46064608f029
:107854009ffb06f0cdfe0022044600920d4bc5f8b6
:10786400ec4001220821304606f05efa48b102b02d
:1078740070bd08f08dfb06f0bbfe0023c3f8ec30ae
:10788400ffde0121304602b0bde87040dcf7eabefd
:08789400a0c50020d50103008e
:020000040000fa
:020000040004f6
:10789c0010110100880a0000bdc40400dde00300e3
:1078ac008de10300c5fe04000d280100b50b03009b
:1078bc00118b0400cdea0300cdfe040075eb030030
:1078cc00f5830300119f0400d5fe0400c18a040057
:1078dc0071d00400fd650200cd9e040039fb04004c
:0878ec0071a60400ddfe04009a
:020000040000fa
:020000040004f6
:1078f40030b583b029b30446f0b103880191dbb1fc
:1079040090f90c30022b17d1406802f043fb98b178
:1079140064680199e068f3f7bdfe638843f00203ed
:107924006380054608f038fc23780133237008f09f
:1079340035fc284603b030bd4ff0ff35284603b070
:0879440030bd6ff00605f9e704
:020000040000fa
:020000040004f6
:10794c0002460068884216d028b103688b4203d0e7
:10795c0018460028f9d1704753688b42936810b4cd
:10796c0003f1ff330c68046008bf50605df8044bf2
:10797c009360084670470029edd05368994293688c
:10798c0014bf0868002003f1ff3308bf506010607b
:08799c0093600846704700bf2c
:020000040000fa
:020000040004f6
:1079a40010b5144b93f81222adf5007d0c4612b1bc
:1079b4005a8a824213d018445b68027a4ff40071e9
:1079c40003eb4222684607f069fe4ff4fe7201a9f8
:1079d400204607f0cdf900200df5007d10bd4ff4d1
:1079e400fe7203f11601204607f0c2f900200df5de
:0879f400007d10bd00bb002066
:020000040000fa
:020000040004f6
:1079fc0038b5d0e90552d0e90743511b9c42b0f889
:107a0c0062c089b21cd2d31a641b234401339bb2cb
:107a1c00cb1a9bb299420dd09c4509d2b0f8682084
:107a2c0049088a42a3eb0c0328bf0a46934201dca7
:107a3c00002038bd01221021d1f7dcf8012038bd1f
:087a4c00e41aa3b2e4e700bf55
:020000040000fa
:020000040004f6
:107a540000280fdb08b5124b1b68834208d9114b71
:107a64001b6853f8200020b190f87120012a03d03c
:107a7400002008bd00207047836c0bb9184608bd70
:107a8400816803699942f3d0b0f86030002bf5d0d7
:107a94001021d1f7b3f8b0fa80f0400908bd00bf57
:087aa400bcd30020ccd300206c
:020000040000fa
:020000040004f6
:107aac00002810b519db124b1b68834215d9114bfa
:107abc001b6853f8200098b1d0e90714a14212d2e8
:107acc00d0e90532141bcb1a1c440134a4b22cb1de
:107adc000162fff78dff204610bd0024204610bd2b
:107aec000446204610bd0a1b94b2002cf6d0efe7da
:087afc00bcd30020ccd3002014
:020000040000fa
:020000040004f6
:107b040031b370b50e6882b0e6b118b190f8426036
:107b1400750603d46ff0050002b070bd53b190f840
:107b24004330db0611d400920123021deef710fb53
:107b340002b070bdfcf74efe00280cbf4ff0ff30c2
:107b44000220e9e76ff00400e6e76ff00700e3e7df
:087b54006ff00400704700bf50
:020000040000fa
:020000040004f6
:107b5c00f0b5134d2b68002b97b001dc17b0f0bdbe
:107b6c00104f3e68044601a9b6f92400f5f710fa47
:107b7c0018b1139a23699a420cd0a37d022bedd134
:107b8c002c68013c2c60002ce8d1304603f0a0fda1
:107b9c003c60e3e7b6f924000121eff7a3feece724
:087bac0048d400204cd4002055
:020000040000fa
:020000040004f6
:107bb40038b5437bc3b104460d46237b002bfcd070
:107bc400237b93b9636800222a60dbb11d60a3683c
:107bd40065600133a36008f0dffa237b013323736c
:107be400bde8384008f0daba38bd08f0d5fa237b8e
:107bf400013bdbb2237308f0d1fa636800222a60e8
:087c0400002be3d12560e2e74b
:020000040000fa
:020000040004f6
:107c0c0038b5457bd5b10446237b002bfcd0237bb8
:107c1c00b3b925685db163689d42a36814bf2a6837
:107c2c00002203f1ff3308bf62602260a36008f0fa
:107c3c00affa237b0133237308f0acfa284638bd26
:107c4c0008f0a6fa237b013bdbb2237308f0a2faff
:087c5c002568002ddfd1eae7e5
:020000040000fa
:020000040004f6
:107c640030b1124b186818b190f842305b0615d445
:107c74000f4a104b11881868a9b1002390f84220cc
:107c8400520603f1010303d590f87420d20709d4f6
:107c94008b4200f18000f1d10020704790f87430dd
:107ca400d907e5d570470846fce700bf7cd400201f
:087cb400ecd1002080d4002077
:020000040000fa
:020000040004f6
:107cbc00f5b7040079df020071a803002527030043
:107ccc00c93002000d9a0400000000000000000002
:107cdc00f178030000000000855c04009dcf0300d8
:107cec0039af0200000000002db80400559a0400c2
:107cfc0019c1040069880300e14f0400b1a8040015
:087d0c00014f040049d70400f7
:020000040000fa
:020000040004f6
:107d14006dff040079df020071a80300252703002a
:107d2400c93002000d9a04000000000000000000a9
:107d3400f178030000000000855c04009dcf03007f
:107d440039af0200000000002db80400559a040069
:107d540019c1040069880300e14f0400b1a80400bc
:087d6400014f040049d704009f
:020000040000fa
:020000040004f6
:107d6c00c9f0040041730300216904005db70300ee
:107d7c00214f030095af040035b60400d5ca0400aa
:107d8c006db6040021a0040069130400d9a60300f9
:107d9c00557a0400f5130400ad7a040035990400fb
:107dac0011bf040081fb0400c9dd0200f1a6040030
:087dbc003d84040025d70400fa
:020000040000fa
:020000040004f6
:107dc4004d72030041730300216904005db7030091
:107dd400214f030095af040035b60400d5ca040052
:107de4006db6040021a0040069130400d9a60300a1
:107df400557a0400f5130400ad7a040035990400a3
:107e040011bf040081fb0400c9dd0200f1a60400d7
:087e14003d84040025d70400a1
:020000040000fa
:020000040004f6
:107e1c002de9f04182b00c461546126800920746d7
:107e2c0001aa69462046fcf7f5fa10b102b0bde88c
:107e3c00f081384606f010fc68b9dde9008638465a
:107e4c0004eb0801324608f0d1f938b946442e60eb
:107e5c0002b0bde8f0816ff06d00e7e7384607f03f
:087e6c0045fa6ff08d00e1e71b
:020000040000fa
:020000040004f6
:107e740048b310b50446406818b102f077ff0023f8
:107e84006360e06818b102f071ff0023e360606989
:107e940080b1a36a40f2062293420ed040f28522ba
:107ea400934205d1f8f79cff606908b102f05effc8
:107eb400002363610023e36110bd04f053ff606994
:087ec4000028f3d1f4e7704738
:020000040000fa
:020000040004f6
:107ecc002de9f0411c46069b02b38046f0b1ecb1a3
:107edc0017460a6801329a420d4614d82246fcf71e
:107eec0099fa064660b92268531e1f2b11d82968cf
:107efc003846414406f038ff2b68226813442b6047
:107f0c003046bde8f0816ff08306f9e76ff0ac0600
:087f1c00f6e76ff08b06f3e7b6
:020000040000fa
:020000040004f6
:107f240008b30b2a2de9f0410e461f4698bf114baa
:107f340005464ff0010106f1140098bf53f8228062
:107f4400144688bf4ff0030806f0fafb286068b1b6
:107f540000f11403c0e90037c460c0f810808660e3
:107f64000020bde8f0816ff0ac0070476ff07c003a
:087f7400f7e700bf8cc7040011
:020000040000fa
:020000040004f6
:107f7c0020b330b4134d4ff0000c2b4605e000bf7e
:107f8c0053f8344f0cf1010ca4b1dc6a8442f7d1e4
:107f9c0022b1342303fb0c539b6a136021b13423ad
:107fac0003fb0c535b6a0b60342303fb0c556868b2
:107fbc0030bc70476ff0ad0030bc70476ff0ac0058
:087fcc00704700bffc30030008
:020000040000fa
:020000040004f6
:107fd400c0b110b500f58054d4f8440188b194f8c8
:107fe400a0314bb1d4f84831023b012b0bd902f03c
:107ff400bdfe002384f8a0310023c4f84431c4f842
:10800400503110bd7047d4f85021002aefd00244fb
:1080140000210346013082421970fad1d4f8440198
:088024000028e6d0e3e700bfed
:020000040000fa
:020000040004f6
:10802c002de9f041044608460f46904606f0a8fe9e
:10803c00f0b14045064617d8a04403e0a8eb040372
:10804c009e4211d82378254601346bb197f800c0b5
:10805c009c45f3d132463946284605f0c0fd002830
:10806c00ecd12846bde8f08100252846bde8f0811a
:08807c0025462846bde8f0810d
:020000040000fa
:020000040004f6
:1080840070b5049e28b326b30446a1f1080008285d
:108094000d461ed840f21111c140c90719d5b2b11d
:1080a400042b16d11268c4f8f82004f1f80119441d
:1080b400ea1a3046e8f704fa40b9b5f10c0318bfe0
:1080c4004ff0ff33c4e94603c4f8205170bd002bc0
:0880d400ebd06ff0ac0070bdb1
:020000040000fa
:020000040004f6
:1080dc0070b50446d8b100f10805284608f094f8ac
:1080ec00a8b9e668731e23eae3732846e36008f038
:1080fc008df8012e00dd70bd2046fdf7e5fb28460e
:10810c0008f080f82046bde8704002f02bbe2269d2
:10811c006ff4ce739a42eed12046fdf7d5fb204684
:08812c00bde8704002f01ebe28
:020000040000fa
:020000040004f6
:1081340010b50446d0f8bc0020b102f017fe0023ad
:10814400c4e92f33d4f8c40080b102f00ffe00223a
:10815400c4e93122e36ba06b38b10a2b0ed0252b76
:1081640006d002f003fe0023a36310bde36bf2e725
:1081740004f0f8fda06b0028f5d0f2e7f8f730fe24
:08818400a06b0028efd0ece72e
:020000040000fa
:020000040004f6
:10818c00f0b5134f3d6885b000246a1c8df80f4084
:10819c00064612d000230df10f02009231461a460a
:1081ac00284606f001fc0b4b186020b19df80f001f
:1081bc00c043c0f3c01005b0f0bd21462046f4f713
:1081cc003ffa431c05463860e4d12046f3e700bf74
:0881dc00b0d7002010d50020ef
:020000040000fa
:020000040004f6
:1081e40038b5036d04463bb1426d934204dc002371
:1081f400e3644ff0ff3038bd204605f0b7f900289e
:10820400f5db236dd4e90f12a3b1656d5b1b551a21
:10821400ab420fdc013b0b44e36422b1636d521aa1
:1082240001321344636511f8013c834218bf01f81d
:08823400010ce0e71346efe73f
:020000040000fa
:020000040004f6
:10823c002de9ff41134ed1f80080b788adf80c70d2
:10824c0005463068029002acb0798df80e00002a19
:10825c0018bf1446d1e901671a461bb9204606f02f
:10826c008ffd0246002e02dbb24228bf3246cdf80b
:10827c0000803b4621462846fbf7aefe04b0bde825
:08828c00f08100bf83e2040051
:020000040000fa
:020000040004f6
:10829400f0b50c46d1e9011687b02368059300298f
:1082a400a4bf23f00203059305abe76802930a23f6
:1082b400cde900630546d2e900232046fcf7daf94c
:1082c4002269059b0093013a3346121a391828464d
:1082d400fbf786fe6b68db0503d563689842b8bf7d
:0682e400184607b0f0bdd2
:020000040000fa
:020000040004f6
:1082ec0010b500f5805282b011b992f8cc315bb167
:1082fc000023d2f8a01182f8cc3100911a4619460d
:10830c00fcf750fd02b010bd00f58d51103151f845
:10831c00084c51f8041c0c4302d000f58d53083363
:10832c00d2f8a011b2f8b82100910121fcf73afd66
:04833c0002b010bdbe
:020000040000fa
:020000040004f6
:10834000f0b583b0104b099a9a4218d192f80c31cb
:108350009bb100250d4f0e4e82f80c51044603e0f0
:1083600001212046dcf780f900953b460122314689
:10837000204605f0dbfc0028f2d003b0f0bd00235e
:1083800093f80c31ffde00bfa0c50020d1dc030054
:0483900087000a0058
:020000040000fa
:020000040004f6
:1083940070b51646d9b10546f0b10388e3b190f93a
:1083a4000c30022b18d140680c4601f0f3fd98b153
:1083b400ac600eb1002333706d6835b107f0ecfe8c
:1083c4002b7801332b7007f0e9fe204670bd0ab10b
:1083d400fd231370002070bd002efbd0ff233370eb
:0483e400f8e700bff7
:020000040000fa
:020000040004f6
:1083e80070b5134c94f81452012d01d0002070bdc3
:1083f80004230026a4f813322670f6f71bf984f834
:108408001262eff7d9fb228a4ff6ff739a4202d025
:10841800fdf76cff38b9032384f8133200200123d9
:1084280084f8143270bd84f813622570f7e700bf32
:0484380000bb002065
:020000040000fa
:020000040004f6
:10843c00002818db114b1b68834214d9104b1b68a6
:10844c0053f8200080b1836c6bb190f87030032b23
:10845c0001d0082b07d1d0e902239a4205d29b1aee
:10846c00013b98b2704700207047d0e90001d21a46
:10847c000b1a013b9b1a98b2704700bfbcd300206b
:04848c00ccd300202d
:020000040000fa
:020000040004f6
:108490002de9f043064683b010481f4689469046b2
:1084a00003f0d2fd0e4b1c6a24b911e0b54208d08e
:1084b00024686cb1e5683b46424649463046002d8b
:1084c000f4d1a56800956568a8472468002cf1d10f
:1084d000024803b0bde8f04305f0b8bc50ce002020
:0484e00030ce00207a
:020000040000fa
:020000040004f6
:1084e400437bcbb110b50446237b002bfcd0237b0c
:1084f4009bb923686bb1d4e9011202e01b68013a0d
:1085040023b19942fad100236360013a0023236026
:10851400a2600023637310bd704707f03dfe237b08
:10852400013bdbb2237307f039fe2368002be2d151
:04853400efe700bfae
:020000040000fa
:020000040004f6
:108538000cb4f0b583b008ab0d4653f8042b019387
:10854800fef79afe0d4f0e4e0446c043c00f3a4642
:10855800314640f61f1307f03ff8ac428cbf0020ad
:10856800012040f623133a46314607f035f82046f5
:1085780003b0bde8f04002b0704700bf60fd0400e2
:04858800fc320000c1
:020000040000fa
:020000040004f6
:10858c00b1f86a3010f0160f43ea000306d10f4a17
:10859c00a1f86a30136801331360704730b40c488b
:1085ac000a4ca1f86a302268038b4569013243f00a
:1085bc0001032260038335b10122ac46002330bc99
:1085cc0011461030604730bc704700bf78d4002093
:0485dc00e8b30020e0
:020000040000fa
:020000040004f6
:1085e00000280cdb114b1b68984208da104b1b6803
:1085f00053f820301bb193f85c00012801d0002013
:108600007047d8680028fbd0006a0007f7d41868c4
:108610004ab902460a448242f1d359689142eed3e4
:108620009a60012070479a68f4e700bf94d4002054
:0486300098d40020ba
:020000040000fa
:020000040004f6
:1086340082b012490022019291f84e30dbb20193cc
:10864400019b13f0020f4ff002000d4b03d081f891
:108654004e0001201a73019ad20706d5074901205a
:10866400002281f84e0002201a735a681ab19968e0
:108674005b6802b0184702b0704700bf00a0004119
:048684001cd10020e5
:020000040000fa
:020000040004f6
:1086880082b012490022019291f85e30dbb2019368
:10869800019b13f0020f4ff002000d4b03d081f83d
:1086a8005e0001201a77019ad20706d507490120f2
:1086b800002281f85e0002201a775a691ab1996976
:1086c8005b6902b0184702b0704700bf00a00041c4
:0486d8001cd1002091
:020000040000fa
:020000040004f6
:1086dc0013490b68bbb1c0b1834210b502d115e090
:1086ec00984205d01a469b68002bf9d1184610bd4c
:1086fc0048689c6894609842184608bf4a6002f02b
:10870c0031fb012010bd1846704770474b688342ff
:10871c000abf002383684b600b6002f023fbf0e779
:04872c0020d3002036
:020000040000fa
:020000040004f6
:1087300070b50646806908b102f01afb306908b1cd
:1087400002f016fbf46954b125462468686808b144
:1087500002f00efb284602f00bfb002cf4d1346a29
:1087600054b125462468686808b102f001fb284628
:1087700002f0fefa002cf4d13046bde8704002f061
:04878000f7ba00bf85
:020000040000fa
:020000040004f6
:1087840038b518b3c4680546e4b104f1840023463f
:1087940000211a46013383421170fad1631e04f199
:1087a4008301002413f8012f994244ea0204f9d109
:1087b400e868002c18bf6ff0c60408b102f0d6fabe
:1087c4000023eb6000232b74204638bd6ff0ac040b
:0487d400fae700bf01
:020000040000fa
:020000040004f6
:1087d80020b310b40c4689b0e9b1021fadf1040c06
:1087e8001c3000bf52f8043f1bba90424cf8043fbb
:1087f800f8d1ec46bce80f0020606160a260e3603d
:10880800bce80f0020616161a261e361002009b04a
:108818005df8044b70476ff0ac00f8e76ff0ac0000
:04882800704700bfd6
:020000040000fa
:020000040004f6
:10882c0030b50d1e87b01ddb0446d8b190f8403230
:10883c00102b17d14ff4804106f094ff00280fdb6a
:10884c00854212dc002301211722cde90231cde94a
:10885c000052cde904331a4619462046d6f722f9c0
:10886c0007b030bd6ff0ac00fae70148f8e700bf85
:04887c0064feffff98
:020000040000fa
:020000040004f6
:1088800070b501210546642005f05cff90b101231d
:1088900000f1540604460366304607f0b7fc28b9d9
:1088a0000b4bc4f85a30e562204670bd236e013b85
:1088b00023660bb10024f7e7e26a0b21204603f0a0
:1088c000c7fc304607f0a4fc204602f051faf1e75d
:0488d00080001c0008
:020000040000fa
:020000040004f6
:1088d40030b583b000250846019501b31c46f3b1b9
:1088e400b2f5c17f114617d8099b01aa04f050faca
:1088f40000280cdd069b83420bd1019949b1024645
:10890400204605f070f9002818bf6ff4c97003b051
:1089140030bd6ff4c970fae76ff08300f7e76ff0ca
:04892400ac00f4e7c8
:020000040000fa
:020000040004f6
:1089280010b5d0f8983090f8a91090f82422044691
:10893800581a8ab194f8713073b1d4f8a4205ab196
:10894800024400210346013082421970fad194f89a
:10895800a920d4f89830981a08b102f005fa002333
:1089680004f190010522a4f8a830c4f89810c4f8be
:04897800a42010bd6a
:020000040000fa
:020000040004f6
:10897c0070b500239ab098420393a6bf00f1004350
:10898c0003f1ff334ff0ff330d461190049000219b
:10899c00044602a81646129306f022fadde91e23bd
:1089ac003146cde9002302a80122d7f7abfc35b143
:1089bc00dde911329b1a179a13441c442c601ab02f
:0289cc0070bd7c
:020000040000fa
:020000040004f6
:1089d000e8b110b4114984688c4210d1b0f902405a
:1089e000022c11d1b2b1012103844ff48033c0e9cc
:1089f00006438262418008465df8044b70476ff081
:108a00000d005df8044b70476ff00c00f4e76ff059
:108a10000d0070476ff00b00eee700bfc4cc0020e4
:020000040000fa
:020000040004f6
:108a200070b5114a8568836a044695420cbf1546a5
:108a3000002523b9c0e906330222428070bd04f04c
:108a40007df9064604f07cff2a6a084b126802fb97
:108a500006f606f2e736a3fb063600eb9610022375
:108a6000e062c4f81a3070bdc4cc0020d34d62104f
:020000040000fa
:020000040004f6
:108a700010b50446fdf776fba8b1a368a18e1a696c
:108a8000d00702f008030fd53bb1c2f340035b03ec
:108a9000520748bf43f480530b40084a63840021c7
:108aa000e163c4f81a2010bd002bf6d093074cbf29
:108ab00001f4005301f48053efe700bf040003000a
:020000040000fa
:020000040004f6
:108ac00019b312b310b54368586ed3f868c0d3f821
:108ad0006ce01c6fcc600860c1f804c0c1f808e00d
:108ae000586fd3f878c0c1f814c00861d3f880007b
:108af000d3f87cc0d3f88410d3f88830d3605060aa
:108b0000c2f800c09160002010bd6ff005007047f2
:020000040000fa
:020000040004f6
:108b1000f8b54468114f054607f040fb23793870db
:108b2000012b04bf00232371d4f88c00eaf71efc4c
:108b300094f8033138784ff0ff321344002684f85c
:108b400003310123c4f88c2084f80561237107f0f8
:108b500027fb2e606e6084f89460f8bd9fd10020e2
:020000040000fa
:020000040004f6
:108b600020b338b503880446fbb190f90c30022bd2
:108b70001bd1406801f010fab8b12046e5f74efd70
:108b80006568ff232373aa886b88002123f0040300
:108b9000013a21806b80aa8007f000fb2b7801331b
:108ba0002b70bde8384007f0fbba38bd704700bff6
:020000040000fa
:020000040004f6
:108bb00010b590f87140012c01d1c26b12b94ff081
:108bc000ff3010bd818fc28f0a44b0f85c100a4498
:108bd000b0f85e104a400949a0f86e2009684ff0cd
:108be000000c8908c16480f872c022460221d0f7c7
:108bf00007f80028e5d0e2dd204610bdacd3002008
:020000040000fa
:020000040004f6
:108c0000104b70b51c68002c02dd827d022a00d05a
:108c100070bd013c1c60002cfad10b4e3368002b58
:108c2000f6d00a4dd5f8cc0020b106f0f1fc0023b7
:108c3000c5f8cc3033680134a34205f1e805f1d81a
:108c400070bd00bf20d4002024d40020b8c700206d
:020000040000fa
:020000040004f6
:108c5000124b1b6803b310b50c460146d0b1012c72
:108c600002d0022c18bf03241868fdf719ff034631
:108c700080b1028811060dd590f82a20144014f016
:108c8000010018bf93f82600a20744bf93f82730cd
:108c9000c01810bd002010bd002070474cd400202b
:020000040000fa
:020000040004f6
:108ca000f0b1114a114b2de9f041b2f800801c6877
:108cb000b8f1000f0dd007460025666c38461eb18e
:108cc000716806f0e6f840b10135454504f18004cd
:108cd000f3d14ff48050bde8f0813088bde8f081d9
:108ce0004ff48050704700bfecd1002080d40020aa
:020000040000fa
:020000040004f6
:108cf00070b5044690b1b0f8423044f240021a42d6
:108d00000bd0836d98420ad00c48032304222146dd
:108d1000fcf750ff2046fcf719ff012070bdc56d20
:108d2000002df1d0054e2946032304223046fcf7de
:108d300041ffed6d002df6d1e6e700bfecd100203c
:020000040000fa
:020000040004f6
:108d400038b50446403005f061f80546e06a18b1d0
:108d50000922022103f06effe56275b12969eb6912
:108d60008a892163083aa28694f85c209988e18672
:108d70000833012aa36304d038bdc4e90c55a563a8
:108d800038bd29462046bde83840f9f7e3b800bfb2
:020000040000fa
:020000040004f6
:108d900008b5124b9a7da2b11a7e9b7d1906d2b2fc
:108da00010d40e4a137e927dd007dbb201d5d907cd
:108db0000dd40a4a137e927d5207dbb201d55b07c0
:108dc00008d408bd1306ecd500f068fee9e7f3f718
:108dd00009feeee7bde80840f2f76cbf0034004042
:020000040000fa
:020000040004f6
:108de00070b5064682b00d461c4603b900b122b9e3
:108df0004ff0ff34204602b070bd0c4bd868002302
:108e0000a2fb00014ff47a7203f0b0fd009401461a
:108e10002b4632460020f2f7e9f9431c0446e9d01c
:108e2000f6f7c6fb204602b070bd00bf88cf002019
:020000040000fa
:020000040004f6
:108e30003effffff3f3435363738393a3b3c3dff84
:108e4000ffffffffffff00010203040506070809fb
:108e50000a0b0c0d0e0f10111213141516171819fa
:108e6000ffffffffffff1a1b1c1d1e1f20212223d7
:108e70002425262728292a2b2c2d2e2f303132333a
:020000040000fa
:020000040004f6
:108e800038b5cb1e15460446d0f82421032b1bd839
:108e9000dfe803f0140e08022946fcf749f9c4f88c
:108ea0001c5138bd2946fdf7e7fbc4f81c5138bdfd
:108eb000294600f00df8c4f81c5138bd294601f0d0
:108ec000adfac4f81c5138bd6ff0ac00e7e700bf45
:020000040000fa
:020000040004f6
:108ed000d0b130b4c0e918120d4d0e4a0e4c0f49f6
:108ee000c0e9135202f1544202f5a622002302f215
:108ef0006762c0e91541c0e900338366c2658360db
:108f0000c36630bc184670476ff0ac00704700bfb6
:108f10000123456789abcdeffedcba987654321059
:020000040000fa
:020000040004f6
:108f200010b310b40c4687b0d9b100f148020df16e
:108f3000040c5c3052f8043f1bba90424cf8043bde
:108f4000f8d10df1040cbce80f002060dcf8000043
:108f500020616160a260e360002007b05df8044b0f
:108f600070476ff0ac00f8e76ff0ac00704700bfdf
:020000040000fa
:020000040004f6
:108f70002de9f04100b300f15408074640460d4684
:108f800007f048f9c0b93e1f283700bf56f8044f14
:108f90007cb1142204f12401284604f026fe28b9ed
:108fa000404607f039f92046bde8f081e46c002c1a
:108fb000efd1be42ead1f3e700242046bde8f081bc
:020000040000fa
:020000040004f6
:108fc00038b5124b1b7893b1044680b1036973b175
:108fd0009d6865b1002005f01ffa40b106f0e2f887
:108fe000014620b10622a81804f0fffd00b138bdeb
:108ff000236999894b1e40f2ed529bb29342f6d8f9
:109000002846bde83840f4f7f3ba00bf22d6002066
:020000040000fa
:020000040004f6
:1090100038b506f027fe104b1b78d3b10f4cd4e9be
:109020000032134313d0054688b102f0dffc2368f9
:109030006468c01a61eb04012a46002303f096fc21
:10904000b42871f1000104d2c0f1b40038bdb420dd
:1090500038bd002038bd00bf24d6002080d30020ba
:020000040000fa
:020000040004f6
:10906000836810b50146044658699a7a03680d482a
:10907000984728b94ff00413e063c4f81a3010bdc4
:109080000128fcd0002302229842a383a3616280be
:10909000e083f4da0246bde8104003491846fcf7c5
:0c90a00069ba00bfc8610400cc020000e7
:020000040000fa
:020000040004f6
:1090ac0010b50446fdf758f888b194f834305a07d7
:1090bc000ed5a26a32b1c3f38001db0648bf41f082
:1090cc00040111800023c4e906330222628010bd22
:1090dc00228c002aedd001212046f8f759fd0028fa
:0c90ec00f5d00223c4f81a3010bd00bffc
:020000040000fa
:020000040004f6
:1090f80010b50446fdf732f868b1a08e10f00800ec
:109108000ad04ff4905200212046f8f7cbfd10b159
:10911800074bc4f81a3010bd064b0749c4e90603cb
:1091280002226280bde810406ff00802fcf71eba08
:0c91380004000a000000f7ffcc02000059
:020000040000fa
:020000040004f6
:10914400114b83421ad110b586b000230c4600930c
:10915400adf8043029b106226946204604f043fde7
:1091640078b900220023cde9022302a906488df82c
:109174001430e4f7fff8002006b010bd6ff00500ce
:0c918400704704940123f0e72cd6002073
:020000040000fa
:020000040004f6
:1091900070b582b0104c069da54202d195f80a41e7
:1091a00014b1002002b070bd104600931a46034669
:1091b00005f1900001900126d5f88c0085f80a6130
:1091c000e2f7c4fad5f89030013302d0304602b04d
:0c91d00070bd85f80a41e4e7a0c500204e
:020000040000fa
:020000040004f6
:1091dc0038b5f0b103880446dbb190f90c30022ba2
:1091ec0017d140680d4600f0d1fe90b1a368ab4298
:1091fc0004bf0025a560646818bf6ff0020554b168
:10920c0006f0c6ff23780133237006f0c3ff28460f
:0c921c0038bd4ff0ff35284638bd00bfbc
:020000040000fa
:020000040004f6
:1092280070b500f0b5fe00b3054600f1100400f17a
:10923800300623884bb91034b442fad12846a42208
:10924800bde87040002106f0d5b82046e5f7e2f900
:1092580063680021ff222180227399885a88013986
:0c92680022f0040299805a80e5e770bdf6
:020000040000fa
:020000040004f6
:109274008b6910b50f4c7421c3f3072201fb024222
:10928400dbb2d26803eb830332f8333001fb0344cf
:10929400636c03b910bd00221146e06a04f0e4fed9
:1092a400636c0549626be06af1f73aff002363647b
:0c92b40010bd00bf50cc002060d2002094
:020000040000fa
:020000040004f6
:1092c00070b5114c4ff482724ff47c230026a4f841
:1092d00013226360054684f81262eef771fc228a5d
:1092e0004ff6ff739a4208d0fdf704f828b1012326
:1092f00084f813622370284670bd032384f8133268
:0c9300004ff0ff3070bd00bf00bb00202c
:020000040000fa
:020000040004f6
:10930c00d0b130b50d468bb099b183781446c27884
:10931c00cde9013214214278037800920deb010063
:10932c00094afff703f905a805f02afd421ca242e1
:10933c0004d900200bb030bd0020704705a9284689
:0c934c0005f012fd0120f5e734330000ad
:020000040000fa
:020000040004f6
:109358000f4b0968994217d00e4a0f4b10b4148866
:10936800186894b1002303e0a34200f1800007d0fd
:109378004268914203f10103f6d15df8044b70474e
:1093880000205df8044b704770472046f5e700bfa2
:0c9398007f000001ecd1002080d40020f8
:020000040000fa
:020000040004f6
:1093a4000346006d10b5d0b15b6c1b6b984700f1a0
:1093b4000e03dbb20c2b044607d841f2450222fa15
:1093c40003f3db0703d5204610bd0028fbda05496b
:1093d400054841f2065202f09bf9204610bd6ff099
:0c93e4000d04f0e774f40400f4370000fe
:020000040000fa
:020000040004f6
:1093f00072b100280cdb0f4b1b68984208da0e4b49
:109400001b6853f820301bb193f85c00884201d0f0
:10941000002070470128fbd193f83c108907f7d151
:1094200093f83d1012685a6141f0010283f83d2023
:0c943000704700bf94d4002098d40020a6
:020000040000fa
:020000040004f6
:10943c00f8b5114b1e68b04211d1044670b1476aa1
:10944c00066b0b46154639b100f134018c221846d7
:10945c0005f08afcc76346641db90120f8bd0020e5
:10946c00f8bd4ff40c72002104f1340005f0c0ff7c
:0c947c00e766e667f1e700bfa8d4002017
:020000040000fa
:020000040004f6
:109488000f4b1a7810b504461ab90e48012202701b
:109498001a7024b919b10c4b93f9002012b14ff08e
:1094a800ff3010bdd1e901204ff0020cc3e90120c3
:1094b8000968526883f800c09047204610bd00bf75
:0c94c800ffd50020fed50020e0d20020df
:020000040000fa
:020000040004f6
:1094d400114a536bb3b1834230b402d113e08342d7
:1094e40005d01a469b69002bf9d130bc70478369bb
:1094f4001bb181689c68214499609361002330bc4e
:10950400836170477047996919b19c688d682c44d0
:0c9514008c609b695363f1e788cf002056
:020000040000fa
:020000040004f6
:1095200009b3f0b5074683b015460c46002001e0ac
:1095300024688cb1237bab42fad1a668ba68b242e8
:10954000284605db6368f9680096eef749fa38b9f2
:1095500024680120002cedd180f0010003b0f0bda3
:0c956000012003b0f0bd0120704700bfe7
:020000040000fa
:020000040004f6
:10956c0030b5114c0023a646a44600bfdcf80050d1
:10957c00a8420cf10c0c0ed00133082bf6d10023b1
:10958c002568023504f10c0405d00133082bf7d102
:10959c006ff0830030bd03eb43030eeb8303c3e991
:0c95ac0000019a60002030bd30cd00208e
:020000040000fa
:020000040004f6
:1095b80030b5adf5177d02ad2822002104462846b6
:1095c800019505f017ff0ca901230891082201a9ac
:1095d80020460993e1f7b0fd20b1044620460df579
:1095e800177d30bd059805f055f804462846f9f76b
:0c95f80055f820460df5177d30bd00bf72
:020000040000fa
:020000040004f6
:1096040000b3033908b50e290cd8dfe801f00e12b7
:10961400151808080b080808080b0b0808006ff059
:10962400e70008bd6ff0ac0008bd06f0cdfd0020da
:1096340008bd06f0f1fdfae706f0f0fdf7e706f0e5
:0c964400effdf4e76ff0ac00704700bfd2
:020000040000fa
:020000040004f6
:10965000f8b5551e20d4002306460a4408469c4609
:109660000fe000bf56f82e40013d24fa03fe182bf0
:1096700008bf0cf1010c691c02f801ed07f01f0393
:109680000ad0346864450cf1020e03f10807e9dce6
:0c9690006a1c002105f0b2fe0020f8bdad
:020000040000fa
:020000040004f6
:10969c00f8b5114b1b6804460e467bb1b4b14ff4c0
:1096ac008070fef741f80546074660b13246214608
:1096bc00f7f722fc00280bdb3846f8bdfaf710fc54
:1096cc000128ebd014b1204601f04cfb0027f3e746
:0c96dc002846fef7fdfcf9e700d5002051
:020000040000fa
:020000040004f6
:1096e80001f000428b1aa3f16051b1f5801f0adb2b
:1096f800b1f17f6f09d242eac102c10071f10041a4
:1097080042eb507070471046704701285b4113f5d3
:10971800001f02d842f0ff407047c90041ea50706c
:0c972800104340f4800040f08040704787
:020000040000fa
:020000040004f6
:1097340038b50f4d2b68044663b1002c12da0d4a7c
:109744002b6812689b1a6242934208db286804441f
:109754002c6006e003f0f0f82b68002bedd14ff0fd
:10976400ff3038bd044b2a681b689b1aa342ece700
:0c977400f8d2002000d30020fcd200201e
:020000040000fa
:020000040004f6
:1097800010b590f948305a1e134380f84830d0e99c
:1097900005239a42044603d90022c36a114698471a
:1097a00060680023c4e90533a362830755bfd4e989
:1097b000023240f010009b18606056bfc4e90f33be
:0a97c0004ff0ff3040f3c00010bd71
:020000040000fa
:020000040004f6
:1097ca00c1f30a5340f21e42d21a0edd202a0ad8e9
:1097da00cb0243ea505040f00040d04090eae1709a
:1097ea00b0ebe1707047002070474b00004218bf91
:1097fa0043f0010313f5001f88bf21f0004111f067
:0a980a00004058bf6ff000407047a7
:020000040000fa
:020000040004f6
:1098140008b590f83030022b09d1f8f779f900280f
:1098240011dba0f10200b0fa80f0400908bd40f25b
:109834008d13064a06490020fbf79afe054b18686b
:109844000028fcd1ede76ff00b0008bda4db040099
:08985400ac020000e45e0020fc
:020000040000fa
:020000040004f6
:10985c0010b50446fcf780fc60b194f8350010f0ac
:10986c00100008d000212046f8f792f910b102231d
:10987c00c4f81a3010bd064b0649c4e9060302228f
:10988c006280bde810406ff00702fbf76dbe00bfb1
:08989c000000f8ffcc020000ff
:020000040000fa
:020000040004f6
:1098a40030b40f4c844205d10bb13820186009b193
:1098b400372a03d80024204630bc7047094d8c4613
:1098c4000fcdace80f000fcdace80f000fcdace826
:1098d4000f0095e8030038248ce80300ebe700bf91
:0898e4002cd60020c4d60020a0
:020000040000fa
:020000040004f6
:1098ec00cd1e0400c5ec0300299204008ddd04009c
:1098fc0039bb02004dc60300f5780400618b0400ef
:10990c00edc4040095830400dd910400b5e9040066
:10991c0055e30400cde90400a924030035ce03006f
:08992c0071e30400e5e9040009
:020000040000fa
:020000040004f6
:1099340084461046dab1bcf1000f12db0c4a1268ff
:1099440094450ed20b4a126852f82c204ab110b436
:10995400946f44b95df8044b9067a2f87610d3670e
:1099640070470020704700205df8044b7047704733
:08997400bcd30020ccd300207d
:020000040000fa
:020000040004f6
:10997c00d9b110b50b6882b00c4683b104f0b0fac3
:10998c000246a8b190f8433013f010030ad10093ab
:10999c00043201232146ecf7d7fb02b010bd6ff067
:1099ac000400fae76ff00700f7e76ff00400704768
:0899bc006ff00500f1e700bfa8
:020000040000fa
:020000040004f6
:1099c40070b50e46154618b190f8422052060bd4d5
:1099d40073b9304600f0aafe044618b1204605f0db
:1099e400e9fb2860204670bd0446002bf6d0f9e759
:1099f40029460020fdf712f904460028f2d130462a
:089a0400bde8704000f092bec5
:020000040000fa
:020000040004f6
:109a0c00002811db0e4b1b6898420dda0d4b1b68be
:109a1c0010b553f820402cb1236b63b194f85c3033
:109a2c00012b03d0002010bd002070476069003866
:109a3c0018bf012010bd2046fff77cf9eee700bff0
:089a4c0094d4002098d40020fe
:020000040000fa
:020000040004f6
:109a540084461046dab1bcf1000f12db0c4a1268de
:109a640094450eda0b4a126852f82c204ab110b40d
:109a7400d46c44b9c2e913035df8044ba2f85a103c
:109a840070470020704700205df8044b7047704712
:089a940094d4002098d40020b6
:020000040000fa
:020000040004f6
:109a9c000f4b5a8b12f0070200d1704710b40d4ccb
:109aac0007218020e287187659831a7e510703d547
:109abc009a6a1a7e5207fbd4236a2bb1616a236a15
:109acc005df8044b022018475df8044b704700bf4b
:089adc000034004048cf0020d7
:020000040000fa
:020000040004f6
:109ae400d43c0000bde5040003000000d83c0000a5
:109af400ddeb040003000000dc3c0000cddf0400cb
:109b040003000000e03c0000b1d8040003000000a2
:109b1400e43c0000b5c1040004000000ec3c00007b
:089b2400cdc60400040000009e
:020000040000fa
:020000040004f6
:109b2c0038b5044605f09cfb002c17db63099b0041
:109b3c0003f1604303f5614304f01f041d68012227
:109b4c00e540a24005f00105c3f88020bff34f8f1c
:109b5c00bff36f8f05f08efb284638bd002505f04e
:089b6c0089fb284638bd00bf4b
:020000040000fa
:020000040004f6
:109b740000b3f8b504460f46164600214ff4587258
:109b84001d4605f039fc0c2384f86c307f2384f8df
:109b9400f532c4e99f65c4f874722822002104f5e3
:109ba4004b7005f029fc6ff00103c4f84033c4f88e
:089bb4002853f8bd704700bf03
:020000040000fa
:020000040004f6
:109bbc00f8b170b5044682b015460e4640f6041254
:109bcc00002105f015fc0023c4f8b85804f51072f8
:109bdc00cde9003304f1180104f58d6304f5d2606e
:109bec00f7f742f910b9666102b070bd6ff07c00f6
:089bfc00fae76ff0ac007047be
:020000040000fa
:020000040004f6
:109c04008c4611461a46a0b189b1acf1030cbcf1e3
:109c14000e0f0ed8dfe80cf01012141608080d0809
:109c24000808080d0d0808006ff0e7007047002bc6
:109c3400ebd06ff0ac007047ecf716bce8f760b8f7
:089c4400ecf76cb8eaf71aba5c
:020000040000fa
:020000040004f6
:109c4c00f8b5f0b1202a154618d8069a0f461946d1
:109c5c000646f8f763fd044608b907b10db920466e
:109c6c00f8bd06f58a5006f580562a463946183056
:109c7c0005f07af8c6f878512046f8bd6ff08304e9
:089c8c00ede76ff0ac04eae71c
:020000040000fa
:020000040004f6
:109c940070b505680e68ae423346a8bf2b46ae4287
:109ca400acbf9b195b19872b156812dc1446e9f7c6
:109cb4005bfe2368002b064609db9d4207ddea1a9a
:109cc400023304eb83009200002105f095fb30463b
:089cd40070bd4ff0ff36fae706
:020000040000fa
:020000040004f6
:109cdc00e9b14b68012b02dd013b4b6070470b6e09
:109cec004ff0000c03f130001a460133834282f826
:109cfc0000c0f9d101f13c0301f15c0c00201a46c3
:109d0c00013363451070fad10b78032b00d07047e8
:089d1c00084601f027b800bf62
:020000040000fa
:020000040004f6
:109d240038b50446c06830b1d83006f079fae06836
:109d340008b101f01bf801214ff4aa7004f000fdf2
:109d4400e06070b1d4f87822616ad830fbf7eef99c
:109d5400054620b9e0680121d83006f099f9284673
:089d640038bd6ff07c05fae741
:020000040000fa
:020000040004f6
:109d6c000346012b084602d900230b70704730b50f
:109d7c000b4903eb430301eb430211f81330547905
:109d8c00117987b0cde90314d57894785178009186
:109d9c00cde90145034a122104f066fd07b030bd40
:089dac00a0ce00205861000068
:020000040000fa
:020000040004f6
:109db4000278202a034600f10100f9d0a2f109013a
:109dc4000429f5d92b2a06d02d2a13d101210133d8
:109dd400013b002006e00021f9e700bf00eb800012
:109de400c2eb400013f8012f303a092af6d901b921
:089df400404270470021ebe73b
:020000040000fa
:020000040004f6
:109dfc00812910b50fd0832903d0802912d00020df
:109e0c0010bd1368191d1160d0e900011b68c3e96e
:109e1c0000010120f4e71368191d11601b68d0e9db
:109e2c000001f4e713681c1dd0e9000114601c68e4
:089e3c00fff754fc2060ece785
:020000040000fa
:020000040004f6
:109e4400a8b10f4b8168994211d1b0f90230022bad
:109e540010d192b110b44ff480310424c0e906410a
:109e64000123826243805df8044b184670476ff00b
:109e74000d0070476ff00c0070476ff00b007047d7
:049e8400c4cc00202a
:020000040000fa
:020000040004f6
:109e8800836810b50146044658691a8a43680a4827
:109e98009847021e04db04bf084bc4f81a3010bdf3
:109ea80000200223a083a0616380e2830449bde807
:109eb8001040fbf75bbb00bfc8610400040005004d
:049ec800cc020000c8
:020000040000fa
:020000040004f6
:109ecc001b2a01d80020704710b54268d2f808c090
:109edc00d068d2f810e05469cc60c1f800c048607a
:109eec00c1f808e0d2f818c0d069d2f820e0c1f867
:109efc0018e0c1f810c048610bb11c221a601c207c
:049f0c0010bd00bfc5
:020000040000fa
:020000040004f6
:109f100038b54368d3f8c8000d46144698b103f12c
:109f2000c800fdf773fe2db100280cbf6ff00d03c4
:109f300000232b7034b16379021e18bf012262f333
:109f40000413637138bd0029f4d06ff00d032b703a
:049f5000f0e700bf77
:020000040000fa
:020000040004f6
:109f540030b585b09df82040b0b90d4890f994c053
:109f6400bcf1020f0dd10a9dd0f8f0000295099db5
:109f7400cde9004503f08cfb80f0010040b205b050
:109f840030bd6ff00400fae76ff01200f7e700bf8e
:049f9400a0c5002044
:020000040000fa
:020000040004f6
:109f980038b50446054660b190f90630022b0ad15f
:109fa800438813f0010312d02378002bfcd02378c8
:109fb80023b9284638bd0025284638bd06f0eaf8fa
:109fc8002378013bdbb2237006f0e6f8f1e71d4683
:049fd800284638bd22
:020000040000fa
:020000040004f6
:109fdc00c8b10e4b10b51c6844b1844202d108e0e4
:109fec00a04207d021462468002cf9d16ff005005f
:109ffc0010bd0021054800f0f5fb0548214604f092
:10a00c0033fd002010bd6ff005007047b0d200206a
:04a01c00bcd2002092
:020000040000fa
:020000040004f6
:10a0200000280fdb0d4b1b6898420bd20c4b1b68b2
:10a0300010b553f820401cb194f870300b2b03d0ae
:10a04000002010bd002070472046fef7b1fd00281b
:10a05000f6db012084f8700010bd00bfbcd30020e7
:04a06000ccd300203d
:020000040000fa
:020000040004f6
:10a06400f8b50f4b1e68c368f769bbb105460024f9
:10a074002146284605f058f80378da0704f101046c
:10a0840009d503881b0606d5726902b982698368fb
:10a09400fb1a934203d2eb68a342e9d80020f8bd2f
:04a0a4004cd4002078
:020000040000fa
:020000040004f6
:10a0a80038b50b78da070ad50b881b060c46054627
:10a0b80006d52868214605f02bf80023e38438bd2f
:10a0c800c08c064a0649013800b2e884c04340f211
:10a0d8001713c00f05f080faebe700bf7cee040011
:04a0e8008c320000b6
:020000040000fa
:020000040004f6
:10a0ec000f4b70b51e682eb1044618b190f8423073
:10a0fc005b0601d4002070bd0d46012102f052fd1b
:10a10c000028f7d094f84230012d43f0080384f86e
:10a11c00423003d0022d08bfb46070bd746070bdb6
:04a12c004cd40020ef
:020000040000fa
:020000040004f6
:10a130000b68ebb170b400264a689a4208bf4e60c3
:10a140008a68446814bf1d680025013a0d608a6062
:10a150001e604cb1236043602b46826801328260ee
:10a16000002be9d170bc7047c0e900330b68f4e7fd
:04a17000704700bf75
:020000040000fa
:020000040004f6
:10a1740049b1831e242b06d80c4b03eb0010036853
:10a184001bb18b4201d00020704701602ab1084bfb
:10a19400b3f900309a42b8bf1a46002362f30f03a2
:10a1a40062f31f43c0f80a30704700bfe8b30020d1
:04a1b40064d400204f
:020000040000fa
:020000040004f6
:10a1b80038b50e4b044600eb4000154603eb800013
:10a1c80004f054fc0db9012038bd094800eb041017
:10a1d80021010389446843f001030381002cf2d074
:10a1e800002301220909a047012038bd3ccb0020eb
:04a1f800e8b30020a8
:020000040000fa
:020000040004f6
:10a1fc00034600699ab188b1da698c468368934248
:10a20c0003d8c1890b449a4203d900680028f5d1c0
:10a21c007047624561460bd8634509d370470028e7
:10a22c00fcd083688b4203d8c28913449942f5d978
:04a23c000068f4e7db
:020000040000fa
:020000040004f6
:10a240000f49f8b50f68cfb1082015461e46fdf737
:10a2500071fa044690b14560384602f095f82060e6
:10a2600048b1214605f032ff2068214605f032ff53
:10a2700034600120f8bd204600f07afd0020f8bdd2
:04a28000ccd400201a
:020000040000fa
:020000040004f6
:10a2840070b584b01d460023144603931268089bde
:10a29400a0b1561cb34211d3825c029691420dd1f7
:10a2a400099a009202a903aaf8f748fe002805dbe0
:10a2b400dde902302860236004b070bd6ff08b00cc
:04a2c40004b070bdb5
:020000040000fa
:020000040004f6
:10a2c80070b584b01546002203920c460a68a0b106
:10a2d800561cb34211d3825c0296302a0dd101225a
:10a2e800009202a903aaf8f727fe002805dbdde99a
:10a2f80002302860236004b070bd6ff08b0004b09a
:04a3080070bd00bf65
:020000040000fa
:020000040004f6
:10a30c0070b584b01546002203920c460a68a0b1c1
:10a31c00561cb34211d3825c0296042a0dd1012241
:10a32c00009202a903aaf8f705fe002805dbdde977
:10a33c0002302860236004b070bd6ff08b0004b055
:04a34c0070bd00bf21
:020000040000fa
:020000040004f6
:10a3500010b5002488b0cde90444cde90644144684
:10a36000aab11a4607ab029305ab019306ab009363
:10a3700004abe8f713fb08b108b010bddde9052117
:10a38000079b04980094f9f707fb08b010bd6ff025
:04a39000ac00f1e745
:020000040000fa
:020000040004f6
:10a394008c4611461a4688b1acf1030cbcf10e0f81
:10a3a4000cd8dfe80cf00e10121408080b0808088b
:10a3b400080b0b0808006ff0e70070476ff0ac0063
:10a3c400704700f029b8fef781bdfcf753b9faf7de
:04a3d400adbe00bf5b
:020000040000fa
:020000040004f6
:10a3d80018ffffff18ffffff100000001400000027
:10a3e8001c0000002000000018ffffff18ffffffff
:10a3f8002400000018ffffff18ffffff18fffffff2
:10a4080018ffffff18ffffff18ffffff18fffffff0
:04a4180018ffffff2b
:020000040000fa
:020000040004f6
:10a41c00b8b10d4a10b4c26402f129420b4cc165ab
:10a42c00a2f596120a490023a2f68b62c0e91441e8
:10a43c00c0e900338265836003665df8044b1846ff
:10a44c0070476ff0ac0070470123456789abcdefc7
:04a45c00fedcba98d0
:020000040000fa
:020000040004f6
:10a4600070b504460d467ab113696bb1d3e9006348
:10a47000a0692a46314605f05bf920b92b6913b172
:10a48000db6ac4f8583270bdd4f85832b4f86c6244
:10a49000002bedd0002218461146fdf76ffd034654
:04a4a000e6e700bf2c
:020000040000fa
:020000040004f6
:10a4a40010b592b004466846f7f7ecfa30b9236861
:10a4b40009495b686068984712b010bd4822694634
:10a4c400064804f055fcfaf71bfbd4e900300449b4
:10a4d4005b68984712b010bd1063000078ce00206e
:04a4e400e062000032
:020000040000fa
:020000040004f6
:10a4e800012910b50cdd134600225868114604f006
:10a4f8009fff094bbde810401978c0b2faf738bb86
:10a508000168054b4c68054a1b7812780449406875
:10a51800a446bde810406047c0d70020c1d700203e
:04a52800c0700000ff
:020000040000fa
:020000040004f6
:10a52c00f8b50f4e0f46044608b934683cb13946ad
:10a53c002046f8f77fff235c25181bb933600025f4
:10a54c002846f8bd39462846faf754f82b5c2a18e9
:10a55c0023b1531c336000231370f1e73360efe732
:04a56c00ccd500202a
:020000040000fa
:020000040004f6
:10a5700010b5054c237833b9044b13b10448aff33d
:10a5800000800123237010bda0d100200000000036
:10a590000000000008b5034b1bb103490348aff3ab
:10a5a000008008bd00000000a4d1002000000000d1
:020000040000fa
:020000040004f6
:10a5b0000d4b984215d110b50446007e10f00400f2
:10a5c0000ed0d4f8b030e0681b69984794f84e205c
:10a5d000064b204653f822309847207ec0f30010e7
:10a5e00010bd0020704700bf2cd6002000f00400f2
:020000040000fa
:020000040004f6
:10a5f00000f5805393f8c701c0b193f811c193f8e7
:10a60000120193f81021aceb0000c0b290420cd2c2
:10a61000013ad3f80c3102ea0c0202ebc20203eb5e
:10a62000820308330b60032070470020704700bf8f
:020000040000fa
:020000040004f6
:10a63000014612b9431c01d0a8b970470b4bd3f89f
:10a6400084001a6f01300132c3f884001a67a1f147
:10a650000101b1fa81f1002293f8010183f80a2186
:10a660004909ecf705bc014bf1e700bfa0c500208c
:020000040000fa
:020000040004f6
:10a6700038b544680d4605f091fdb4f8a8300b4a92
:10a6800023ea0501d4f8c8301070a4f8a81033b13b
:10a69000b4f8a63003f010031943a4f8a81001255c
:10a6a000257105f07dfd284638bd00bf9fd10020f3
:020000040000fa
:020000040004f6
:10a6b00070b50d4b0d4db0f974201b680c2104468c
:10a6c00080f870102868002143f822106169c3687f
:10a6d000984728682168c368984728682146c36856
:10a6e000bde87040184700bfccd30020c0d3002085
:020000040000fa
:020000040004f6
:10a6f000002814db0c4b1b68834210d90b4b1b68e2
:10a7000053f8200060b1d0e907218a4209d2d0e98c
:10a710000503121a5b1a1344013398b270470020e4
:10a720007047521a90b27047bcd30020ccd300209f
:020000040000fa
:020000040004f6
:10a7300070b50546d8b10068c8b105f03ffa0128e8
:10a7400006460fd90024204603f066fe03f0cefb38
:10a75000013428b14368296882684b40134206d00f
:10a76000a642f0d1bde870400120fdf77bba70bd74
:020000040000fa
:020000040004f6
:10a770000e4b1b68b3b198b1d3e9012110b4c0e905
:10a7800000211a68dc69b3f826c0516ad3680382d5
:10a790008460a0f80cc0c1815df8044b00207047b4
:10a7a000002070476ff00500704700bf4cd40020b8
:020000040000fa
:020000040004f6
:10a7b00010b502f00304920817d0a0f1040c4fea80
:10a7c000820e01eb820300bf51f8042b4cf8042fda
:10a7d0009942f9d170443cb101381c4413f8012b63
:10a7e00000f8012f9c42f9d110bd0b46f3e700bfe2
:020000040000fa
:020000040004f6
:10a7f000034681b1086868b15a6882429a6810b409
:10a8000002f1ff3204680c605df8044b08bf596028
:10a810009a607047704700680028fbd05a689042e1
:10a820009a6814bf01685960013a19609a607047cc
:020000040000fa
:020000040004f6
:10a8300048b130b50c4687b011b1112a114603d882
:10a84000002007b030bd704742790379cde903326b
:10a85000c2788378cde9013245780378034a0095c0
:10a860002046fdf769fe0120ebe700bf4033000002
:020000040000fa
:020000040004f6
:10a870000d4a0e4b30b414881b689cb1002200bff7
:10a8800093f84210490602f1010203d501685d68a0
:10a890008d4204d0a24203f18003f1d10023184677
:10a8a00030bc70472346fae7ecd1002080d400206a
:020000040000fa
:020000040004f6
:10a8b000002814db0c4b1b68984210da0b4b1b680a
:10a8c00010b553f8204064b1236b0bb1e08e28b96a
:10a8d0002046fef735fa236b1bb1e08e10bd002039
:10a8e0007047002010bd00bf94d4002098d40020f1
:020000040000fa
:020000040004f6
:10a8f0000d4ba1eb000c00221a800cf1040c031f7d
:10a9000000f5fe700ceb030253f8041f1160834244
:10a91000f8d1064a138803f0300313b94af20353ff
:10a9200093800120704700bff8d50020004000410f
:020000040000fa
:020000040004f6
:10a930000d4a012310b41360136913f00103fbd116
:10a94000102003211060094c11734ef65f20332153
:10a950009083917220200449236050720b69002b70
:10a96000fcd15df8044b70470038004018d300203c
:020000040000fa
:020000040004f6
:10a9700008b583b2bbb90d4b80b200eb400003ebce
:10a980008003586850b1426a98689047012808d0ff
:10a99000022804d0003818bf0120404208bd012021
:10a9a00008bd022008bd4ff0ff3008bde0d20020f6
:020000040000fa
:020000040004f6
:10a9b00038b50546a0b10c4609b9204638bdf7f7b1
:10a9c00051fb80b12246294604f0b2fd05f0e6fbba
:10a9d000064a13780133137005f0e2fb204638bdb8
:10a9e0000446204638bd0446f0e700bf01d60020eb
:020000040000fa
:020000040004f6
:10a9f00030b40c68e51c9d4213d890b104f1010cf1
:10aa000063450ed3035d022b0bd110f80c30012be4
:10aa100004f1020408d1035d13600d60106830bcbe
:10aa200070476ff08b00fae76ff08c00f7e700bf1c
:020000040000fa
:020000040004f6
:10aa300070b582b000240194b8b113460e460a46a0
:10aa400001a90546f2f72af8041e08db01996318ec
:10aa5000b34207d822462944284600f049f9204647
:10aa600002b070bd6ff08304f9e76ff0ac04f6e755
:020000040000fa
:020000040004f6
:10aa7000d0b138b50d46a1b1044602f089fc00b151
:10aa800038bd05f50a7104f50a7002f081fc002852
:10aa9000f6d105f58a6104f58a60bde8384002f018
:10aaa00077bc6ff0a90038bd6ff0a900704700bff8
:020000040000fa
:020000040004f6
:10aab0000b46114680b17ab1033b0e2b0cd8dfe870
:10aac00003f00e10121408080b080808080b0b08f6
:10aad00008006ff0e70070476ff0ac007047f3f7c5
:10aae000a9bee8f7a7bbe8f70fbee5f79fbd00bf1b
:020000040000fa
:020000040004f6
:10aaf000f0b59bb0054601a80e46174600f038f8a1
:10ab000018b1044620461bb0f0bd3246294601a8c4
:10ab1000ebf7acfc044628b101a805f057fb204632
:10ab20001bb0f0bd394601a8f3f784fe0446f3e7f5
:020000040000fa
:020000040004f6
:10ab3000f0b5a1b0054601a80e461746fcf750fa3d
:10ab400018b10446204621b0f0bd3246294601a87e
:10ab5000ebf7e6f8044628b101a805f061fb2046b2
:10ab600021b0f0bd394601a8e8f7cefd0446f3e771
:020000040000fa
:020000040004f6
:10ab700090b110b40a4a0b4c0b49c0e913420b4a7e
:10ab80005df8044b0023c0e91512c0e90033c3652a
:10ab900083600366184670476ff0ac00704700bfd3
:10aba00089abcdef01234567fedcba9876543210ad
:020000040000fa
:020000040004f6
:10abb00010b40428019c0ed01a2806d0012810d009
:10abc0006ff0ac005df8044b7047019404205df811
:10abd000044beff77fbf019405205df8044beff7be
:10abe00079bf019406205df8044beff773bf00bff7
:020000040000fa
:020000040004f6
:10abf0008268d30718d5931c5b0003f00803134445
:10ac000003fb02f0c0f1020000fb03f303fb02f0c0
:10ac1000c0f1020000fb03f303fb02f2023a02fb65
:10ac200003f30b60002070474ff0ff30704700bf08
:020000040000fa
:020000040004f6
:10ac300038b590f93532002b01db002038bd0446d1
:10ac4000c06868300d4601f051fb0028f6d194f839
:10ac50003831032bf1d194f83931022bedd9e0686a
:10ac600005f11401d830bde8384001f059bb00bff0
:020000040000fa
:020000040004f6
:10ac700070b50446d0e900300a4d5b682946984714
:10ac8000d4e9003008495b689847d4e900300749a7
:10ac90005b689847d4e9003029465b68bde870409e
:10aca000184700bfbc4f0000e84f000014500000e0
:020000040000fa
:020000040004f6
:10acb000000000006410b71dc8206e3bac30d926e0
:10acc0009041dc76f4516b6b5861b24d3c7105508c
:10acd0002083b8ed44930ff0e8a3d6d68cb361cbb4
:10ace000b0c2649bd4d2d38678e20aa01cf2bdbd68
:020000040000fa
:020000040004f6
:10acf00088420fd98b1883420cd900eb020ca2b109
:10ad00006246844613f8010d02f8010d9942f9d10b
:10ad10006046704752b1431e84460a4411f8010b45
:10ad200003f8010f8a42f9d160467047704700bfaf
:020000040000fa
:020000040004f6
:10ad300030b40446481e07e010f8011f03f8011b59
:10ad4000551e39b12a461c462346002af4d1204616
:10ad500030bc7047a0183db103f8011b8342fbd102
:10ad6000002cf4d130bc70471846002cefd1f9e725
:020000040000fa
:020000040004f6
:10ad700070b5c0b10d4c2268a0f11005a2b150f819
:10ad8000101c43189a42136807d1103312690260ed
:10ad90000b4440f8103c256005e01033d618b5424e
:10ada00002d11944116070bd0260f4e7d0d50020d3
:020000040000fa
:020000040004f6
:10adb00038b504460025e36be26c934211d25a1c6d
:10adc000e2631878202806d00938042803d9e36cf8
:10add0001bb9284638bd0135ede7e36b013be36362
:0eade000f7e72046fdf7fef9431cebd1f1e743
:020000040000fa
:020000040004f6
:10adee002de9f041856b02f58077064688461446bc
:10adfe0000213a46284602f0bcfe00b1471bbc4279
:10ae0e0028bf3c4629462246404603f0acff2b198c
:0eae1e003d44f3633564b5632046bde8f08122
:020000040000fa
:020000040004f6
:10ae2c00a0b10d4b8168994210d1b0f90230022bc0
:10ae3c000fd110b44ff480310324c0e90641012333
:10ae4c00826243805df8044b184670476ff00d002a
:0cae5c0070476ff00c007047c4cc002061
:020000040000fa
:020000040004f6
:10ae6800a0b10d4b82689a4210d1b0f90230022b82
:10ae78000fd110b44ff480320624c0e906420123f2
:10ae8800816243805df8044b184670476ff00d00ef
:0cae980070476ff00c007047c4cc002025
:020000040000fa
:020000040004f6
:10aea40098b10b4a8168914203460ed110b5094a04
:10aeb400094900240220c3e9064258806ff00e02bb
:10aec4002046faf755fb204610bd6ff00d00704781
:0caed400c4cc00200000f1ffcc02000004
:020000040000fa
:020000040004f6
:10aee000b8b90d4890f994c0bcf1020f0ed110b55d
:10aef00082b0d0f8f000059c0194049c009402f00c
:10af000025ff80f0010040b202b010bd6ff00400d8
:0caf100070476ff012007047a0c50020d1
:020000040000fa
:020000040004f6
:10af1c00421e0332034614d810f47f4c11d10a4957
:10af2c00c2b2886882420cd2c86802eb820200eb83
:10af3c00c200426a934204d1c378002b08bf0020a0
:0caf4c0070470020704700bf50cc002070
:020000040000fa
:020000040004f6
:10af5800d0e9012319bac389b0f802c010b55bbaa9
:10af6800b0f800e0c38114ba438a028a9efa9efeb2
:10af78009cfa9cfc52ba5bbac0e90141a0f800e017
:0caf8800a0f802c00282438210bd00bf8e
:020000040000fa
:020000040004f6
:10af940000280fdb0b4b1b6898420bd20a4b1b6833
:10afa40053f8200028b190f87000c31e022b03d878
:10afb4000120704700207047a0f10800b0fa80f02b
:0cafc40040097047bcd30020ccd3002013
:020000040000fa
:020000040004f6
:10afd000f8b50668ceb1f368bbb10746002529462f
:10afe000304604f0a3f804460146304604f094f8d5
:10aff00038696168c368984730220021204604f010
:0cb00000fdf9f3680135ab42e9d8f8bd5a
:020000040000fa
:020000040004f6
:10b00c00f8b50d46164690b100f17904204603f0d0
:10b01c00b7fe07464db146b158b1013e3246214606
:10b02c00284604f085fe0023ab553846f8bd11b117
:0cb03c000ab100232b7000273846f8bd35
:020000040000fa
:020000040004f6
:10b0480000280cdb0b4b1b68984208da0a4b1b687c
:10b0580053f820301bb193f85c20012a01d000205e
:10b068007047d8680028fbd0026a1207f7d498689e
:0cb07800704700bf94d4002098d4002042
:020000040000fa
:020000040004f6
:10b0840043b2002b16ddc3b20a2b13d8013800b229
:10b09400094b00ebc00003eb800c13f820304bb1dc
:10b0a400dcf808301b6913b1bcf906001847ff230c
:0cb0b4008cf803300020704718c3002007
:020000040000fa
:020000040004f6
:10b0c00008b543b2002b15ddc3b20a2b12d80138e4
:10b0d00000b2094b00ebc00003eb800213f82030f4
:10b0e00043b193681b6b1bb1b2f90600984708bdca
:0cb0f000ff23d370002008bd18c300200f
:020000040000fa
:020000040004f6
:04b0fc0000f05ebb47
:020000040000fa
:020000040004f6
:10b10000034670b10a4a006810609fed077b094949
:10b110005888094b508081ed007b00211960012087
:10b1200070477047aff3008000000000000000008f
:0cb13000d4d4002020d30020d0d4002074
:020000040000fa
:020000040004f6
:10b13c0010b40d4c636b5bb150b100219a68824224
:10b14c009a680ad299609b69801a0bb10028f5d1d4
:10b15c00636923615df8044b7047121a9a60636946
:0cb16c0023615df8044b704788cf002081
:020000040000fa
:020000040004f6
:10b17800f0b50c4683b0b1b10746154601e0246826
:10b188008cb1237bab42fad1a668ba68b242284692
:10b19800f5db6368f9680096ecf71efc0028eed032
:0cb1a800012003b0f0bd204603b0f0bd54
:020000040000fa
:020000040004f6
:10b1b40058b110b50446006830b1c368012b05d0fe
:10b1c400fff7d4fd0023236010bd70470368002bf4
:10b1d400f6d081680029f3d019444ff0000c00bf69
:0cb1e40083f800c001339942fad1e9e77a
:020000040000fa
:020000040004f6
:10b1f000d8b138b504460846154601f0abf8c0f39f
:10b20000000200f0020394f8391025651343c0f3df
:10b21000800243ea8203c0f3c00243eac20321f082
:0cb220000f02134384f8393038bd70472a
:020000040000fa
:020000040004f6
:10b22c0010b50c46094903f02efe20b908492046fa
:10b23c0003f029fe28b107490020faf795f9002000
:10b24c0010bd0549faf790f9012010bd2c530000f0
:0cb25c0034530000605300004053000019
:020000040000fa
:020000040004f6
:10b2680010b504460a48eaf735fbfaf711ff30b97a
:10b278002368606807495b68bde810401847f9f71c
:10b288003dfcd4e9003004495b68bde8104018472c
:0cb2980078ce0020a86200006862000070
:020000040000fa
:020000040004f6
:10b2a40048650000d57d02005065000080650000ff
:10b2b4005d4c020088650000dc650000f1c30400f9
:10b2c400e465000014660000a5a404001c660000e8
:0cb2d4005c66000069b2040068660000bf
:020000040000fa
:020000040004f6
:10b2e000094a13786bb9094910b408600848094c39
:10b2f000094903700120107023700b705df8044b36
:10b3000070470020704700bf1ad6002064d5002087
:0cb310001cd6002015d6002019d6002005
:020000040000fa
:020000040004f6
:10b31c0038b5436813f4807f0446154611d0036991
:10b32c009a4228bf1d465db12a46406903f01cfdb8
:10b33c00636922692b44521b2261002263611a70db
:0cb34c0038bddb06fcd403f057fdf9e728
:020000040000fa
:020000040004f6
:10b358004ff4001c1ceb410f98bf1ceb430f11d896
:10b3680051ea030c50ea4c0c5cea020c0cd004d2f3
:10b3780082428b418041013070479042994180411f
:0cb3880001307047002070470120704722
:020000040000fa
:020000040004f6
:10b39400428b022a034603d8084b53f8223018473d
:10b3a400074a084900204ff0020cc3e90602a3f83b
:10b3b40002c06ff00b02faf7dbb800bfecf8040030
:08b3c4000000f4ffcc020000c0
:020000040000fa
:020000040004f6
:10b3cc00428b022a034603d8084b53f82230184705
:10b3dc00074a084900204ff0020cc3e90602a3f803
:10b3ec0002c06ff00b02faf7bfb800bfe0f8040020
:08b3fc000000f4ffcc02000088
:020000040000fa
:020000040004f6
:10b40400428b072a034603d8084b53f822301847c7
:10b41400074a084900204ff0020cc3e90602a3f8ca
:10b4240002c06ff00b02faf7a3b800bf4cdc0400b3
:08b434000000f4ffcc0200004f
:020000040000fa
:020000040004f6
:10b43c00428b052a034603d8084b53f82230184791
:10b44c00074a084900204ff0020cc3e90602a3f892
:10b45c0002c06ff00b02faf787b800bff4e80400e3
:08b46c000000f4ffcc02000017
:020000040000fa
:020000040004f6
:10b47400828b0a2a034603d8084b53f82230184714
:10b48400074a084900204ff0020cc3e90602a3f85a
:10b4940002c06ff00b02faf76bb800bf24ca0400b5
:08b4a4000000f4ffcc020000df
:020000040000fa
:020000040004f6
:10b4ac00428b022a034603d8084b53f82230184724
:10b4bc00074a084900204ff0020cc3e90602a3f822
:10b4cc0002c06ff00b02faf74fb800bfd4f80400bb
:08b4dc000000f4ffcc020000a7
:020000040000fa
:020000040004f6
:10b4e400428b042a034603d8084b53f822301847ea
:10b4f400074a084900204ff0020cc3e90602a3f8ea
:10b5040002c06ff00b02faf733b800bfd8ef0400a3
:08b514000000f4ffcc0200006e
:020000040000fa
:020000040004f6
:10b51c0010b50446faf720fe58b1a38eb3f5805f40
:10b52c0008d309212046f6f733fb10b10323c4f8e6
:10b53c001a3010bd06212046f6f72afb0028f8d059
:08b54c000523c4f81a3010bdfc
:020000040000fa
:020000040004f6
:10b55400d0f8b01038b500230d6c00f14802044651
:10b5640019460069a847002803db012384f84e30fc
:10b5740038bd237e23f03003237602f0dff9002365
:08b5840084f84e30206438bd4c
:020000040000fa
:020000040004f6
:10b58c00d0f8943073b1022907d0012900d070474c
:10b59c00d0f89430054a5a607047d0f89430044a79
:10b5ac005a617047034bc0f89430ece710cc002084
:08b5bc00d0cb0020c0ce00201e
:020000040000fa
:020000040004f6
:10b5c400d0f8a03070b50446b3f91200094e0d4608
:10b5d400fef7aafa33680122aa400146d4f8a00073
:10b5e40023ea02033360b0f91200bde8704002f0b0
:08b5f4004bbd00bf3cd100205b
:020000040000fa
:020000040004f6
:10b5fc00a8b90c4890f994c0bcf1020f0cd110b54d
:10b60c0082b0d0f8f000049c009402f089fb80f02a
:10b61c00010040b202b010bd6ff0040070476ff033
:08b62c0012007047a0c50020c8
:020000040000fa
:020000040004f6
:10b63400002811db0a4b1b6898420dd2094b1b688a
:10b6440053f8202042b192f8853013f0020005d05f
:10b6540023f0020382f8853001207047704700bf51
:08b66400bcd30020ccd3002070
:020000040000fa
:020000040004f6
:10b66c0000280cdb08b50a4b1b68984205d2094b25
:10b67c001b6853f8200020b908bd002008bd00202d
:10b68c0070470121f3f74efec043c0f3c01008bd54
:08b69c00bcd30020ccd3002038
:020000040000fa
:020000040004f6
:10b6a40038b5054608460c4600f066ff58b194f8d4
:10b6b400423013f0080305d02b7e012b00d0fee7a7
:10b6c40063680bb9184638bd2369002bfbd1606948
:08b6d400003818bf012038bd49
:020000040000fa
:020000040004f6
:10b6dc0010b50446b0f92400431c04d0faf7ccfa98
:10b6ec004ff6ff73a384e06818b103f08bff0023bf
:10b6fc00e3602046fff766fc20692168c368984721
:08b70c0000232360e38410bd5b
:020000040000fa
:020000040004f6
:10b7140070b50d4682b02f210446164603f040fb57
:10b7240048b1441c074900962b4622460020f9f7ed
:10b734001fff02b070bd5c21204603f031fb0028de
:08b74400efd1efe764330000d0
:020000040000fa
:020000040004f6
:10b74c000b480c4903890a6810b44469013243f070
:10b75c0002030a6003813cb1a44600235df8044b4c
:10b76c0002220121103060475df8044b704700bf86
:08b77c00e8b3002074d40020a2
:020000040000fa
:020000040004f6
:10b78400c2b110b5446904f1060c29b1d1f800e046
:10b79400c4f800e08988a1801168c4f80610928872
:10b7a400acf8042002695bbaa38193890e330120ab
:08b7b400938110bd104670479f
:020000040000fa
:020000040004f6
:10b7bc00036ada0714d470b504690a4e05464cb115
:10b7cc00214624680b8adb07f9d43068c368984794
:10b7dc00002cf5d130682946c368bde87040184785
:08b7ec00704700bf84d4002067
:020000040000fa
:020000040004f6
:10b7f400022813d008b5012013460a460221e4f7b3
:10b80400c7ff431c09d0074b1b6853f8202092f84c
:10b814003e3043f0020382f83e3008bd4ff0ff3063
:08b82400704700bf98d400201a
:020000040000fa
:020000040004f6
:10b82c00002810b50fdb0a4b1b6898420bda094b4a
:10b83c001b6853f8200048b1046b04b1c48efdf7ab
:10b84c0079fa204610bd0024204610bd0446fbe7c3
:08b85c0094d4002098d40020d0
:020000040000fa
:020000040004f6
:10b864001b5b324a1b5b33316d1b5b316d204d69b1
:10b8740063726f636869702054656c6e65742053dd
:10b88400657276657220312e311b5b306d0d0a2096
:08b894004c6f67696e3a200059
:020000040000fa
:020000040004f6
:10b89c0043b2002b14ddc3b20a2b11d8013800b20d
:10b8ac00084b00ebc00003eb800213f820303bb1d7
:10b8bc0093685b6913b1b2f906001847ff23d37084
:08b8cc000020704718c30020a2
:020000040000fa
:020000040004f6
:10b8d40043b2002b14ddc3b20a2b11d8013800b2d5
:10b8e400084b00ebc00003eb800213f820303bb19f
:10b8f40093689b6913b1b2f906001847ff23d3700c
:08b904000020704718c3002069
:020000040000fa
:020000040004f6
:10b90c0043b2002b14ddc3b20a2b11d8013800b29c
:10b91c00084b00ebc00003eb800213f820303bb166
:10b92c009368db6913b1b2f906001847ff23d37093
:08b93c000020704718c3002031
:020000040000fa
:020000040004f6
:10b9440043b2002b14ddc3b20a2b11d8013800b264
:10b95400084b00ebc00003eb800213f820303bb12e
:10b964009368db6a13b1b2f906001847ff23d3705a
:08b974000020704718c30020f9
:020000040000fa
:020000040004f6
:10b97c0043b2002b13ddc3b20a2b10d8013800b22e
:10b98c00084b00ebc00003eb800213f8200038b129
:10b99c009078a0f10400b0fa80f0400970470020c4
:08b9ac00704700bf18c3002022
:020000040000fa
:020000040004f6
:10b9b4000a4b0b4a00214ff4003019621977996041
:10b9c400d9605060d369002bfcd1064b04491d207b
:10b9d40010731360cb69002bfcd170472cd000206e
:08b9e400003000400e0030109d
:020000040000fa
:020000040004f6
:10b9ec0070b50c4c04f0d4fb63689b690646984711
:10b9fc002369d4e90a12984296bfc3f58033c31a5f
:10ba0c001b185c18304642f1000504f0c3fb2046bd
:08ba1c00294670bd88cf00200f
:020000040000fa
:020000040004f6
:10ba240000000000000000004cd700200100f401d9
:10ba34003742000000080042c861040088d90400ad
:10ba440000000001e8d5002001000000ecd5002032
:08ba540047080000000000009b
:020000040000fa
:020000040004f6
:10ba5c00072814dc0b4aa0eb800100eb40001831e6
:10ba6c0002eb8002002301e08b4207d052f8230046
:10ba7c0010f1020f03f10303f6d0704770476ff01b
:08ba8c000100fae730cd0020b3
:020000040000fa
:020000040004f6
:10ba940010b40c4c0022234604e000bf53f8341fba
:10baa400013249b159688842f8d1342303fb024476
:10bab40020685df8044b70476ff0a9005df8044bf3
:08bac400704700bffc300300d5
:020000040000fa
:020000040004f6
:10bacc00c8b10069b8b110b50468fdf76ffdb0ebf3
:10badc00c40f04ddc41d48bf00f10e04e41043077d
:10baec004fea440414bfe01d04f109008128d8bfbb
:08bafc0000f1ff3010bd70479e
:020000040000fa
:020000040004f6
:10bb04000246006888b1411c431e52f821205801a6
:10bb140062b1b2fa82f3c31a13f0070018bf01200e
:10bb2400203348bf073300ebe30070470028b8bf59
:08bb34000730c010704700bf8c
:020000040000fa
:020000040004f6
:10bb3c0070b50023adf50a7d0c4605461646194630
:10bb4c004ff4087202a8019303f052fc231e18bf95
:10bb5c00012332462846694602940093f7f76afba4
:08bb6c000df50a7d70bd00bf5c
:020000040000fa
:020000040004f6
:10bb740003685b00872b70b50d6812dc0c46e3f795
:10bb84003df92368002b064609db9d4207ddea1ace
:10bb9400023304eb83009200002103f02dfc3046b5
:08bba40070bd4ff0ff36fae717
:020000040000fa
:020000040004f6
:10bbac00a2f11003102b12d830b50a4d25fa03f36d
:10bbbc00db0783b008d538b100230124cde900346c
:10bbcc00d7f744ff03b030bd6ff0ac00fae76ff06d
:08bbdc00ac00704701010100fb
:020000040000fa
:020000040004f6
:10bbe40039312921191109013a322a221a120a0279
:10bbf4003b332b231b130b033c342c243f372f27bd
:10bc04001f170f073e362e261e160e063d352d2510
:08bc14001d150d051c140c04a4
:020000040000fa
:020000040004f6
:10bc1c00002910dca8b1d0f810016ff4a173984280
:10bc2c000dd06ff4a373984207d06ff4ab739842a6
:10bc3c0008bf062070470020704703207047022081
:08bc4c0070476ff0ac00704777
:020000040000fa
:020000040004f6
:10bc540068b110b514464ab1106838b10a290dd03c
:10bc6400252905d0fff782f80023236010bd704713
:10bc740001f078f820680028f6d0f3e7f5f7b0f87b
:08bc840020680028f0d0ede774
:020000040000fa
:020000040004f6
:10bc8c0030b40a4b0168d3f8004ac3f8044a084d93
:10bc9c004c68406807490022c3f8082ac5f8e02e12
:10bcac00c3f80c2a234630bc184700bfd8890020a3
:08bcbc00005000203c50000084
:020000040000fa
:020000040004f6
:10bcc40030b4084d084b094c0949024628680968f4
:10bcd400c3e90140074c0020c3e90341586130bc6b
:10bce40013607047b001050004d20020c02e040088
:08bcf400ac010500bc5d040079
:020000040000fa
:020000040004f6
:10bcfc0030b50c4a0146002012f810301bb902eb8b
:10bd0c004002507830bd0c6825789d4209bf02eb8b
:10bd1c004003431c5878013414bfd8b20c600a2875
:08bd2c00ead9efe7d4ee0400b0
:020000040000fa
:020000040004f6
:10bd34004ff4001c1ceb410f98bf1ceb430f11d8b0
:10bd440051ea030c50ea4c0c5cea020c0ad004d20f
:10bd540082428b41804140427047904299418041e8
:08bd64004042704700207047c7
:020000040000fa
:020000040004f6
:10bd6c004ff4001c1ceb410f98bf1ceb430f11d878
:10bd7c0051ea030c50ea4c0c5cea020c0ad004d2d7
:10bd8c009042994180414042704782428b418041b0
:08bd9c0040427047002070478f
:020000040000fa
:020000040004f6
:10bda40080b10b4b82689a420cd1b0f90230022b5d
:10bdb4000bd1012305214ff48032c0e906124380e0
:10bdc400184670476ff00d0070476ff00c00704715
:04bdd400c4cc0020bb
:020000040000fa
:020000040004f6
:10bdd8008268136913f0060f08bf43f0040313f0d9
:10bde800380f08bf43f0200310b501211361044642
:10bdf800f5f7d0fe10b1024bc4f81a3010bd00bfe1
:04be08000400010031
:020000040000fa
:020000040004f6
:10be0c00d0f8ac30d3f888200a70d3f88820120a06
:10be1c004a70d3f88820120c8a70d3f88820120e3e
:10be2c00ca70d3f88c200a71d3f88c301b0a00200e
:04be3c004b7170478f
:020000040000fa
:020000040004f6
:10be400010b4019a0a498a420fd1d2e91f14184648
:10be50001b6a013c013123f00803c2e91f14d0e939
:10be600002215df8044b036210475df8044b7047f4
:04be7000a0c5002049
:020000040000fa
:020000040004f6
:10be740010b50b4c94f8123203b910bd638a626892
:10be84002344187a02eb402001f0c8fc03f00efcb6
:10be94000028fbd1bff34f8f84f8120210bd00bffe
:04bea40000bb0020bf
:020000040000fa
:020000040004f6
:10bea800030ab0f58e4f28bf203bc0b228bfdbb2d3
:10beb800462884bf2038c0b2392b8cbf373b303b73
:10bec80039288cbf37383038dbb2c0b240ea0310ab
:04bed800c0b270473d
:020000040000fa
:020000040004f6
:10bedc000a4a38b51468002c02dd817d022900d095
:10beec0038bd013c1460002cfad1054d286800289f
:10befc00f6d003f087fb2c6038bd00bfa8d3002020
:04bf0c00a4d300209a
:020000040000fa
:020000040004f6
:10bf100000280bdb094b1b68984207d2084b1b68b3
:10bf200053f8200018b1836f8b4201d00020704776
:10bf300000238367a0f8763001207047bcd300202f
:04bf4000ccd300203e
:020000040000fa
:020000040004f6
:10bf440099b130b50a4d0446a86885b058b1cde919
:10bf54000224019100240146102305f120006a46c1
:10bf6400009400f039fb05b030bd0846704700bfaf
:04bf740030ce0020ab
:020000040000fa
:020000040004f6
:10bf78000a4a38b51468002c02dd817d022900d0f8
:10bf880038bd013c1460002cfad1054d2868002802
:10bf9800f6d003f039fb2c6038bd00bf08d4002070
:04bfa8000cd4002095
:020000040000fa
:020000040004f6
:10bfac00e8240000ec240000f0240000dc24000055
:10bfbc00010000004426000002000000847d000007
:10bfcc00030000003c26000003000000e0240000f9
:04bfdc00040000005d
:020000040000fa
:020000040004f6
:10bfe000a0b138b5436a044653b1056b45b9242264
:10bff000294603f003fad4e90f039847284638bdd1
:10c00000f92384f838306ff0060038bd6ff008006f
:04c01000704700bfb6
:020000040000fa
:020000040004f6
:10c0140070b500240646c473451e00bf15f8010f11
:10c0240003f03afc287018b101340f2cf6d170bd1e
:10c03400c4f10f023019d2b2bde87040202103f0e0
:04c04400dbb900bfa5
:020000040000fa
:020000040004f6
:10c0480038b5457b0db9284638bd0446237b002bff
:10c05800fcd0237b03f0ff0213b91546284638bdf0
:10c0680004f098f8237b013bdbb2237304f094f8c7
:04c07800284638bd61
:020000040000fa
:020000040004f6
:10c07c000a4b83420ed179b110b4094c8c460fcccb
:10c08c00ace80f0094e803005df8044b8ce8030067
:10c09c00012070470020704701207047ecd1002030
:04c0ac00d4d10020cb
:020000040000fa
:020000040004f6
:10c0b000b0b108b590f8423013f0400301d11846f2
:10c0c00008bdd1f800c04a688b68c9688163c0f8b0
:10c0d0002cc0026343632c30fff79cff012008bd96
:04c0e000704700bfe6
:020000040000fa
:020000040004f6
:10c0e400002811db094b1b6898420dda084b1b68ca
:10c0f40053f8200048b190f83e30018543f0020324
:10c1040080f83e30012070470020704794d400200e
:04c1140098d400209b
:020000040000fa
:020000040004f6
:10c11800002811db094b1b6898420dda084b1b6895
:10c1280053f8200048b1c36c8b4205d10023c36487
:10c13800a0f85a30012070470020704794d400209e
:04c1480098d4002067
:020000040000fa
:020000040004f6
:10c14c0043b2002b11ddc3b20a2b0ed8013800b25a
:10c15c00074b00ebc00003eb800213f8203023b137
:10c16c000023b2f90600d37070476ff004007047db
:04c17c0018c30020c4
:020000040000fa
:020000040004f6
:10c18000150004004de5040041a20400b1d10400f3
:10c190006dc6040089d10400d9d704003dc604004f
:10c1a000fdd7040065eb040061f604007dff040088
:04c1b00075ff040013
:020000040000fa
:020000040004f6
:10c1b400f0b5826900f12005521b85b001d105b0ac
:10c1c400f0bdd0e900760446054901a802f05dfb04
:10c1d4003b6801a930469847a56105b0f0bd00bf92
:04c1e400103b00000c
:020000040000fa
:020000040004f6
:10c1e80000b583b000230193f5f738ff20b104228e
:10c1f8000deb020103f098f903f0ccff044a137821
:10c208000133137003f0c8ff019803b05df804fb15
:04c2180001d600202b
:020000040000fa
:020000040004f6
:10c21c0010f704000000000001000000283000406e
:10c22c0028300040a8d000200100000040d30400ba
:10c23c00ccff0400c4ff040001000000f8d0002073
:04c24c0024ec0400da
:020000040000fa
:020000040004f6
:10c250002de9f041b1f1000811dd1546061f002758
:10c2600056f8044f34b12046e46c2946fcf760fad6
:10c27000002cf8d101370023b8453360f0d1bde878
:04c28000f08100bf8a
:020000040000fa
:020000040004f6
:10c28400036823b9003918bf012148427047426846
:10c29400012a0bd0012b07dc8368994204d38cbf9d
:10c2a4004ff0ff3000207047012070474ff0ff30ff
:04c2b400704700bf10
:020000040000fa
:020000040004f6
:10c2b800a0b138b579b1d31f062b15460bd8044663
:10c2c800f83002f053fd00204ff06043c4e9460304
:10c2d800c4f8205138bd6ff0ac0038bd6ff0ac0029
:04c2e800704700bfdc
:020000040000fa
:020000040004f6
:10c2ec00a8b110b50c469cb071b1014670226846dd
:10c2fc0002f03afd1b9b214643f0020368461b9358
:10c30c00e6f792ff1cb010bd6ff0ac00fae76ff0cf
:04c31c00ac007047ba
:020000040000fa
:020000040004f6
:10c32000a8b110b50c46a0b071b101467c2201a89d
:10c3300002f020fd1f9b214643f0020301a81f933a
:10c34000e4f774f920b010bd6ff0ac00fae76ff0bd
:04c35000ac00704786
:020000040000fa
:020000040004f6
:10c354000346b3f5007f82b04ff000000fd0b3fa6c
:10c3640083f25209500052b9c3f3400103f00102b1
:10c3740042ea8102c3f3001342eac303184302b042
:04c38400704700bf3f
:020000040000fa
:020000040004f6
:10c3880070b598b104464ff41f70fbf7cff9054616
:10c39800064658b100222146e6f738fc002801dba2
:10c3a800304670bd616b284601f0fcfe0026304621
:04c3b80070bd00bf95
:020000040000fa
:020000040004f6
:10c3bc0038b50546b420fbf7b7f9044678b1b3227b
:10c3cc000021013003f014f80323012104f1700261
:10c3dc00237004f1a0036160e5622266e3662046e7
:04c3ec0038bd00bf99
:020000040000fa
:020000040004f6
:10c3f00010b50446f9f750fe30b923686068074964
:10c400005b68bde810401847f8f77cfbd4e90030c2
:10c4100003495b68bde81040184700bf9063000007
:04c42000386300007d
:020000040000fa
:020000040004f6
:10c4240038b50a480a4d016821b9436813b9ddf7e4
:10c43400fafb38bd0389426855f8233000f10c0437
:10c444002046984704eb8000ede700bfdc060100be
:04c45400e8f3040005
:020000040000fa
:020000040004f6
:10c458004ff4001c1ceb410f98bf1ceb430f0cd88a
:10c4680050ea410c08bf52ea430c08d0904208bf7a
:10c4780099420cbf0120002070470020704701201e
:02c488007047fb
:020000040000fa
:020000040004f6
:10c48c0070b50a4e82b00446002501e0d8f7e6f8f4
:10c49c003346092100950122204601f041fc034658
:10c4ac0001212046002bf1d002b070bd3dd5020019
:020000040000fa
:020000040004f6
:10c4bc00a0f58850103880b20f2838b503d94ff04a
:10c4cc00ff35284638bd0c468968f7f7fffd431c3d
:10c4dc000546f6d06168f7f769f8284638bd00bf05
:020000040000fa
:020000040004f6
:10c4ec0090b1038883b190f90c30022b0cd14368c6
:10c4fc0053b193f90600022806d15b8813f0010fa3
:10c50c0008bf4ff0ff3070474ff0ff30704700bf4f
:020000040000fa
:020000040004f6
:10c51c0058310000257801006031000078310000ae
:10c52c00619b03008031000094310000f54303004f
:10c53c009c310000c0310000f1c20200c831000083
:020000040000fa
:020000040004f6
:10c54c0002460a4889b1114400ebc0035b0003ebbf
:10c55c00c01312f801cb034403eb002303eb006080
:10c56c008a428cea0000efd170477047c59d1c8150
:020000040000fa
:020000040004f6
:10c57c00024688b190f8423013f0400000d1704769
:10c58c0092f8743013f0010307d092f8430080f056
:10c59c001000c0f30010704770471846704700bf7a
:020000040000fa
:020000040004f6
:10c5ac0089b1086880b12ab1084bb3f900309a42be
:10c5bc00b8bf1a46002362f30f0362f31f43c1f89e
:10c5cc000a30012070470846704700bf64d4002031
:020000040000fa
:020000040004f6
:10c5dc002de9f041d1f804800746084619461d465e
:10c5ec001646c047044640b11eb12a46314602f0f9
:10c5fc00bbfb21463846fbf7d7fa2046bde8f08155
:020000040000fa
:020000040004f6
:10c60c0038b50a4d00232b60044648b138214368e5
:10c61c009847014628b1e3682046984701202c60d2
:10c62c0038bd2868003818bf012038bd84d40020dc
:020000040000fa
:020000040004f6
:10c63c0041b110b50468206801f0faf9011e03db62
:10c64c00084610bd084670472068fff7e1fa811ec6
:10c65c0001294ff0ff3198bf0021084610bd00bfe3
:020000040000fa
:020000040004f6
:10c66c0010b504682068f7f74dff012806d0014685
:10c67c002068fff7cdfa0238012807d9206803f0ab
:10c68c0015fb2046fef76efb072010bd062010bde3
:020000040000fa
:020000040004f6
:10c69c0010b40a4c247f34b921b118b15df8044ba5
:10c6ac00e9f75abe1bb900205df8044b7047002a0d
:10c6bc00f9d05df8044be9f74fbe00bf2cd0002039
:020000040000fa
:020000040004f6
:10c6cc00d0e90632d21a00d1704770b50446d4e9cd
:10c6dc00006584b0054901a802f0d3f8336801a9bc
:10c6ec0028469847e369a36104b070bd083b00007d
:020000040000fa
:020000040004f6
:10c6fc0088b938b5094c6579012d02d04ff0ff305f
:10c70c0038bd0346637123688c461b68114660462e
:10c71c009847657138bd4ff0ff30704728d3002023
:020000040000fa
:020000040004f6
:10c72c0088b938b5094c6579012d02d04ff0ff302e
:10c73c0038bd0346637123688c46db68114660463e
:10c74c009847657138bd4ff0ff30704728d30020f3
:020000040000fa
:020000040004f6
:10c75c0090b970b5094d95f9003063b16e6856b15a
:10c76c0008460c4602f00cfb736902462146a86889
:10c77c00bde87040184770bd704700bfe0d2002084
:020000040000fa
:020000040004f6
:10c78c000200000003000000030000000300000092
:10c79c001600000001000000030000000300000070
:10c7ac000300000015000000250000000a00000036
:020000040000fa
:020000040004f6
:10c7bc000138102811d8dfe800f009090c0c0c0c1a
:10c7cc0009090e0909090909090909006ff0e700af
:10c7dc00704740207047802070476ff0ac00704766
:020000040000fa
:020000040004f6
:10c7ec0010b58cb00024cde90944cde90744cde95e
:10c7fc00054404944ff0020c0324cde90023cde949
:10c80c00024c02460b46def789fa0cb010bd00bf95
:020000040000fa
:020000040004f6
:10c81c000e110b180105031c0f06150a17130c0437
:10c82c001a0810071b140d0229341f252f371e2838
:10c83c00332d21302c31273822352e2a32241d203d
:020000040000fa
:020000040004f6
:10c84c00a65ad0f345db4e0effe875c3a2e71f4294
:10c85c00c7129d620ff5c119a9ef55f05185e0fb88
:10c86c008581f9317517276e06e9607ddbcbcc2eff
:020000040000fa
:020000040004f6
:10c87c0063363377e41e86468deb0ab4a8ed683f29
:10c88c006a134e47e014c700454e81e95358a56919
:10c89c00808aa38f2a72a62359915a9f8a04ca6848
:020000040000fa
:020000040004f6
:10c8ac0070b5d0f80c510db9284670bd4821d0f8a0
:10c8bc0008610446edf7d6fd30b9324629462046cc
:10c8cc00bde87040f0f7ccbc0546284670bd00bff3
:020000040000fa
:020000040004f6
:10c8dc009ca10000a4a1000064240000aca10000f5
:10c8ec00b8a10000bca10000c4a10000d0a10000b0
:10c8fc00dca10000e4a10000f0a10000fca10000fc
:020000040000fa
:020000040004f6
:10c90c0070b598b004460d46164600216022684664
:10c91c0002f06efd054b02943246294668460e9491
:10c92c00119301f033ff18b070bd00bf4d0205002c
:020000040000fa
:020000040004f6
:10c93c00064b1a680ab9064a1a60064a116809b900
:10c94c00054911601a68054b1a60704700d3002026
:10c95c00c8d70020fcd20020c8570320f8d20020f2
:020000040000fa
:020000040004f6
:10c96c0053b94ab9002908bf00281cbf4ff0ff314a
:10c97c004ff0ff3003f066bcadf1080c6de904ce4e
:10c98c00daf74cfeddf804e0dde9022304b0704771
:020000040000fa
:020000040004f6
:10c99c0010b50b681b78202b0c4602d0093b042bde
:10c9ac000bd8fef7fff923685a1c22605b78202b0a
:0ec9bc00f9d0093b042bf6d910bd0020fce792
:020000040000fa
:020000040004f6
:10c9cc0060b1084b82689a4208d1074bdb6819b1f9
:10c9dc0003f0010301330b70002070476ff00d0062
:0cc9ec00704700bfc4cc002000080042cf
:020000040000fa
:020000040004f6
:10c9f80010b50446f9f7b2fb78b1a36a43b194f8cd
:10ca08003410c1f38002c90648bf42f004021a80fc
:0cca18000023c4e906330222628010bd36
:020000040000fa
:020000040004f6
:10ca2400d9bd0400f1590300718a04006190040027
:10ca3400899e040085e90300dde8040061400400e8
:0cca4400c5e80400f9900400412a040039
:020000040000fa
:020000040004f6
:10ca5000cb070fd5d0f8a030b3f91230002b09db8b
:10ca60005a09054803f01f030121603201fa03f35c
:0cca700040f82230704700bf00e100e0f9
:020000040000fa
:020000040004f6
:10ca7c00cb0700d47047d0f8a030b3f91230002b9c
:10ca8c00f8db05495809012203f01f0302fa03f3ee
:0cca9c0041f82030704700bf00e100e0ce
:020000040000fa
:020000040004f6
:10caa800094a91420b460dd110b4d3e91924013c2f
:10cab8000132c3e9192401465df8044b03f1b800bb
:0ccac800fbf774b8704700bfa0c5002049
:020000040000fa
:020000040004f6
:10cad40000280ddb074b1b68984209d2064b1b68e4
:10cae40053f8200028b190f88500c0f38000704707
:0ccaf40000207047bcd30020ccd30020f1
:020000040000fa
:020000040004f6
:10cb0000406808b5436a33b1074a99685369526b64
:10cb10005b1a934205d21430fbf778f800b1043861
:0ccb200008bd2430f8e700bf30ce002034
:020000040000fa
:020000040004f6
:10cb2c0092b170b510460d46144602f029f9402812
:10cb3c0028bf402006463246286a214602f014f9e6
:0ccb4c002b6a00229a5570bd704700bf94
:020000040000fa
:020000040004f6
:10cb580070b4c56802687db1866800211378dc0767
:10cb680001f1010105d5446a23f00103013c13706a
:0ccb78004462a9423244f1d170bc704705
:020000040000fa
:020000040004f6
:10cb840070b5054660b1084c04f12006616828467a
:10cb940011b102f07cf920b10834b442f6d100207e
:0ccba40070bd207870bd00bf6cde040086
:020000040000fa
:020000040004f6
:10cbb00020b102290ad0012901d00020704790f845
:10cbc000420080f01000c0f30010704790f842005f
:0ccbd00080f00800c0f3c000704700bff8
:020000040000fa
:020000040004f6
:10cbdc0028b190f8423013f0400301d11846704749
:10cbec000b685a1c08d0d0e9010260ea0200c01a96
:0ccbfc00b0fa80f040097047012070473b
:020000040000fa
:020000040004f6
:10cc080013f4003f38b501eb020c0cbf142528259e
:10cc1800ac440c461a461ffa8cf1f3f751fc18b1d4
:0ccc280014b183692b44c36138bd00bf08
:020000040000fa
:020000040004f6
:10cc340009b180f82e1083680bb1c168184710b58c
:10cc440003f008f8012800d810bd02f0fdffbde88c
:0ccc540010400149f8f78cbc4838000083
:020000040000fa
:020000040004f6
:10cc60000eb410b5b5b037ab044653f8042b01939e
:10cc7000c82102a8faf704fb02a92046f6f756fde0
:0ccc800035b0bde8104003b0704700bfa5
:020000040000fa
:020000040004f6
:10cc8c0030b45c695cb10748074d181a801005fb7d
:10cc9c0000f00130a4469b6930bc00b2604730bc48
:0cccac00704700bf18c30020398ee33829
:020000040000fa
:020000040004f6
:10ccb800094ba1eb000c00221a800cf1040c031f95
:10ccc80000f5fe700ceb030253f8041f1160834259
:0cccd800f8d10120704700bff8d5002003
:020000040000fa
:020000040004f6
:10cce40010b5094c82b060888df80710fdf73efe40
:10ccf400022801d002b010bd608801220df10701a5
:0ccd040000f0f4fa02b010bdd4d40020fe
:020000040000fa
:020000040004f6
:10cd100000030000d1f20400fdc6040029d2040083
:10cd200051d204002dc70400a1d2040079d204001e
:0ccd300099010500f1f6040095010500d2
:020000040000fa
:020000040004f6
:10cd3c0010b5094c23682bb102f08eff2368b0fbb1
:10cd4c00f3f010bd012001f05dfc206002f084ffc7
:0ccd5c002368b0fbf3f010bde4d400200d
:020000040000fa
:020000040004f6
:10cd680090b110b50446183002f0c2fa04f51070fc
:10cd780002f0befa04f58d6002f0bafa04f5d2604a
:0ccd880001f07afc002010bd0020704774
:020000040000fa
:020000040004f6
:10cd940010b58cb00024cde90944cde90744cde9b0
:10cda400054404940124cde90023cde9024402465c
:0ccdb4000b46ddf7b7ff0cb010bd00bf50
:020000040000fa
:020000040004f6
:10cdc00010b58ab04ff0010c0c9c00940024cde902
:10cdd0000744cde90544cde903440224cde9014ce3
:0ccde0000d9c0994e4f744fc0ab010bd5f
:020000040000fa
:020000040004f6
:10cdec0098b1036e013b10b50446036603b110bd48
:10cdfc00c26a0b21fff726fa04f1540003f002fa81
:0cce0c002046bde81040fdf7adbf7047a8
:020000040000fa
:020000040004f6
:10ce180010b586b078b190f8394084f00204c4f3b4
:10ce2800400404940024cde90244cde90044bef74f
:0cce38001dfc06b010bd0124f3e700bf94
:020000040000fa
:020000040004f6
:10ce440010b586b080b190f8394084f00204c4f380
:10ce5400400404940024cde9024401940124009484
:0cce6400bef706fc06b010bd0124f2e78a
:020000040000fa
:020000040004f6
:10ce7000064a13680bb1013b1360054a0549136864
:10ce8000096805481160cb1a0360704720d500205f
:0cce90000cd500201cd5002018d5002077
:020000040000fa
:020000040004f6
:10ce9c00012910b5044604dd0749506801f0f3ff81
:10ceac0020b12046bde8104000f02ebe2046bde863
:0ccebc00104000f03bbe00bfa41f0000af
:020000040000fa
:020000040004f6
:10cec800034631b1064a107820b1064a12689a42e0
:10ced80001d000207047044b1b680b60704700bfef
:0ccee80018d6002054d5002050d50020a2
:020000040000fa
:020000040004f6
:10cef400064b1b782bb10368054a5b6805494068fb
:10cf04001847054b1860eff737bf00bf1ad600204b
:0ccf1400c06c0000d40300004cd50020cd
:020000040000fa
:020000040004f6
:10cf200008b5064a064b07480821f5f789ff00b106
:10cf300008bdbde808400449f8f71cbb347c00007c
:0ccf40000c7c000060710400387c0000d4
:020000040000fa
:020000040004f6
:10cf4c0008b5064a064b07480221f5f773ff00b1f6
:10cf5c0008bdbde808400449f8f706bb488b000043
:0ccf6c00188b000044ed0400508b000006
:020000040000fa
:020000040004f6
:10cf780008b5064a064b07480121f5f75dff00b1e1
:10cf880008bdbde808400449f8f7f0baf08d000084
:0ccf9800bc8d000018fd0400fc8d0000a2
:020000040000fa
:020000040004f6
:10cfa400812903dc7f2903dc002070478329fbd11e
:10cfb4001368073323f0070303f108011160d3e971
:0acfc4000023c0e90023012070479c
:020000040000fa
:020000040004f6
:10cfd000084b98420cd1002310b4ca684c6880f802
:10cfe00024300221c46081805df8044b42617047a7
:08cff000704700bfc4cc002013
:020000040000fa
:020000040004f6
:10cff80010b4446b0346084624b1234611465df835
:10d00800044b1847d3f8d410b3f9d0305df8044b6b
:08d018000140c858704700bf39
:020000040000fa
:020000040004f6
:10d02000074a516a40f20643194204d0054a136880
:10d0300043f00103136089b20020f7f759bb00bf2a
:08d04000000800423cd1002071
:020000040000fa
:020000040004f6
:10d04800019a084882420bd192f8000129b10130b7
:10d05800c2f8e83082f800017047013882f8000110
:08d06800704700bfa0c50020c5
:020000040000fa
:020000040004f6
:10d0700079b14368d3f89a00d3f896c0d3f89e20cc
:10d08000d3f8a230cb604860c1f800c08a600020ad
:08d0900070474ff0ff307047bc
:020000040000fa
:020000040004f6
:10d0980070b5084d95f81462012e01d0042070bdba
:10d0a800002485f81442fef7e1fe85f81462204654
:08d0b80070bd00bf00bb0020a9
:020000040000fa
:020000040004f6
:10d0c00000280adb064b1b68984206d2054b1b68fa
:10d0d00053f8200010b1406c70470020704700bf2b
:08d0e000bcd30020ccd30020da
:020000040000fa
:020000040004f6
:10d0e800844680b108b590f8423013f0400000d172
:10d0f80008bddcf84430dcf85000db6b9847b0fa28
:08d1080080f0400908bd7047ea
:020000040000fa
:020000040004f6
:10d1100010b5864620b190f842c01cf0400000d106
:10d1200010bddef84440def85000646ca047b0fa51
:08d1300080f0400910bd00bfb2
:020000040000fa
:020000040004f6
:10d138000a68511c03460ad0806d40b105498a42ed
:10d1480006d04168914203d0c06d0028f9d1184635
:08d15800704700bf7f000001d9
:020000040000fa
:020000040004f6
:10d1600000280adb064b1b68984206da054b1b6851
:10d1700053f8200010b1406a70470020704700bf8c
:08d1800094d4002098d4002093
:020000040000fa
:020000040004f6
:10d1880010b50468206800f0fdff011e01db0846a9
:10d1980010bd2068fef73efd023801284ff0ff3130
:08d1a80098bf0021084610bdec
:020000040000fa
:020000040004f6
:10d1b00010b504682068d8f7f3fd012809d00146ae
:10d1c0002068fef72bfd0238022834bf032005201b
:08d1d00010bd042010bd00bfda
:020000040000fa
:020000040004f6
:10d1d800000100f1824202f52042136c23f00203a1
:10d1e8001364136c9b07fcd4024b034489b20120df
:08d1f8001980704740d10020ae
:020000040000fa
:020000040004f6
:10d20000074b5a7a52b1074a987a332199721368b8
:10d21000c0b21bb110b1516813681847704700bf06
:08d220000038004018d3002083
:020000040000fa
:020000040004f6
:10d2280068b938b5074c6579012d02d04ff0ff3049
:10d2380038bd236860715b689847657138bd4ff0e9
:08d24800ff30704728d30020dd
:020000040000fa
:020000040004f6
:10d2500068b938b5074c6579012d02d04ff0ff3021
:10d2600038bd236860719b689847657138bd4ff081
:08d27000ff30704728d30020b5
:020000040000fa
:020000040004f6
:10d2780068b938b5074c6579012d02d04ff0ff30f9
:10d2880038bd236860715b699847657138bd4ff098
:08d29800ff30704728d300208d
:020000040000fa
:020000040004f6
:10d2a00068b938b5074c6579012d02d04ff0ff30d1
:10d2b00038bd236860711b699847657138bd4ff0b0
:08d2c000ff30704728d3002065
:020000040000fa
:020000040004f6
:10d2c80060b9084b93f9000040b1586830b110b408
:10d2d8008468986823465df8044b18474ff0ff3080
:08d2e800704700bfe0d20020f6
:020000040000fa
:020000040004f6
:10d2f00060b9084b93f9000040b1586830b110b4e0
:10d300004469986823465df8044b18474ff0ff3096
:08d31000704700bfe0d20020cd
:020000040000fa
:020000040004f6
:10d318000500000001000000b00400003c0000000f
:10d3280002000000320000004b0000000100000075
:08d338000300000001000000e9
:020000040000fa
:020000040004f6
:10d340000000000001000000ffffffffffffffffe4
:10d35000ffffffffffffffffffffffffffffffffdd
:08d36000ffffffffffffffffcd
:020000040000fa
:020000040004f6
:10d3680070b170b504460e46154600214ff4be72e2
:10d3780002f040f80020c4f81c61c4f8245170bdc4
:08d388006ff0ac00704700bf1c
:020000040000fa
:020000040004f6
:10d3900088420fd008b50b46d0e90021c3e900212f
:10d3a00000f108014ff4087203f1080001f0e2fcfb
:08d3b000002008bd00207047b9
:020000040000fa
:020000040004f6
:10d3b8000000000100000002000000040000000856
:10d3c8000000001000000020000000400000008065
:08d3d8000000001b00000036fc
:020000040000fa
:020000040004f6
:10d3e00010b5042082b0faf7a5f9044640b140f226
:10d3f0000333adf80430019901f09cff0023a370c2
:08d40000204602b010bd00bf80
:020000040000fa
:020000040004f6
:10d4080003ca0400180004001a00040036000400cf
:10d41800240004002500040026000400270004005e
:08d4280012020100f6080200e7
:020000040000fa
:020000040004f6
:10d430000168064b064a1b681268406810b44c68c5
:10d440000449a4465df8044b604700bf90d5002016
:08d4500094d50020e8890000da
:020000040000fa
:020000040004f6
:10d45800081000001c9b0000289b0000349b000063
:10d46800409b0000489b0000549b0000dc96000095
:08d47800609b0000709b0000a6
:020000040000fa
:020000040004f6
:10d4800010b5074c074b22689a4200d010bd207996
:10d490000028fbd1f2f7ccf90123237110bd00bfa6
:08d4a00000000047544c46480f
:020000040000fa
:020000040004f6
:10d4a80008b54ff4c9520021064801f0a3ff054b07
:10d4b8004ff0ff3103f5c952196003f50673934223
:08d4c800fad108bde85e002066
:020000040000fa
:020000040004f6
:10d4d000054b1b7823b10549054a496842f82010dd
:10d4e000044a1354704700bf2ad60020001000e001
:08d4f000fccf0020ecd200206b
:020000040000fa
:020000040004f6
:10d4f80030b57ab101388d1810f8012f0c4632b1c9
:10d5080011f8013b1bb1a94201d09a42f4d023780b
:08d51800d01a30bd1046fce7fb
:020000040000fa
:020000040004f6
:10d520001f2910b504d90368436000232039036024
:10d53000d0e90023c1f1200422fa04f48b402343f4
:08d540008a404360026010bd47
:020000040000fa
:020000040004f6
:10d548001f2910b504d943680360002320394360bc
:10d55800d0e90032c1f1200402fa04f4cb4023439d
:08d56800ca400360426010bddf
:020000040000fa
:020000040004f6
:10d5700013b50446fcf704f918b14ff0ff3002b0c0
:10d5800010bd636c01220df1070120469847012868
:08d59000f3d19df80700f2e75a
:020000040000fa
:020000040004f6
:10d5980068b1074b82689a4210b5044606d1d0e9b3
:10d5a8000330db69984700232370638010bd704700
:04d5b800c4cc0020bf
:020000040000fa
:020000040004f6
:10d5bc00064b984208d190f824302bb1828f044b43
:10d5cc00243053f822301847704700bfc4cc0020d9
:04d5dc001ce3040048
:020000040000fa
:020000040004f6
:10d5e00010b50446f8f7befd00b910bda38e6384e4
:10d5f00004212046f4f7d2fa0028f6d00723c4f815
:04d600001a3010bd0f
:020000040000fa
:020000040004f6
:10d6040010b50446f8f7acfd00b910bda38e238411
:10d6140005212046f4f7c0fa0028f6d00623c4f802
:04d624001a3010bdeb
:020000040000fa
:020000040004f6
:10d6280010b50446f8f79afd00b910bda38ee3843f
:10d6380006212046f4f7aefa0028f6d00523c4f8f0
:04d648001a3010bdc7
:020000040000fa
:020000040004f6
:10d64c0010b50446f8f788fd00b910bda38ea3846d
:10d65c000a212046f4f79cfa0028f6d00423c4f8db
:04d66c001a3010bda3
:020000040000fa
:020000040004f6
:10d67000cb0700d47047d0f8a03010b5b3f9120032
:10d6800014461ab1fcf752fa207010bdbde81040e4
:04d69000fcf74cba9d
:020000040000fa
:020000040004f6
:10d6940010b584b001939df818300093dde9073488
:10d6a400cde9023413460a460321e7f755f804b0de
:04d6b40010bd00bfe6
:020000040000fa
:020000040004f6
:10d6b800c90501f078619204194302f4f802114394
:10d6c80041f0a04141f40031416383685b07fcd518
:04d6d800704700bfd8
:020000040000fa
:020000040004f6
:10d6dc00e1bf040021b80300e1e304008d2e030038
:10d6ec000dff0400e169040099fb040015ff040020
:04d6fc0045ea0400f7
:020000040000fa
:020000040004f6
:10d70000c16802680023436251b110b484681846ae
:10d7100001338b4210802244fad15df8044b7047ec
:04d72000704700bf8f
:020000040000fa
:020000040004f6
:10d72400074b03f128011a880ab1904204d004334c
:10d734008b42f8d100207047588800f001007047f0
:04d7440008d70020e2
:020000040000fa
:020000040004f6
:10d74800074b03f128011a880ab1904204d0043328
:10d758008b42f8d1002070475888c0f340007047ca
:04d7680008d70020be
:020000040000fa
:020000040004f6
:10d76c00064b03eb0013188920ea01021a81cb0542
:10d77c0003d5034a1368013b13607047e8b30020dc
:04d78c005cd4002049
:020000040000fa
:020000040004f6
:10d7900038b505460c4601e0e36898472846faf795
:10d7a00035fa014620460029f6d12846bde8384022
:04d7b000faf798be2e
:020000040000fa
:020000040004f6
:10d7b400074b1b68984204d120b1d0f864328b42e5
:10d7c40001d0002070470023c0f864320120704764
:04d7d400a8d40020b5
:020000040000fa
:020000040004f6
:10d7d80038b5074b00681b6840681b6d0d4614463a
:10d7e800984718b1002c14bf2046284638bd00bf02
:04d7f800c8d4002071
:020000040000fa
:020000040004f6
:10d7fc0010b50468206802f04ffc002807dc044bcd
:10d80c0060681b68db6c9847003818bf012010bd9e
:04d81c00c8d400204c
:020000040000fa
:020000040004f6
:10d82000064a074b002119805061138803f030032a
:10d8300013b94af20353938001207047004000411e
:04d84000f8d50020f7
:020000040000fa
:020000040004f6
:10d8440010b4064a064c03464af2015100202080d7
:10d85400012053615df8044b918070470040004102
:04d86400f8d50020d3
:020000040000fa
:020000040004f6
:10d86800064a0749088a138803439bb21380138822
:10d878009bb20b82108880b2704700bff8d5002099
:04d88800004000411b
:020000040000fa
:020000040004f6
:10d88c00074a537943f08003537113695b07fcd447
:10d89c00034a53791f2bfcd8908a80b2704700bf83
:04d8ac000038004000
:020000040000fa
:020000040004f6
:10d8b00082690346203082420ad91868096810b488
:10d8c00004685868013a9a6123465df8044b18478a
:04d8d000704700bfde
:020000040000fa
:020000040004f6
:10d8d4008c3c0000f5eb0400943c0000a43c0000e8
:10d8e400f9730400a83c0000c43c00006128030054
:04d8f400cc3c000028
:020000040000fa
:020000040004f6
:10d8f800064b0748022210b44c681a700989046064
:10d90800598000205df8044b704700bfe0d4002028
:04d91800dcd400203b
:020000040000fa
:020000040004f6
:10d91c00bff34f8f0549064bca6802f4e06213430c
:10d92c00cb60bff34f8f00bffde700bf00ed00e001
:04d93c000400fa05e4
:020000040000fa
:020000040004f6
:10d9400010b5074c236833b1fef750f82268002366
:10d95000fff70cf810bd012000f05afe2060f3e73d
:04d96000e4d40020eb
:020000040000fa
:020000040004f6
:10d9640010b5074c236833b1fef73ef82268002354
:10d97400fef7faff10bd012000f048fe2060f3e737
:04d98400e4d40020c7
:020000040000fa
:020000040004f6
:10d988000000000000080042000001000ce904004b
:10d9980000000000ec980400bcff04000000000038
:04d9a80098d70020ec
:020000040000fa
:020000040004f6
:10d9ac0068b110b50446fef7a7f838b904f58054f1
:10d9bc00d4f85401023018bf0120000210bd6ff0e2
:04d9cc00ac007047f4
:020000040000fa
:020000040004f6
:10d9d0000146006860b1431c042251f82330002046
:10d9e000d9b209b1c3f3c010013a4fea1323f7d1fa
:04d9f000704700bfbd
:020000040000fa
:020000040004f6
:10d9f40070b5002604460d4646604ff40872314661
:10da0400083001f0f9fcab1b18bf0123a5602360ab
:04da1400304670bd6b
:020000040000fa
:020000040004f6
:10da180060b108b539b1002a05db0123eff77cfcba
:10da280040eae07008bd6ff0ac0008bd6ff0ac00d4
:04da3800704700bf74
:020000040000fa
:020000040004f6
:10da3c0060b108b539b1002a05db0023eff76afca9
:10da4c0040eae07008bd6ff0ac0008bd6ff0ac00b0
:04da5c00704700bf50
:020000040000fa
:020000040004f6
:10da600048b190f8343203f06003202b04d003b99e
:10da700021b900f5b67070470029fad100f5a670fb
:04da8000704700bf2c
:020000040000fa
:020000040004f6
:10da840010b40548054c064a2170036001235df873
:10da9400044b1370704700bf68d500201bd60020cc
:04daa4001cd600206c
:020000040000fa
:020000040004f6
:10daa8000548064a10b4064c0360012321705df84e
:10dab800044b1370704700bf58d500201cd60020b7
:04dac8001bd6002049
:020000040000fa
:020000040004f6
:10dacc00885d000041e40300fc8800002c5e00002f
:10dadc00716503003c8900009489000061700300ab
:04daec00a08900000d
:020000040000fa
:020000040004f6
:10daf00070b50c460546164601f048f9a04200d321
:10db000070bd211a024a3346284400f0b3fe70bdae
:04db10007010000091
:020000040000fa
:020000040004f6
:10db1400054b064a1968914204d0026804495268c8
:10db240040681047f1f782be00000047544c464855
:04db3400e09d000070
:020000040000fa
:020000040004f6
:10db38000168064b406810b44c68054900221a6019
:10db48001a7123465df8044b184700bf00000047d0
:04db5800209e00000b
:020000040000fa
:020000040004f6
:10db5c000b0d40f21e42d21a09dbcb0243ea5050a5
:10db6c0040f00040202a28bf2022d04070474900b6
:04db7c00804170472d
:020000040000fa
:020000040004f6
:10db8000c9b262b10346024401e0934205d018468f
:10db900013f801cb8c45f8d1704700207047104630
:04dba000fae700bfe1
:020000040000fa
:020000040004f6
:10dba400465f4452565f5048595f534d4954726121
:10dbb4006e7366657257616974436f6d706c6574da
:02dbc4006500fa
:020000040000fa
:020000040004f6
:10dbc800060000000000000000000a00000000003d
:10dbd800000000000000000000000000000000003d
:02dbe800090032
:020000040000fa
:020000040004f6
:10dbea00f0b500244f1ea24209d0651c035d7e5d7c
:10dbfa00b34202d00a5d981af0bd2c46f3e7002022
:02dc0a00fae737
:020000040000fa
:020000040004f6
:10dc0c0040b1064b82689a4204d109b1c36b0b60d8
:10dc1c00002070476ff00d00704700bfc4cc00208f
:020000040000fa
:020000040004f6
:10dc2c0040b1064983688b4204d10ab15b8813600a
:10dc3c00002070476ff00d00704700bfc4cc00206f
:020000040000fa
:020000040004f6
:10dc4c00c5ef0400c12a04001db504004dd6040024
:10dc5c0029d6040005d60400e1d50400318a03005e
:020000040000fa
:020000040004f6
:10dc6c000648037ed90705d59a0703d443f002036f
:10dc7c00037670474ff0ff30704700bf2cd6002062
:020000040000fa
:020000040004f6
:10dc8c00d0f8ac301a6842f008021a601a6842f0f8
:10dc9c0004021a601a6842f080021a60704700bfd2
:020000040000fa
:020000040004f6
:10dcac000346006858b15a6882429a6814bf0168ea
:10dcbc00002102f1ff3208bf596019609a60704769
:020000040000fa
:020000040004f6
:10dccc00436800220a602bb11960836841600133fc
:10dcdc008360704783680133c0e90011836070472b
:020000040000fa
:020000040004f6
:10dcec00006800ba80ea104080ea102080ea101028
:10dcfc0080ea900080ea5000c04300f001007047b9
:020000040000fa
:020000040004f6
:10dd0c0000f5805383f8c71111b193f8c82102b103
:10dd1c00704793f8c631002bfad10121d1f7d8b84e
:020000040000fa
:020000040004f6
:10dd2c0010b584b01c46069b039300230092cde9ea
:10dd3c0001340a460221e6f70bfd04b010bd00bf0a
:020000040000fa
:020000040004f6
:10dd4c0010b584b0069c0093079b03930023cde988
:10dd5c00013413460a460121e6f7fafc04b010bd63
:020000040000fa
:020000040004f6
:10dd6c00019a0648824207d121b1c3f3c03382f82d
:10dd7c000b31704782f80b11704700bfa0c5002013
:020000040000fa
:020000040004f6
:10dd8c00034650b190f90600022806d15b8813f0c7
:10dd9c00010f08bf4ff0ff3070474ff0ff30704756
:020000040000fa
:020000040004f6
:10ddac00c905920401f0786102f4f802114341f0c4
:10ddbc00c04141f40031416383685b07fcd5704777
:020000040000fa
:020000040004f6
:10ddcc0038b5054608460c4600f0daff01462046f9
:10dddc00fef7b6fbeb68b0fbf3f202fb130038bda9
:020000040000fa
:020000040004f6
:10ddec00012a134607d0022b0a464ff0010308bf45
:10ddfc000021ebf783bf00220123ebf77fbf00bfad
:020000040000fa
:020000040004f6
:10de0c000346006858b15a6882429a6814bf016888
:10de1c00002102f1ff3208bf596019609a60704707
:020000040000fa
:020000040004f6
:10de2c0038b5002304460125c0e90033836002f0b5
:10de3c00aff9257302f0aef96573284638bd00bf03
:020000040000fa
:020000040004f6
:10de4c0038b5457b0db9284638bd044602f0a0f91b
:10de5c00237b0133237302f09df9284638bd00bfa4
:020000040000fa
:020000040004f6
:10de6c00000000000000000001000000e80b0000b2
:10de7c000200000060330000030000001c260000bc
:020000040000fa
:020000040004f6
:10de8c0000b1704700b583b08c460093034913462c
:10de9c006246f7f769fb03b05df804fb60340000e1
:020000040000fa
:020000040004f6
:10deac00024650b190f8423013f0400301d11846ad
:10debc007047024b01201a60704770477cd40020d9
:020000040000fa
:020000040004f6
:10decc0028b190f8423013f0400301d11846704746
:10dedc000b68c3638b88a0f840300120704700bfeb
:020000040000fa
:020000040004f6
:10deec0028b190f8423013f0400301d11846704726
:10defc0090f8743013f0010f08bf0020704700bf7a
:020000040000fa
:020000040004f6
:10df0c000346084623b193f8421011f0400101d1a9
:10df1c0000207047196e0029fad1c3e91802704726
:020000040000fa
:020000040004f6
:10df2c00064a1368002b02dd817d022900d0704760
:10df3c00013b1360002bfad1f7f7e0baacd4002008
:020000040000fa
:020000040004f6
:10df4c00064b1b68984207d138b1d0f864321bb924
:10df5c00c0f864120846704700207047a8d400200f
:020000040000fa
:020000040004f6
:10df6c0000b500b283b0431c8df8071004d0012219
:10df7c000df10701f7f7b4fe03b05df804fb00bf29
:020000040000fa
:020000040004f6
:10df8c00064a1368002b02dd817d022900d0704700
:10df9c00013b1360002bfad1f8f7d2babcd40020a5
:020000040000fa
:020000040004f6
:10dfac00064b1b7833b929b10b78012b02d80846e4
:10dfbc00e1f776b94ff0ff30704700bfc4b80020ce
:020000040000fa
:020000040004f6
:10dfcc00d0e906239a420ad2036809681b6810b587
:10dfdc00044640689847a3690133a36110bd70479c
:020000040000fa
:020000040004f6
:10dfec0000b5064b83b0588801220df10701fff7ed
:10dffc0065f99df8070003b05df804fbd4d400204c
:020000040000fa
:020000040004f6
:10e00c0010b508460c4600f0bbfe044b02462146f8
:10e01c005888bde81040fff765b900bfd4d4002084
:020000040000fa
:020000040004f6
:10e02c0040b9064b93f9002022b15a6812b1d2685c
:10e03c00986810474ff0ff30704700bfe0d20020c7
:020000040000fa
:020000040004f6
:10e04c0040b9064b93f9002022b15a6812b1d2693b
:10e05c00986810474ff0ff30704700bfe0d20020a7
:020000040000fa
:020000040004f6
:10e06c0070b505460c46164601f004fb344320f40b
:10e07c00406121432846bde87040fff7a7b800bfb8
:020000040000fa
:020000040004f6
:10e08c0001b970470028fcdb044a4109012300f068
:10e09c001f00834042f82130704700bf00e100e0d0
:020000040000fa
:020000040004f6
:10e0ac0010b49df8044004b922b101945df8044bfe
:10e0bc00edf796b84ff0ff305df8044b704700bf9a
:020000040000fa
:020000040004f6
:10e0cc0030b4054c154684462560044830bc012309
:10e0dc006246faf77fbe00bfe8d4002071fc040052
:020000040000fa
:020000040004f6
:10e0ec00c47d04006c7d0400147d0400bc7c040021
:10e0fc0080c10400000000000000000000000000cf
:020000040000fa
:020000040004f6
:10e10c002c010100110008000006100002040000a0
:10e11c0002000000b8d70020000000000000000042
:020000040000fa
:020000040004f6
:10e12c0058b1f02a09d810b582b001240194049c8e
:10e13c000094d5f78bfc02b010bd6ff0ac007047ab
:020000040000fa
:020000040004f6
:10e14c0080000000400000002000000010000000d3
:10e15c0008000000040000000200000001000000a4
:020000040000fa
:020000040004f6
:10e16c00e62b8a8ee8f141b6980566e3bfe3c04919
:10e17c0003dad4ac2cdf9f2280010a6739bc83d32d
:020000040000fa
:020000040004f6
:10e18c0058b108b531b1002a04dbdef73bfe40ea9a
:10e19c00e07008bd6ff0ac0008bd6ff0ac007047cc
:020000040000fa
:020000040004f6
:10e1ac0038b505680446e2f74ffc2046fcf7dafd6b
:10e1bc0025b12846bde83840f9f78abf38bd00bf05
:020000040000fa
:020000040004f6
:10e1cc00d07d0000f87d0000287e0000587e000005
:10e1dc00887e0000b87e0000e87e0000187f0000fa
:020000040000fa
:020000040004f6
:10e1ec007c9b0000849b0000909b00009c9b00008b
:10e1fc00a89b0000b09b0000bc9b0000c89b0000cb
:020000040000fa
:020000040004f6
:10e20c0038b555ec124b53ec112b51ec100be5f7c8
:10e21c006ffd22462b46dbf7e3fb41ec100b38bdc0
:020000040000fa
:020000040004f6
:10e22c0010b5054c23680bb9fef782fb034b18683d
:10e23c002368c01a10bd00bff8d20020fcd2002009
:020000040000fa
:020000040004f6
:10e24c0054435049505f4d41435f42726964676566
:0fe25c005f50726f636573735061636b6574001d
:020000040000fa
:020000040004f6
:10e26b00286e696c29002500494e4600696e6600d0
:0fe27b004e414e006e616e00286e756c6c29006e
:020000040000fa
:020000040004f6
:10e28a0010b50023934206d113f0030018bf0120f2
:0ee29a0000eb930010bdc45ccc540133f2e7de
:020000040000fa
:020000040004f6
:10e2a800465f4d41435f4272696467655f53746faf
:0de2b8007265506b744677644463707400a7
:020000040000fa
:020000040004f6
:10e2c80030b1054b82689a4202d190f9020070473a
:0ce2d8004ff0ff30704700bfc4cc0020a6
:020000040000fa
:020000040004f6
:10e2e40030b1054b82689a4202d190f91e00704702
:0ce2f4006ff00d00704700bfc4cc00208c
:020000040000fa
:020000040004f6
:10e3000030b1054b82689a4202d1c1630020704748
:0ce310006ff00d00704700bfc4cc00206f
:020000040000fa
:020000040004f6
:10e31c006d420100e5b4040095b304003db4040063
:0ce32c0005b40400cdb30400adb404003f
:020000040000fa
:020000040004f6
:10e33800054b984205d1037edb0702d590f91400fe
:0ce3480070474ff0ff3070472cd60020cb
:020000040000fa
:020000040004f6
:10e3540010b584b09df818400094079c01940224e1
:0ce364000294e3f717fe04b010bd00bfe8
:020000040000fa
:020000040004f6
:10e3700010b584b09df818400094079c01940524c2
:0ce380000294e3f709fe04b010bd00bfda
:020000040000fa
:020000040004f6
:10e38c000b4610b5042104461846fef7d9f8e3688d
:0ce39c00b0fbf3f202fb130010bd00bf49
:020000040000fa
:020000040004f6
:10e3a800054b5b6c834201d0fdf704ba1a6a22f070
:0ce3b80008021a62704700bf30ce00203f
:020000040000fa
:020000040004f6
:10e3c40028b190f8423013f0400301d11846704749
:0ce3d400b0f86e00143880b2704700bf33
:020000040000fa
:020000040004f6
:10e3e00038b502fb01f52946edf71afa044618b1d3
:0ce3f0002a46002101f002f8204638bd4a
:020000040000fa
:020000040004f6
:10e3fc00044b834206bf044b93f900004ff0ff30ef
:0ce40c00704700bfecd10020edd50020cf
:020000040000fa
:020000040004f6
:10e41800044b1b88834283bf034b1b6803ebc0106c
:0ce4280000207047ecd1002080d40020c0
:020000040000fa
:020000040004f6
:10e4340028b190f8423013f0400301d118467047d8
:0ce44400d0e9010360ea0300704700bf4c
:020000040000fa
:020000040004f6
:10e4500028b190f8423013f0400301d118467047bc
:0ce4600090f8740000f00100704700bf4d
:020000040000fa
:020000040004f6
:10e46c00044b834204d1044b1b680bb1edf758be2f
:0ce47c00704700bfecd1002080d40020cd
:020000040000fa
:020000040004f6
:10e4880038b50446084621461546f4f741f820b148
:0ce49800eb68214628469847012038bd5b
:020000040000fa
:020000040004f6
:10e4a4000b4610b5062104461846fef74df8e368fe
:0ce4b400b0fbf3f202fb130010bd00bf30
:020000040000fa
:020000040004f6
:10e4c000465f4d41435f4272696467655f5365749f
:0ce4d000486f7374456e747269657300c8
:020000040000fa
:020000040004f6
:10e4dc00465f4d41435f427269646765486173688a
:0ce4ec00456e74727944656c65746500bf
:020000040000fa
:020000040004f6
:10e4f800044b1a681ab9044a186011607047002062
:0ce50800704700bfb4d40020b0d4002045
:020000040000fa
:020000040004f6
:10e514000548006810b592b2446c5868a0470028ba
:0ce5240008bf6ff0010010bdc8d400203b
:020000040000fa
:020000040004f6
:10e530000548006810b592b2846c5868a04700285e
:0ce5400008bf6ff0010010bdc8d400201f
:020000040000fa
:020000040004f6
:10e54c0010b5054c206818b101f0a2fd0023236022
:0ce55c00f1f742fb012010bdccd40020e0
:020000040000fa
:020000040004f6
:10e56800054a936823f001039360d368db07fcd462
:0ce5780001231362704700bf00600041e7
:020000040000fa
:020000040004f6
:10e58400054a106bd36a916a8b4284bf126b891857
:0ce59400cb1a0138c01a704748cf002095
:020000040000fa
:020000040004f6
:10e5a000054a10699168d36899423cbf126989187d
:0ce5b000cb1a0138c01a704748cf002079
:020000040000fa
:020000040004f6
:10e5bc00d0f8d430d0f8cc2023b11968914204d0d3
:0ce5cc00f2f77abb1146f2f777bb7047fc
:020000040000fa
:020000040004f6
:10e5d80038b504460d4601f04ff820f4407045ea7e
:0ce5e80000012046bde83840fef7f2bdff
:020000040000fa
:020000040004f6
:10e5f40008b5054a4ff47a71d2680023a0fb0101e3
:0ce60400fef7b2f908bd00bf88cf00206f
:020000040000fa
:020000040004f6
:10e6100008b5054bd9684ff47a720023a0fb0101bd
:0ce62000fef7a4f908bd00bf88cf002061
:020000040000fa
:020000040004f6
:10e62c0035fc0400adeb0400c5eb040085ff0400d1
:0ce63c00d1f60400e1f604008dd80400c3
:020000040000fa
:020000040004f6
:10e64800054b6ff001021a60da609a615a621a6328
:0ce65800da639a645a65704730cd0020e8
:020000040000fa
:020000040004f6
:10e6640050b108b50021c0e900114ff40872083018
:0ce6740000f0c2fe002008bd002070472e
:020000040000fa
:020000040004f6
:10e680000021c0e9001100f1080300f50a701a46e4
:0ce69000013383421170fad1704700bfc3
:020000040000fa
:020000040004f6
:10e69c000246006848b1411c431e580152f8213013
:0ce6ac001bb1b3fa83f3c01a2030704792
:020000040000fa
:020000040004f6
:10e6b80010b5054c236823b123680133002023607b
:0ce6c80010bdfff7bdfff7e7f4d4002001
:020000040000fa
:020000040004f6
:10e6d400054b1a68013a1a601a68002abcbf002266
:0ce6e4001a601b6800207047f4d400206e
:020000040000fa
:020000040004f6
:10e6f00000b583b000236ff00102009219461a465c
:0ce70000e0f760ff03b05df804fb00bf11
:020000040000fa
:020000040004f6
:10e70c0090f83831032b01d00020704790f8390174
:0ce71c00022894bf00200120704700bfbd
:020000040000fa
:020000040004f6
:10e7280010b50346c9b202449a4201d1002004e060
:0ce73800013a104614788c42f6d110bd56
:020000040000fa
:020000040004f6
:10e7440038b501fb00f52846f8f7f2ff044618b186
:0ce754002a46002100f050fe204638bd8f
:020000040000fa
:020000040004f6
:10e76000a0f13003092b07d940f0200061380528bb
:0ce770008cbf0020012070470120704782
:020000040000fa
:020000040004f6
:10e77c0013b50446019201aad4f73efe636813f068
:0ce78c00100f18bf4ff0ff3002b010bd9e
:020000040000fa
:020000040004f6
:10e7980013b50446019201aad1f7c2f9636813f0d0
:0ce7a800100f18bf4ff0ff3002b010bd82
:020000040000fa
:020000040004f6
:10e7b40050b140f21d42b0fa80f1521a8840c30aa7
:0ce7c400400503eb025170470100704754
:020000040000fa
:020000040004f6
:10e7d000465f4452565f5048595f534d49547261e9
:0be7e0006e7366657253746172740002
:020000040000fa
:020000040004f6
:10e7ec00465f4d41435f4272696467655f4765747c
:0be7fc00506b74467764446370740037
:020000040000fa
:020000040004f6
:10e80800465f4d41435f4272696467655f466f7258
:0be81800776172645061636b657400ef
:020000040000fa
:020000040004f6
:10e8240054435049505f495056345f446973706192
:0ae834007463685061636b65740043
:020000040000fa
:020000040004f6
:10e8400054435049505f495056345f5061636b6583
:0ae8500074466f726d617454780015
:020000040000fa
:020000040004f6
:10e85a000eb403b503aa52f8041b0192fef751f84d
:0ae86a0002b05df804eb03b0704744
:020000040000fa
:020000040004f6
:10e874000cb407b504ab53f8042b0193f8f7fefc72
:0ae8840003b05df804eb02b070472a
:020000040000fa
:020000040004f6
:10e88e000eb403b503aa52f8041b019201f05bfa11
:0ae89e0002b05df804eb03b0704710
:020000040000fa
:020000040004f6
:10e8a800465f4452565f4d49494d5f52656c6561fc
:09e8b80073654f70446370740035
:020000040000fa
:020000040004f6
:10e8c40010b501210446f3f767f910b1014bc4f800
:08e8d4001a3010bd0400090018
:020000040000fa
:020000040004f6
:10e8dc0010b509210446f3f75bf910b1014bc4f8ec
:08e8ec001a3010bd0400070002
:020000040000fa
:020000040004f6
:10e8f40089ef04005d980400d14c040041730400c6
:08e904000d030400251c0400b2
:020000040000fa
:020000040004f6
:10e90c0051f50400cdae0300a5fe0400000000008c
:08e91c000000000000000000f3
:020000040000fa
:020000040004f6
:10e92400044b984205d1037eda0744bf23f0020367
:08e93400037670472cd6002089
:020000040000fa
:020000040004f6
:10e93c00044a904202d1037edb0700d47047def715
:08e94c0079b900bf2cd60020b0
:020000040000fa
:020000040004f6
:10e95400d0f8ac301a6822f008021a601a6822f063
:08e9640004021a605b6a7047af
:020000040000fa
:020000040004f6
:10e96c0031b103682bb10b608368016001338360a4
:08e97c0070474160f8e700bf9d
:020000040000fa
:020000040004f6
:10e98400cb0707d532b1d0f8a0301178b3f9120013
:08e99400fff77abb704700bfda
:020000040000fa
:020000040004f6
:10e99c00d0f8ac301a6819b142f008021a6070470e
:08e9ac0022f008021a60704716
:020000040000fa
:020000040004f6
:10e9b40010b584b001240093069bcde901340023f3
:08e9c400e3f7e8fa04b010bd0e
:020000040000fa
:020000040004f6
:10e9cc0010b584b003240093069bcde901340023d9
:08e9dc00e3f7dcfa04b010bd02
:020000040000fa
:020000040004f6
:10e9e40010b584b004240093069bcde901340023c0
:08e9f400e3f7d0fa04b010bdf6
:020000040000fa
:020000040004f6
:10e9fc00465f4452565f4d49494d5f4f704c6973a9
:08ea0c007452656d6f76650020
:020000040000fa
:020000040004f6
:10ea140028b104498a6812b12031fff733bd0020c0
:08ea2400704700bf30ce002056
:020000040000fa
:020000040004f6
:10ea2c0054435049505f495056345f4172704c69a1
:08ea3c007374507572676500e8
:020000040000fa
:020000040004f6
:10ea4400034628b1002290f9380083f83820704733
:08ea54006ff00800704700bfdd
:020000040000fa
:020000040004f6
:10ea5c0054435049505f444e535f436c69656e7428
:08ea6c0050726f6365737300c3
:020000040000fa
:020000040004f6
:10ea7400436800220a602bb1196083684160013346
:08ea8400836070470160f8e7b0
:020000040000fa
:020000040004f6
:10ea8c0028b190f8423013f0400301d1184670477a
:08ea9c000b68c3600120704704
:020000040000fa
:020000040004f6
:10eaa40028b190f8423013f0400301d11846704762
:08eab4000b68036101207047ab
:020000040000fa
:020000040004f6
:10eabc0028b190f8423013f0400301d1184670474a
:08eacc000b6843610120704753
:020000040000fa
:020000040004f6
:10ead400034620b190f8420010f0400000d1704786
:08eae40093f87500704700bfb4
:020000040000fa
:020000040004f6
:10eaec0040b1006930b100238289006813440028ca
:08eafc00fad198b2704700bf87
:020000040000fa
:020000040004f6
:10eb0400044b1b68984203d118b190f91b0070475d
:08eb140000207047a8d4002086
:020000040000fa
:020000040004f6
:10eb1c00044b1b68984203d118b10368d86870473e
:08eb2c0000207047a8d400206e
:020000040000fa
:020000040004f6
:10eb3400465f4d41435f4272696467655f5061633c
:08eb44006b6574436f707900ea
:020000040000fa
:020000040004f6
:10eb4c00465f4d41435f4272696467655f47657418
:08eb5c00467764446370740005
:020000040000fa
:020000040004f6
:10eb640008b531b103681868fef754ff20eae07075
:08eb740008bd084608bd00bf02
:020000040000fa
:020000040004f6
:10eb7c00044bd86a9a6a904285bf1b6b9b18101a7b
:08eb8c00181a704748cf002061
:020000040000fa
:020000040004f6
:10eb9400044a9368d06883423cbf12699b18181ad0
:08eba400704700bf48cf0020bc
:020000040000fa
:020000040004f6
:10ebac00044a136843f00203136013699b07fcd4f7
:08ebbc00704700bf0038004063
:020000040000fa
:020000040004f6
:10ebc400044a136823f00203136013699b07fcd4ff
:08ebd400704700bf003800404b
:020000040000fa
:020000040004f6
:10ebdc00d0f8d42032b15168d0f8d0308b4201d06b
:08ebec00f2f76ab8704700bfa0
:020000040000fa
:020000040004f6
:10ebf40008b5d0e9003003491b689847bde80840d0
:08ec0400fef78abe4c3b000044
:020000040000fa
:020000040004f6
:10ec0c00212604007deb040085e504004d890300fa
:08ec1c0095eb0400a1e50400e2
:020000040000fa
:020000040004f6
:10ec2400000000002e0000002f0000003000000053
:08ec34001f0000002000000099
:020000040000fa
:020000040004f6
:10ec3c000138c0b210289abf024b53f820006ff075
:08ec4c00ac007047d8a30400de
:020000040000fa
:020000040004f6
:10ec540048b103688b4205dd002903db023150f81b
:08ec64002100704700207047f9
:020000040000fa
:020000040004f6
:10ec6c0030b10023c0e94d23c0f8a81118467047f5
:08ec7c006ff0ac00704700bf0f
:020000040000fa
:020000040004f6
:10ec840048b100f5c473002100f5d4701a4601336d
:08ec940083421170fad17047b0
:020000040000fa
:020000040004f6
:10ec9c0030b10023c0e96a23c0f8b01118467047a0
:08ecac006ff0ac00704700bfdf
:020000040000fa
:020000040004f6
:10ecb40048b100f5c873002100f5d4701a46013339
:08ecc40083421170fad1704780
:020000040000fa
:020000040004f6
:10eccc0000b583b00b461146002200911146e0f7c7
:08ecdc0073fc03b05df804fbba
:020000040000fa
:020000040004f6
:10ece40038b190f84032102b03d14ff4804100f03a
:08ecf4003dbd6ff0ac0070475c
:020000040000fa
:020000040004f6
:10ecfc0008b5d0e9003003495b689847bde8084087
:08ed0c0001f096ba4851000025
:020000040000fa
:020000040004f6
:10ed140010b5044ce068c6f721ff206abde8104036
:08ed2400edf7beba80d000201b
:020000040000fa
:020000040004f6
:10ed2c00081000001c7d0000407d0000647d000088
:08ed3c00887d0000ac7d0000a1
:020000040000fa
:020000040004f6
:10ed4400708b000005a902007c8b0000c88b0000ba
:08ed540031d40400d48b00004f
:020000040000fa
:020000040004f6
:10ed5c00044b4ff4001210b1c3f814217047c3f8e0
:08ed6c001821704700800041ee
:020000040000fa
:020000040004f6
:10ed74004ab1431e84460a4411f8010b03f8010ffb
:08ed84009142f9d1604670478d
:020000040000fa
:020000040004f6
:10ed8c0003783bb1034600bf13f8012f002afbd1d7
:08ed9c00181a70471846704771
:020000040000fa
:020000040004f6
:10eda40038b504460d46fff7efff2946421c2046be
:08edb400bde83840fff7b6bcd2
:020000040000fa
:020000040004f6
:10edbc00044a136823b91060036101600120704795
:08edcc0000207047d0d50020a3
:020000040000fa
:020000040004f6
:10edd400034b044a1868504301301860400c7047d4
:08ede400d8d500202d7f954ccd
:020000040000fa
:020000040004f6
:10edec00d0e90f2310b59c1a0165446511b18c4212
:08edfc00c8bf5318c36410bd29
:020000040000fa
:020000040004f6
:10ee040010b4c46a1cb123465df8044b184700686b
:08ee14005df8044b01f0b8b8f1
:020000040000fa
:020000040004f6
:10ee1c00465f444e53436f6d706c65746548617307
:07ee2c0068456e7472790065
:020000040000fa
:020000040004f6
:10ee3400465f4d41435f4272696467655f4765742d
:07ee4400467764506b740077
:020000040000fa
:020000040004f6
:10ee4c004d49494d5f50726f636573735f577269bb
:06ee5c00746545787400a6
:020000040000fa
:020000040004f6
:10ee640054435049505f495056345f417270486171
:06ee74006e646c65720083
:020000040000fa
:020000040004f6
:10ee7c00465f444e535f436c65616e4361636865e6
:06ee8c00456e747279006e
:020000040000fa
:020000040004f6
:10ee920010b50023c25ccc5ca24202d10133002a2d
:06eea200f8d1101b10bda9
:020000040000fa
:020000040004f6
:10eea8000068002808b501da002008bdfaf73efc22
:06eeb800431cfad1f8e74b
:020000040000fa
:020000040004f6
:10eebe0037b54ff0ff344ff0ff35cde90045f9f788
:06eece0056fd03b030bd4b
:020000040000fa
:020000040004f6
:10eed40068076c094c836a9074a07ac000806888c3
:06eee40000846c82008135
:020000040000fa
:020000040004f6
:10eeec00465f4452565f4d49494d5f4765744f70bc
:05eefc00446370740086
:020000040000fa
:020000040004f6
:10ef04004d49494d5f50726f636573735f5265611c
:05ef1400644578740063
:020000040000fa
:020000040004f6
:10ef1c00465f4452565f4d49494d5f50726f636571
:05ef2c0073734f70003b
:020000040000fa
:020000040004f6
:10ef340054435049505f54454c4e45545f50726f92
:05ef440063657373001a
:020000040000fa
:020000040004f6
:10ef4c0020b108b5fbf70efe002008bd6ff0ac0039
:04ef5c00704700bf3b
:020000040000fa
:020000040004f6
:10ef6000034b98420cbf90f904004ff0ff307047fc
:04ef7000c4cc0020ed
:020000040000fa
:020000040004f6
:10ef7400034b984203d1002383800370436170479d
:04ef8400c4cc0020d9
:020000040000fa
:020000040004f6
:10ef880010b500210446f2f705fe10b10123c4f8bc
:04ef98001a3010bd5e
:020000040000fa
:020000040004f6
:10ef9c0010b501210446f2f7fbfd10b10123c4f8b2
:04efac001a3010bd4a
:020000040000fa
:020000040004f6
:10efb00010b501210446f2f7f1fd10b10123c4f8a8
:04efc0001a3010bd36
:020000040000fa
:020000040004f6
:10efc40010b501210446f2f7e7fd10b10123c4f89e
:04efd4001a3010bd22
:020000040000fa
:020000040004f6
:10efd8000161040001a20300412b0400118b03000e
:04efe80075b40400f8
:020000040000fa
:020000040004f6
:10efec00034b984206bfb0f8560080b20020704721
:04effc002cd60020ef
:020000040000fa
:020000040004f6
:10f0000055b50400a1670400ed52040041670400f7
:04f0100025dc0300f8
:020000040000fa
:020000040004f6
:10f01400d0f8bc10002203460a70d3f8c430012093
:04f024001a707047a7
:020000040000fa
:020000040004f6
:10f02800034b186800f001000138c0b2704700bff8
:04f038003cd10020a7
:020000040000fa
:020000040004f6
:10f03c00d0f8ac20536823f0105323f4fc730b432b
:04f04c005360704756
:020000040000fa
:020000040004f6
:10f05000d0f8943001eb011103eb81030022c3f8d7
:04f060003e20704797
:020000040000fa
:020000040004f6
:10f0640011b10121fef750be0148f2f7e9be00bf1d
:04f07400fc08000094
:020000040000fa
:020000040004f6
:10f07800034b994204bf012381f80831704700bf50
:04f08800a0c50020ff
:020000040000fa
:020000040004f6
:10f08c00465f4452565f4d49494d5f4f7052657310
:04f09c00756c74001b
:020000040000fa
:020000040004f6
:10f0a000465f4452565f4d49494d5f5265706f72dd
:04f0b000744f700029
:020000040000fa
:020000040004f6
:10f0b40065470400214e040091620400b5bf0300bb
:04f0c40095e50300cb
:020000040000fa
:020000040004f6
:10f0c8000128134603d10a460146d9f725ba4ff05d
:04f0d800ff3070474e
:020000040000fa
:020000040004f6
:10f0dc00b2f5007f00d07047012211461f20f7f7d0
:04f0ec00f9bd00bfab
:020000040000fa
:020000040004f6
:10f0f000b2f5807f00d07047012211461f20f7f73c
:04f10000efbd00bfa0
:020000040000fa
:020000040004f6
:10f10400b2f5807f00d07047012211460f20f7f737
:04f11400e5bd00bf96
:020000040000fa
:020000040004f6
:10f118000b78da0705d5426a23f00103013a0b7030
:04f128004262704788
:020000040000fa
:020000040004f6
:10f12c00c3688b4283bf8368006803fb0100002027
:04f13c00704700bf59
:020000040000fa
:020000040004f6
:10f1400028b190f8423013f0400301d118467047bf
:04f15000406870475c
:020000040000fa
:020000040004f6
:10f1540028b190f8423013f0400301d118467047ab
:04f16400c0687047c8
:020000040000fa
:020000040004f6
:10f1680028b190f8423013f0400301d11846704797
:04f178000069704773
:020000040000fa
:020000040004f6
:10f17c0028b190f8423013f0400301d11846704783
:04f18c00406970471f
:020000040000fa
:020000040004f6
:10f1900028b190f8423013f0400301d1184670476f
:04f1a00080687047cc
:020000040000fa
:020000040004f6
:10f1a40028b190f8423013f0400301d1184670475b
:04f1b4003c30704734
:020000040000fa
:020000040004f6
:10f1b80028b190f8423013f0400301d11846704747
:04f1c80040687047e4
:020000040000fa
:020000040004f6
:10f1cc0028b190f8423013f0400301d11846704733
:04f1dc003c3070470c
:020000040000fa
:020000040004f6
:10f1e000034b00eb400003eb8000fef70fbe00bfb7
:04f1f0003ccb0020f4
:020000040000fa
:020000040004f6
:10f1f400034b1a7b82420cbf98680020704700bf03
:04f20400ecd1002029
:020000040000fa
:020000040004f6
:10f208002c38000030380000343800003c3800004a
:04f21800403800007a
:020000040000fa
:020000040004f6
:10f21c00034b1a68136e01331366e1f791b800bf04
:04f22c00a8d4002042
:020000040000fa
:020000040004f6
:10f2300000b2421c01d10020704708b5f8f7aef8c3
:04f2400008bd00bf46
:020000040000fa
:020000040004f6
:10f24400b2f5007f00d07047012211461820f7f76d
:04f2540045bd00bff5
:020000040000fa
:020000040004f6
:10f258002d37040061cc04006ddf040031f2040096
:04f268007dff030023
:020000040000fa
:020000040004f6
:10f26c00eff3108072b6bff35f8fb0fa80f04009f5
:04f27c00704700bf18
:020000040000fa
:020000040004f6
:10f2800018b1bff35f8f62b6704772b6bff35f8f7e
:04f29000704700bf04
:020000040000fa
:020000040004f6
:10f29400034a13889bb223f030031843108070474d
:04f2a40000400041e5
:020000040000fa
:020000040004f6
:10f2a800034b187e80f00200c0f34000704700bf97
:04f2b80000300040e2
:020000040000fa
:020000040004f6
:10f2bc000de00400c12d0400e5cc040041fc040069
:04f2cc00eddf04006e
:020000040000fa
:020000040004f6
:10f2d00028b9034b0968196040f201129a807047ff
:04f2e00028d300200f
:020000040000fa
:020000040004f6
:10f2e400010000000500000000000000050001000e
:04f2f4000100000015
:020000040000fa
:020000040004f6
:10f2f80038b10021c0e900114ff40872083000f05d
:04f3080079b8704719
:020000040000fa
:020000040004f6
:10f30c0090f8343213f0600f01d1d6f743bd4ff0b3
:04f31c00ff30704707
:020000040000fa
:020000040004f6
:10f3200010b5002482b0cde90044eff7c5fd02b06e
:04f3300010bd00bf4d
:020000040000fa
:020000040004f6
:10f3340082b00123adf80410bdf80420028043809c
:04f3440002b070475c
:020000040000fa
:020000040004f6
:10f348000248034b017001221a7070471bd6002037
:04f358001cd600209f
:020000040000fa
:020000040004f6
:10f35c00607c0000747c0000a47c0000c07c000079
:04f36c00f07c000031
:020000040000fa
:020000040004f6
:10f370001ef0040f0cbfeff30880eff30980dcf7f9
:04f38000cbbd00bf42
:020000040000fa
:020000040004f6
:10f384001ef0040f0cbfeff30880eff30980dcf7e5
:04f39400c1bd00bf38
:020000040000fa
:020000040004f6
:10f398001ef0040f0cbfeff30880eff30980dcf7d1
:04f3a800b7bd00bf2e
:020000040000fa
:020000040004f6
:10f3ac001ef0040f0cbfeff30880eff30980dcf7bd
:04f3bc00adbd00bf24
:020000040000fa
:020000040004f6
:10f3c00002680b689a428cbf0120002060f10000a7
:04f3d000704700bfc3
:020000040000fa
:020000040004f6
:10f3d400034b4ff40012c3f81821c3f808217047f7
:04f3e4000080004164
:020000040000fa
:020000040004f6
:10f3e800d7f404008be20400410205004102050045
:04f3f80041020500c9
:020000040000fa
:020000040004f6
:10f3fc0032b1c9b20244034603f8011b9a42fbd155
:04f40c00704700bf86
:020000040000fa
:020000040004f6
:10f41000034600bf11f8012b184603f8012b002a00
:04f42000f8d1704768
:020000040000fa
:020000040004f6
:10f4240010b50c46f7f7fafe0378e4b2a34218bf0e
:04f43400002010bde7
:020000040000fa
:020000040004f6
:10f4380037b54ff0ff340025cde90045f9f79afac2
:04f4480003b030bd20
:020000040000fa
:020000040004f6
:10f44c0037b54ff000440025cde90045f9f790faa7
:04f45c0003b030bd0c
:020000040000fa
:020000040004f6
:10f460004d49494d5f50726f636573735f577269a1
:03f47000746500c0
:020000040000fa
:020000040004f6
:10f474005443504950537461636b5061636b6574ba
:03f48400547800b9
:020000040000fa
:020000040004f6
:10f488004d49494d5f50726f636573735f52656193
:02f4980064000e
:020000040000fa
:020000040004f6
:10f49c004d49494d5f50726f636573735f53636180
:02f4ac006e00f0
:020000040000fa
:020000040004f6
:10f4b00046435f5538507472446966663255493127
:02f4c000360014
:020000040000fa
:020000040004f6
:10f4c40046435f43685074724469666632554931f5
:02f4d400360000
:020000040000fa
:020000040004f6
:10f4d6000a440023914201d10020704701f8013b04
:02f4e600f8e745
:020000040000fa
:020000040004f6
:10f4e800465f444e535f56616c6964617465496652
:01f4f8000013
:020000040000fa
:020000040004f6
:10f4fc00465f444e535f53656e645f517565727918
:01f50c0000fe
:020000040000fa
:020000040004f6
:10f5100010b109b1e6f7aabf6ff0ac00704700bfa9
:020000040000fa
:020000040004f6
:10f5200010b109b1eff786b96ff0ac00704700bfba
:020000040000fa
:020000040004f6
:10f5300010b109b1e0f7c6bf6ff0ac00704700bf73
:020000040000fa
:020000040004f6
:10f540004452565f4554485048595f4f70656e00ad
:020000040000fa
:020000040004f6
:10f5500012f0010f0cbf6ff006000020704700bfd3
:020000040000fa
:020000040004f6
:10f5600020b100f5805090f8c1017047ff2070472e
:020000040000fa
:020000040004f6
:10f5700001b1704701481146f2f764bc5808000019
:020000040000fa
:020000040004f6
:10f5800003099f288cbf03f1570003f13000704737
:020000040000fa
:020000040004f6
:10f5900000f00f0009288cbf57303030704700bf93
:020000040000fa
:020000040004f6
:10f5a00000000000bc240000c8240000d02400009b
:020000040000fa
:020000040004f6
:10f5b00010b10378012b01d000207047eaf73abb65
:020000040000fa
:020000040004f6
:10f5c00010b582b001240094ebf748fd02b010bde5
:020000040000fa
:020000040004f6
:10f5d00010b582b002240094ebf740fd02b010bddc
:020000040000fa
:020000040004f6
:10f5e0008c46114618b91a466046fcf793b8704726
:020000040000fa
:020000040004f6
:10f5f00010b1b0f8680070474ff0ff30704700bf9f
:020000040000fa
:020000040004f6
:10f6000010b1b0f8680070474ff0ff30704700bf8e
:020000040000fa
:020000040004f6
:10f6100020b10023036043608360c360704700bf74
:020000040000fa
:020000040004f6
:10f6200020b1836d984214bf02200120704700bfb3
:020000040000fa
:020000040004f6
:10f6300006080200000001000008030000000000ae
:020000040000fa
:020000040004f6
:10f6400010b9024b1868704700207047a8d40020fa
:020000040000fa
:020000040004f6
:10f6500046435f50747244696666325549313600dc
:020000040000fa
:020000040004f6
:10f66000024b1868003818bf01207047ccd4002026
:020000040000fa
:020000040004f6
:10f67000024b03eb00104160826070471cd10020f8
:020000040000fa
:020000040004f6
:10f68000024b03eb0013188880b2704740d1002072
:020000040000fa
:020000040004f6
:10f69000024b40f204521a80704700bf0040004104
:020000040000fa
:020000040004f6
:10f6a00008b50b4611461a46fff764fb012008bd5a
:020000040000fa
:020000040004f6
:10f6b000024b588ac04300f00100704700400041ef
:020000040000fa
:020000040004f6
:10f6c000024b4af217529a80704700bf0040004137
:020000040000fa
:020000040004f6
:10f6d000024a908313695b06fcd4704700380040ef
:020000040000fa
:020000040004f6
:10f6e000024ad08313691b06fcd4704700380040df
:020000040000fa
:020000040004f6
:10f6f00010b9024b187970470320704728d30020b7
:020000040000fa
:020000040004f6
:10f700000a000000000000000000000000000000ef
:020000040000fa
:020000040004f6
:10f7100011f503009dc60400a9f2040029fc0400b1
:020000040000fa
:020000040004f6
:10f72000002202491046f9f721bf00bfd5ff0400af
:020000040000fa
:020000040004f6
:10f7300010b582b000240094ebf720fe02b010bd9b
:020000040000fa
:020000040004f6
:10f74000430003f109008128d8bf03f10800704786
:020000040000fa
:020000040004f6
:10f75000934201d0e9f758bd4ff0ff30704700bf2a
:020000040000fa
:020000040004f6
:10f7600001020406080a0c0e0f11131517191b1cb1
:020000040000fa
:020000040004f6
:10f77000b1f5804fa8bf4ff480410846704700bfe5
:020000040000fa
:020000040004f6
:10f780000300000004000000ffffffff0600000070
:020000040000fa
:020000040004f6
:10f790007365727665722066696e69736865640068
:020000040000fa
:020000040004f6
:10f7a000636c69656e742066696e69736865640070
:020000040000fa
:020000040004f6
:10f7b00008b50020e5f77cf9f4f7f6fdfce700bf9b
:020000040000fa
:020000040004f6
:10f7c000024bd86b003818bf0120704778ce00205c
:020000040000fa
:020000040004f6
:10f7d000024b186c003818bf0120704778ce00200b
:020000040000fa
:020000040004f6
:10f7e000024b1878003818bf012070471ad6002045
:020000040000fa
:020000040004f6
:10f7f00048f6b503c01ab0fa80f04009704700bf60
:020000040000fa
:020000040004f6
:10f80000024b186801301860704700bf90d5002087
:020000040000fa
:020000040004f6
:10f81000349e0000409e0000509e00005c9e000050
:020000040000fa
:020000040004f6
:10f8200008b5e4f70affe4f708ffe4f706ff08bdb0
:020000040000fa
:020000040004f6
:0ff830004452565f4d49494d5f5461736b7300ed
:020000040000fa
:020000040004f6
:0ff84000465f444e535f526561644e616d6500d3
:020000040000fa
:020000040004f6
:0ff85000465f444e53507574537472696e67006f
:020000040000fa
:020000040004f6
:0ff8600046435f43707472383250747231360011
:020000040000fa
:020000040004f6
:0ef870006b657920657870616e73696f6e004c
:020000040000fa
:020000040004f6
:0ef880006d6173746572207365637265740048
:020000040000fa
:020000040004f6
:0ef88e00a0f14103192b98bf40f020007047f5
:020000040000fa
:020000040004f6
:0ef89c00a0f16103192b98bf00f05f007047c8
:020000040000fa
:020000040004f6
:0df8ac00465f444e5347657444617461002b
:020000040000fa
:020000040004f6
:0cf8bc0008b1fef717bf6ff0ac007047fa
:020000040000fa
:020000040004f6
:0cf8c80000230222c0e906334280704792
:020000040000fa
:020000040004f6
:0cf8d400d5080400218a0400950f0400f0
:020000040000fa
:020000040004f6
:0cf8e000b1ef04003d350400c9f804003d
:020000040000fa
:020000040004f6
:0cf8ec009def0400ad900400f9c9040079
:020000040000fa
:020000040004f6
:0cf8f800d0f8ac3020225a61704700bfed
:020000040000fa
:020000040004f6
:0cf90400d0f8ac305869c0f340107047d8
:020000040000fa
:020000040004f6
:0cf91000d0f8ac30d3f80001704700bf05
:020000040000fa
:020000040004f6
:0cf91c00d0f8ac30d3f80401704700bff5
:020000040000fa
:020000040004f6
:0cf92800d0f8ac30d3f80801704700bfe5
:020000040000fa
:020000040004f6
:0cf93400d0f8ac30d3f80c01704700bfd5
:020000040000fa
:020000040004f6
:0cf94000d0f8ac30d3f81001704700bfc5
:020000040000fa
:020000040004f6
:0cf94c00d0f8ac30d3f81401704700bfb5
:020000040000fa
:020000040004f6
:0cf95800d0f8ac30d3f81801704700bfa5
:020000040000fa
:020000040004f6
:0cf96400d0f8ac30d3f81c01704700bf95
:020000040000fa
:020000040004f6
:0cf97000d0f8ac30d3f82001704700bf85
:020000040000fa
:020000040004f6
:0cf97c00d0f8ac30d3f82401704700bf75
:020000040000fa
:020000040004f6
:0cf98800d0f8ac30d3f82801704700bf65
:020000040000fa
:020000040004f6
:0cf99400d0f8ac30d3f82c01704700bf55
:020000040000fa
:020000040004f6
:0cf9a000d0f8ac30d3f83001704700bf45
:020000040000fa
:020000040004f6
:0cf9ac00d0f8ac30d3f83401704700bf35
:020000040000fa
:020000040004f6
:0cf9b800d0f8ac30d3f83801704700bf25
:020000040000fa
:020000040004f6
:0cf9c400d0f8ac30d3f83c01704700bf15
:020000040000fa
:020000040004f6
:0cf9d000d0f8ac30d3f84001704700bf05
:020000040000fa
:020000040004f6
:0cf9dc00d0f8ac30d3f84401704700bff5
:020000040000fa
:020000040004f6
:0cf9e800d0f8ac30d3f84801704700bfe5
:020000040000fa
:020000040004f6
:0cf9f400d0f8ac30d3f84c01704700bfd5
:020000040000fa
:020000040004f6
:0cfa0000d0f8ac30d3f85001704700bfc4
:020000040000fa
:020000040004f6
:0cfa0c00d0f8ac30d3f85401704700bfb4
:020000040000fa
:020000040004f6
:0cfa1800d0f8ac30d3f85801704700bfa4
:020000040000fa
:020000040004f6
:0cfa2400d0f8ac30d3f85c01704700bf94
:020000040000fa
:020000040004f6
:0cfa3000d0f8ac30d3f86001704700bf84
:020000040000fa
:020000040004f6
:0cfa3c00d0f8ac30d3f86401704700bf74
:020000040000fa
:020000040004f6
:0cfa4800d0f8ac30d3f86801704700bf64
:020000040000fa
:020000040004f6
:0cfa5400d0f8ac30d3f86c01704700bf54
:020000040000fa
:020000040004f6
:0cfa6000d0f8ac30d3f87001704700bf44
:020000040000fa
:020000040004f6
:0cfa6c00d0f8ac30d3f87401704700bf34
:020000040000fa
:020000040004f6
:0cfa7800d0f8ac30d3f87801704700bf24
:020000040000fa
:020000040004f6
:0cfa8400d0f8ac30d3f87c01704700bf14
:020000040000fa
:020000040004f6
:0cfa9000d0f8ac30d3f88001704700bf04
:020000040000fa
:020000040004f6
:0cfa9c00d0f8ac30d3f88401704700bff4
:020000040000fa
:020000040004f6
:0cfaa800d0f8ac30d3f88801704700bfe4
:020000040000fa
:020000040004f6
:0cfab400d0f8ac30d3f88c01704700bfd4
:020000040000fa
:020000040004f6
:0cfac000d0f8ac30d3f89001704700bfc4
:020000040000fa
:020000040004f6
:0cfacc00d0f8ac30d3f89401704700bfb4
:020000040000fa
:020000040004f6
:0cfad800d0f8ac30d3f89801704700bfa4
:020000040000fa
:020000040004f6
:0cfae400d0f8ac30d3f89c01704700bf94
:020000040000fa
:020000040004f6
:0cfaf000d0f8ac30d3f8a001704700bf84
:020000040000fa
:020000040004f6
:0cfafc00d0f8ac30d3f8a401704700bf74
:020000040000fa
:020000040004f6
:0cfb0800d0f8ac30d3f8a801704700bf63
:020000040000fa
:020000040004f6
:0cfb1400d0f8ac30d3f8ac01704700bf53
:020000040000fa
:020000040004f6
:0cfb2000d0f8ac30d3f8b001704700bf43
:020000040000fa
:020000040004f6
:0cfb2c0000f58050002380f8ca317047bb
:020000040000fa
:020000040004f6
:0cfb380043680120a3f8a610704700bf2e
:020000040000fa
:020000040004f6
:0cfb4400036843f010030360704700bf2b
:020000040000fa
:020000040004f6
:0cfb5000036823f010030360704700bf3f
:020000040000fa
:020000040004f6
:0cfb5c00806880f00400c0f38000704757
:020000040000fa
:020000040004f6
:0cfb6800014b93f81302704700bb002013
:020000040000fa
:020000040004f6
:0cfb7400014b1868704700bfbcd3002094
:020000040000fa
:020000040004f6
:0cfb80000ab1e8f7f3b91046704700bf67
:020000040000fa
:020000040004f6
:0cfb8c0088681368c01a18bf0120704779
:020000040000fa
:020000040004f6
:0cfb980018b1d0e90b329b1a180170471d
:020000040000fa
:020000040004f6
:0cfba4000023c0e900338360704700bffd
:020000040000fa
:020000040004f6
:0cfbb000014b1868704700bf7cd4002097
:020000040000fa
:020000040004f6
:0cfbbc00014b1888704700bfecd10020fe
:020000040000fa
:020000040004f6
:0cfbc80010b1406c00b14068704700bff5
:020000040000fa
:020000040004f6
:0cfbd40018b190f84200c0f38010704798
:020000040000fa
:020000040004f6
:0cfbe000b0f8420000f00700704700bfc2
:020000040000fa
:020000040004f6
:0cfbec00014b00221a60704784d40020f6
:020000040000fa
:020000040004f6
:0cfbf8001368cb6093880b82704700bf3d
:020000040000fa
:020000040004f6
:0cfc040008460c3011460622fdf7edbf4b
:020000040000fa
:020000040004f6
:0cfc1000014b9869704700bf00400041a4
:020000040000fa
:020000040004f6
:0cfc1c0003695a400a405a4002617047d8
:020000040000fa
:020000040004f6
:0cfc2800014b1862596270472cd000207c
:020000040000fa
:020000040004f6
:0cfc3400014b18605960704718d3002085
:020000040000fa
:020000040004f6
:0cfc4000014b5888fef7f2b9d4d4002024
:020000040000fa
:020000040004f6
:0cfc4c00014b5888704700bfe0d4002036
:020000040000fa
:020000040004f6
:0cfc5800014b1868704700bfdcd400208e
:020000040000fa
:020000040004f6
:0cfc6400014bd868704700bf88cf00201b
:020000040000fa
:020000040004f6
:0cfc7000014b00211b681847e8d400205d
:020000040000fa
:020000040004f6
:0cfc7c0000000000040000000000000078
:020000040000fa
:020000040004f6
:0cfc8800a801050010cd040000000000e1
:020000040000fa
:020000040004f6
:0cfc940010b1006900b10068704700bfab
:020000040000fa
:020000040004f6
:0cfca0006ff001030022faf775bb00bff3
:020000040000fa
:020000040004f6
:0cfcac000068b0fa80f04009704700bf0b
:020000040000fa
:020000040004f6
:0cfcb80018b10368596bfef775ba70476d
:020000040000fa
:020000040004f6
:0cfcc40058000000a10100009e0100009b
:020000040000fa
:020000040004f6
:0cfcd000014b93f83400704778ce002000
:020000040000fa
:020000040004f6
:0cfcdc00014b93f83800704778ce0020f0
:020000040000fa
:020000040004f6
:0cfce800014b1878704700bf17d60020b1
:020000040000fa
:020000040004f6
:0cfcf400014b1878704700bf22d600209a
:020000040000fa
:020000040004f6
:0cfd0000014b1878704700bf21d600208e
:020000040000fa
:020000040004f6
:0cfd0c0010b1d0f80e0000ba704700bf24
:020000040000fa
:020000040004f6
:0cfd1800f08d000071120300208e00002e
:020000040000fa
:020000040004f6
:0cfd24000c990000fd620100b49a000080
:020000040000fa
:020000040004f6
:0cfd300010b50446fff76cfb204610bd28
:020000040000fa
:020000040004f6
:0cfd3c0010b50446faf7f6ff204610bd93
:020000040000fa
:020000040004f6
:0cfd4800014b013818607047d8d500202e
:020000040000fa
:020000040004f6
:0cfd540013460a466ff00041f7f790ba22
:020000040000fa
:020000040004f6
:0bfd600046435f737072696e746600aa
:020000040000fa
:020000040004f6
:0afd6c000100800c000017000000e9
:020000040000fa
:020000040004f6
:0afd78002a864886f70d010c0103ee
:020000040000fa
:020000040004f6
:09fd84002a864886f70d01050de1
:020000040000fa
:020000040004f6
:09fd90002a864886f70d01050ad8
:020000040000fa
:020000040004f6
:09fd9c002a864886f70d010503d3
:020000040000fa
:020000040004f6
:09fda8002a864886f70d01050cbe
:020000040000fa
:020000040004f6
:09fdb4002b81051086483f000276
:020000040000fa
:020000040004f6
:09fdc00060864801650304012d71
:020000040000fa
:020000040004f6
:09fdcc0060864801650304011979
:020000040000fa
:020000040004f6
:09fdd80060864801650304010581
:020000040000fa
:020000040004f6
:09fde40060864801650304012f4b
:020000040000fa
:020000040004f6
:09fdf00060864801650304011b53
:020000040000fa
:020000040004f6
:09fdfc006086480165030401075b
:020000040000fa
:020000040004f6
:09fe080060864801650304012e27
:020000040000fa
:020000040004f6
:09fe140060864801650304011a2f
:020000040000fa
:020000040004f6
:09fe200060864801650304010637
:020000040000fa
:020000040004f6
:09fe2c0060864801650304012a07
:020000040000fa
:020000040004f6
:09fe38006086480165030401160f
:020000040000fa
:020000040004f6
:09fe440060864801650304010217
:020000040000fa
:020000040004f6
:09fe50002a864886f70d01010124
:020000040000fa
:020000040004f6
:09fe5c002a864886f70d01010b0e
:020000040000fa
:020000040004f6
:09fe68002a864886f70d01010eff
:020000040000fa
:020000040004f6
:09fe74002a864886f70d010105fc
:020000040000fa
:020000040004f6
:09fe80002a864886f70d010104f1
:020000040000fa
:020000040004f6
:09fe8c00608648016503040201cf
:020000040000fa
:020000040004f6
:09fe9800608648016503040204c0
:020000040000fa
:020000040004f6
:08fea40000487047a02526006c
:020000040000fa
:020000040004f6
:08feac00d0f8ac30586a704731
:020000040000fa
:020000040004f6
:08feb400d0f8ac309a627047ef
:020000040000fa
:020000040004f6
:08febc00d0f8ac30da627047a7
:020000040000fa
:020000040004f6
:08fec40090f99400704700bfa3
:020000040000fa
:020000040004f6
:08fecc006ff00500704700bf54
:020000040000fa
:020000040004f6
:08fed4006ff00500704700bf4c
:020000040000fa
:020000040004f6
:08fedc004368b3f8a800704769
:020000040000fa
:020000040004f6
:08fee400406b80b2704700bfc3
:020000040000fa
:020000040004f6
:08feec0013688b60704700bf32
:020000040000fa
:020000040004f6
:08fef40001460122d9f758bcb8
:020000040000fa
:020000040004f6
:08fefc0080691030704700bf5f
:020000040000fa
:020000040004f6
:08ff040080690c30704700bf5a
:020000040000fa
:020000040004f6
:08ff0c0008b1c06a0001704752
:020000040000fa
:020000040004f6
:08ff140008b1406b00017047c9
:020000040000fa
:020000040004f6
:08ff1c00086a1146fef7b7bfa9
:020000040000fa
:020000040004f6
:08ff24000022e5f773be00bfe7
:020000040000fa
:020000040004f6
:08ff2c000023e9f7ebbe00bf62
:020000040000fa
:020000040004f6
:08ff340000b12c30704700bf42
:020000040000fa
:020000040004f6
:08ff3c0008b103691847704782
:020000040000fa
:020000040004f6
:08ff440008b14369184770473a
:020000040000fa
:020000040004f6
:08ff4c0008b1836918477047f2
:020000040000fa
:020000040004f6
:08ff540008b1c36918477047aa
:020000040000fa
:020000040004f6
:08ff5c006ff00b00704700bfbd
:020000040000fa
:020000040004f6
:08ff640000487047defaadde33
:020000040000fa
:020000040004f6
:08ff6c000123e4f711bd00bf01
:020000040000fa
:020000040004f6
:08ff740003681868fef7b4be33
:020000040000fa
:020000040004f6
:08ff7c0003681868f8f754bc93
:020000040000fa
:020000040004f6
:08ff8400004870470087930359
:020000040000fa
:020000040004f6
:08ff8c004ff0ff30704700bf89
:020000040000fa
:020000040004f6
:08ff940008b5fbf729fd08bdcb
:020000040000fa
:020000040004f6
:08ff9c002ce604006b000000dc
:020000040000fa
:020000040004f6
:08ffa40001000000ece0040084
:020000040000fa
:020000040004f6
:08ffac000a000000000200023f
:020000040000fa
:020000040004f6
:08ffb4000a0000020000000039
:020000040000fa
:020000040004f6
:08ffbc000000000000080042f3
:020000040000fa
:020000040004f6
:08ffc400000000100000000025
:020000040000fa
:020000040004f6
:08ffcc0000000000000000200d
:020000040000fa
:020000040004f6
:08ffd4006ff48770704700bf55
:020000040000fa
:020000040004f6
:08ffdc0001215020fef7b0bb2b
:020000040000fa
:020000040004f6
:08ffe4002b06010505070309c6
:020000040000fa
:020000040004f6
:08ffec002b06010505070308bf
:020000040000fa
:020000040004f6
:08fff4002b06010505070304bb
:020000040000fa
:020000040004f6
:08fffc002b06010505070303b4
:020000040000fa
:020000040005f5
:080004002b06010505070302ac
:020000040000fa
:020000040005f5
:08000c002b06010505070301a5
:020000040000fa
:020000040005f5
:080014002b0601050507080495
:020000040000fa
:020000040005f5
:08001c002b0601050507300267
:020000040000fa
:020000040005f5
:080024002b0601050507300160
:020000040000fa
:020000040005f5
:08002c002b0601050507010187
:020000040000fa
:020000040005f5
:080034002a864886f70d030738
:020000040000fa
:020000040005f5
:08003c002a8648ce3d040302b0
:020000040000fa
:020000040005f5
:080044002a8648ce3d040301a9
:020000040000fa
:020000040005f5
:08004c002a864886f70d02091f
:020000040000fa
:020000040005f5
:080054002a864886f70d020818
:020000040000fa
:020000040005f5
:08005c002a864886f70d020513
:020000040000fa
:020000040005f5
:080064006ff00100704700bfbe
:020000040000fa
:020000040005f5
:08006c002a8648ce3d0301077e
:020000040000fa
:020000040005f5
:080074002a8648ce3d03010479
:020000040000fa
:020000040005f5
:08007c000123ddf7c9bd00bf3f
:020000040000fa
:020000040005f5
:0800840000b10068704700bfe5
:020000040000fa
:020000040005f5
:08008c0000000000ffffffff70
:020000040000fa
:020000040005f5
:0800940000b1816700207047f4
:020000040000fa
:020000040005f5
:08009c0008b1f8f71db8704728
:020000040000fa
:020000040005f5
:0800a40008b1d0f8b800704764
:020000040000fa
:020000040005f5
:0800ac000021f9f7f5ba00bfcd
:020000040000fa
:020000040005f5
:0800b4000021c1f757be00bf97
:020000040000fa
:020000040005f5
:0800bc0000b18164704700bf30
:020000040000fa
:020000040005f5
:0800c40000b1c164704700bfe8
:020000040000fa
:020000040005f5
:0800cc0000b10161704700bfa3
:020000040000fa
:020000040005f5
:0800d40000b14161704700bf5b
:020000040000fa
:020000040005f5
:0800dc004852000050520000e0
:020000040000fa
:020000040005f5
:0800e4000021dcf7e7ba00bfc0
:020000040000fa
:020000040005f5
:0800ec0083f00043d9f77cbc4e
:020000040000fa
:020000040005f5
:0700f4002a8648ce3d0201ff
:020000040000fa
:020000040005f5
:0700fc002a8648ce3d0401f5
:020000040000fa
:020000040005f5
:060104000180c2000000b2
:020000040000fa
:020000040005f5
:06010c002b8104010b0130
:020000040000fa
:020000040005f5
:060114002b8104010b0029
:020000040000fa
:020000040005f5
:05011c002b0e03020799
:020000040000fa
:020000040005f5
:050124002b0e03021a7e
:020000040000fa
:020000040005f5
:05012c002b81040023fb
:020000040000fa
:020000040005f5
:050134002b81040022f4
:020000040000fa
:020000040005f5
:05013c002b81040021ed
:020000040000fa
:020000040005f5
:05014400535256520069
:020000040000fa
:020000040005f5
:05014c00434c4e54007d
:020000040000fa
:020000040005f5
:05015400535256520059
:020000040000fa
:020000040005f5
:05015c00434c4e54006d
:020000040000fa
:020000040005f5
:0401640000207047c0
:020000040000fa
:020000040005f5
:04016800704700bf1d
:020000040000fa
:020000040005f5
:04016c0003681847c5
:020000040000fa
:020000040005f5
:040170004368184781
:020000040000fa
:020000040005f5
:04017400836818473d
:020000040000fa
:020000040005f5
:04017800c3681847f9
:020000040000fa
:020000040005f5
:04017c00fdf756be77
:020000040000fa
:020000040005f5
:040180000c20704798
:020000040000fa
:020000040005f5
:04018400704700bf01
:020000040000fa
:020000040005f5
:04018800006a704752
:020000040000fa
:020000040005f5
:04018c0081617047d6
:020000040000fa
:020000040005f5
:040190004161704712
:020000040000fa
:020000040005f5
:04019400012070478f
:020000040000fa
:020000040005f5
:04019800704700bfed
:020000040000fa
:020000040005f5
:04019c00fff766b84b
:020000040000fa
:020000040005f5
:0401a000fff76eb83f
:020000040000fa
:020000040005f5
:0401a4000000000057
:020000040000fa
:020000040005f5
:0401a8000cec040057
:020000040000fa
:020000040005f5
:0401ac000d00000042
:020000040000fa
:020000040005f5
:0401b0000200000049
:020000040000fa
:020000040005f5
:0401b400fee700bfa3
:020000040000fa
:020000040005f5
:0401b800fee700bf9f
:020000040000fa
:020000040005f5
:0401bc00fee700bf9b
:020000040000fa
:020000040005f5
:0401c000704700bfc5
:020000040000fa
:020000040005f5
:0401c400551d2500a0
:020000040000fa
:020000040005f5
:0401c800551d2000a1
:020000040000fa
:020000040005f5
:0401cc00704700bfb9
:020000040000fa
:020000040005f5
:0401d000f3f736b853
:020000040000fa
:020000040005f5
:0401d400f4f7e8bb99
:020000040000fa
:020000040005f5
:0401d800f7f798b9e4
:020000040000fa
:020000040005f5
:0401dc00e9f73cbf44
:020000040000fa
:020000040005f5
:0401e000f5f7a0bad5
:020000040000fa
:020000040005f5
:0401e400c7f784be17
:020000040000fa
:020000040005f5
:0401e800d3f7a4baeb
:020000040000fa
:020000040005f5
:0401ec00ebf72ab94a
:020000040000fa
:020000040005f5
:0401f000f6f7c6be9a
:020000040000fa
:020000040005f5
:0401f400f9f72cba31
:020000040000fa
:020000040005f5
:0401f800f3f7fcbd60
:020000040000fa
:020000040005f5
:0401fc00f3f760b8fd
:020000040000fa
:020000040005f5
:04020000e9f770b8f2
:020000040000fa
:020000040005f5
:04020400fbf79abcae
:020000040000fa
:020000040005f5
:04020800ecf722bf2e
:020000040000fa
:020000040005f5
:04020c000020704717
:020000040000fa
:020000040005f5
:040210000020704713
:020000040000fa
:020000040005f5
:04021400002070470f
:020000040000fa
:020000040005f5
:04021800002070470b
:020000040000fa
:020000040005f5
:04021c00704700bf68
:020000040000fa
:020000040005f5
:04022000704700bf64
:020000040000fa
:020000040005f5
:04022400704700bf60
:020000040000fa
:020000040005f5
:0402280000207047fb
:020000040000fa
:020000040005f5
:04022c0000207047f7
:020000040000fa
:020000040005f5
:04023000edf7d0b85e
:020000040000fa
:020000040005f5
:04023400fbf7c2ba58
:020000040000fa
:020000040005f5
:04023800fbf7c0ba56
:020000040000fa
:020000040005f5
:04023c0000de704729
:020000040000fa
:020000040005f5
:0402400000207047e3
:020000040000fa
:020000040005f5
:0402440000207047df
:020000040000fa
:020000040005f5
:0402480000207047db
:020000040000fa
:020000040005f5
:04024c00faf7cfbd31
:020000040000fa
:020000040005f5
:04025000704700bf34
:020000040000fa
:020000040005f5
:03025400551d1322
:020000040000fa
:020000040005f5
:03025800551d1120
:020000040000fa
:020000040005f5
:03025c00551d1f0e
:020000040000fa
:020000040005f5
:03026000551d2306
:020000040000fa
:020000040005f5
:03026400551d0e17
:020000040000fa
:020000040005f5
:03026800551d2001
:020000040000fa
:020000040005f5
:03026c00551d0f0e
:020000040000fa
:020000040005f5
:03027000551d36e3
:020000040000fa
:020000040005f5
:03027400551d25f0
:020000040000fa
:020000040005f5
:03027800551d1ef3
:020000040000fa
:0200000400807a
:044000003912003c35
:020000040000fa
:0200000400807a
:044004008000a82a66
:020000040000fa
:0200000400807a
:04400800ffffffffb8
:00000001FF
